distance,accuracy
1,0.6985157699443413
2,0.8205627705627705
3,0.9223376623376621
4,0.9691558441558445
5,0.9826839826839826
6,0.9928571428571429
7,1.0
