rank_position,accuracy
1,0.9454545454545454
2,0.8692022263450834
3,0.833209647495362
4,0.8243042671614099
5,0.8437847866419291
6,0.848237476808905
7,0.8569573283858996
8,0.9031539888682748
