distance,accuracy
1,0.7159554730983303
2,0.8662337662337659
3,0.9368831168831169
4,0.9785714285714289
5,0.9913419913419914
6,0.9967532467532467
7,0.9987012987012988
