rank_position,accuracy
1,0.9302411873840435
2,0.8929499072356215
3,0.8640074211502781
4,0.8586270871985154
5,0.8651205936920222
6,0.8619666048237474
7,0.8792207792207795
8,0.926159554730983
