distance,accuracy
1,0.5257936507936507
2,0.5203703703703704
3,0.5316666666666667
4,0.5305555555555557
5,0.5944444444444444
6,0.5680555555555556
7,0.577777777777778
