rank_position,accuracy
1,0.5519841269841269
2,0.5726190476190474
3,0.5174603174603174
4,0.5333333333333333
5,0.523015873015873
6,0.5198412698412699
7,0.5369047619047619
8,0.5535714285714286
