id,trial,block,film_choose_index,film_index_1,film_index_2,r_or_w
41,1,1,3,1,3,1
41,2,1,4,1,4,1
41,3,1,8,4,8,1
41,4,1,5,2,5,1
41,5,1,7,3,7,1
41,6,1,6,4,6,1
41,7,1,7,5,7,1
41,8,1,8,5,8,1
41,9,1,7,1,7,1
41,10,1,6,1,6,1
41,11,1,8,6,8,1
41,12,1,7,4,7,1
41,13,1,5,4,5,1
41,14,1,3,2,3,1
41,15,1,7,2,7,1
41,16,1,8,1,8,1
41,17,1,5,3,5,1
41,18,1,7,6,7,1
41,19,1,8,2,8,1
41,20,1,2,1,2,1
41,21,1,4,2,4,1
41,22,1,8,7,8,1
41,23,1,6,3,6,1
41,24,1,8,3,8,1
41,25,1,6,2,6,1
41,26,1,6,5,6,1
41,27,1,4,3,4,1
41,28,1,5,1,5,1
41,1,2,7,4,7,1
41,2,2,3,2,3,1
41,3,2,8,6,8,1
41,4,2,8,3,8,1
41,5,2,5,4,5,1
41,6,2,6,1,6,1
41,7,2,6,2,6,1
41,8,2,3,1,3,1
41,9,2,5,1,5,1
41,10,2,7,3,7,1
41,11,2,2,1,2,1
41,12,2,8,7,8,1
41,13,2,8,2,8,1
41,14,2,4,1,4,1
41,15,2,8,5,8,1
41,16,2,7,6,7,1
41,17,2,6,4,6,1
41,18,2,8,4,8,1
41,19,2,3,3,4,0
41,20,2,8,1,8,1
41,21,2,7,5,7,1
41,22,2,7,1,7,1
41,23,2,7,2,7,1
41,24,2,4,2,4,1
41,25,2,6,3,6,1
41,26,2,6,5,6,1
41,27,2,5,3,5,1
41,28,2,5,2,5,1
41,1,3,4,3,4,1
41,2,3,8,3,8,1
41,3,3,8,7,8,1
41,4,3,7,2,7,1
41,5,3,6,3,6,1
41,6,3,8,4,8,1
41,7,3,2,1,2,1
41,8,3,5,3,5,1
41,9,3,6,2,6,1
41,10,3,7,4,7,1
41,11,3,7,5,7,1
41,12,3,6,4,6,1
41,13,3,8,5,8,1
41,14,3,6,5,6,1
41,15,3,7,1,7,1
41,16,3,4,2,4,1
41,17,3,5,2,5,1
41,18,3,8,2,8,1
41,19,3,3,1,3,1
41,20,3,8,6,8,1
41,21,3,6,1,6,1
41,22,3,4,1,4,1
41,23,3,5,1,5,1
41,24,3,3,2,3,1
41,25,3,7,3,7,1
41,26,3,8,1,8,1
41,27,3,6,6,7,0
41,28,3,5,4,5,1
41,1,4,5,4,5,1
41,2,4,5,1,5,1
41,3,4,7,3,7,1
41,4,4,6,2,6,1
41,5,4,3,1,3,1
41,6,4,4,2,4,1
41,7,4,5,2,5,1
41,8,4,6,3,6,1
41,9,4,3,2,3,1
41,10,4,8,6,8,1
41,11,4,8,2,8,1
41,12,4,8,3,8,1
41,13,4,6,6,7,0
41,14,4,2,1,2,1
41,15,4,7,5,7,1
41,16,4,6,4,6,1
41,17,4,5,3,5,1
41,18,4,8,4,8,1
41,19,4,6,1,6,1
41,20,4,8,1,8,1
41,21,4,6,5,6,1
41,22,4,7,4,7,1
41,23,4,7,2,7,1
41,24,4,4,1,4,1
41,25,4,7,1,7,1
41,26,4,8,5,8,1
41,27,4,8,7,8,1
41,28,4,4,3,4,1
41,1,5,5,4,5,1
41,2,5,6,2,6,1
41,3,5,4,3,4,1
41,4,5,8,4,8,1
41,5,5,8,1,8,1
41,6,5,7,5,7,1
41,7,5,8,3,8,1
41,8,5,7,4,7,1
41,9,5,8,6,8,1
41,10,5,7,1,7,1
41,11,5,4,1,4,1
41,12,5,5,2,5,1
41,13,5,2,1,2,1
41,14,5,6,6,7,0
41,15,5,5,3,5,1
41,16,5,8,2,8,1
41,17,5,3,2,3,1
41,18,5,6,1,6,1
41,19,5,8,5,8,1
41,20,5,5,1,5,1
41,21,5,8,7,8,1
41,22,5,6,5,6,1
41,23,5,7,3,7,1
41,24,5,6,3,6,1
41,25,5,6,4,6,1
41,26,5,4,2,4,1
41,27,5,7,2,7,1
41,28,5,3,1,3,1
41,1,6,8,2,8,1
41,2,6,3,1,3,1
41,3,6,7,4,7,1
41,4,6,6,1,6,1
41,5,6,2,1,2,1
41,6,6,5,4,5,1
41,7,6,6,5,6,1
41,8,6,7,1,7,1
41,9,6,4,1,4,1
41,10,6,3,3,7,0
41,11,6,3,2,3,1
41,12,6,8,7,8,1
41,13,6,7,2,7,1
41,14,6,8,1,8,1
41,15,6,8,3,8,1
41,16,6,5,3,5,1
41,17,6,8,6,8,1
41,18,6,6,2,6,1
41,19,6,4,2,4,1
41,20,6,4,3,4,1
41,21,6,6,4,6,1
41,22,6,6,3,6,1
41,23,6,7,5,7,1
41,24,6,6,6,7,0
41,25,6,8,5,8,1
41,26,6,8,4,8,1
41,27,6,5,1,5,1
41,28,6,5,2,5,1
41,1,7,8,2,8,1
41,2,7,8,1,8,1
41,3,7,5,1,5,1
41,4,7,6,1,6,1
41,5,7,8,6,8,1
41,6,7,7,5,7,1
41,7,7,6,6,7,0
41,8,7,6,5,6,1
41,9,7,4,1,4,1
41,10,7,8,3,8,1
41,11,7,5,2,5,1
41,12,7,8,4,8,1
41,13,7,6,3,6,1
41,14,7,5,3,5,1
41,15,7,6,2,6,1
41,16,7,8,7,8,1
41,17,7,3,2,3,1
41,18,7,7,3,7,1
41,19,7,7,4,7,1
41,20,7,6,4,6,1
41,21,7,2,1,2,1
41,22,7,8,5,8,1
41,23,7,7,2,7,1
41,24,7,4,4,5,0
41,25,7,7,1,7,1
41,26,7,4,3,4,1
41,27,7,3,1,3,1
41,28,7,4,2,4,1
41,1,8,5,2,5,1
41,2,8,8,4,8,1
41,3,8,6,6,7,0
41,4,8,7,2,7,1
41,5,8,3,1,3,1
41,6,8,8,5,8,1
41,7,8,4,1,4,1
41,8,8,8,3,8,1
41,9,8,6,5,6,1
41,10,8,3,2,3,1
41,11,8,6,2,6,1
41,12,8,8,1,8,1
41,13,8,5,3,5,1
41,14,8,7,5,7,1
41,15,8,4,3,4,1
41,16,8,8,7,8,1
41,17,8,7,1,7,1
41,18,8,6,1,6,1
41,19,8,4,2,4,1
41,20,8,6,4,6,1
41,21,8,7,3,7,1
41,22,8,4,4,5,0
41,23,8,6,3,6,1
41,24,8,5,1,5,1
41,25,8,7,4,7,1
41,26,8,8,2,8,1
41,27,8,2,1,2,1
41,28,8,8,6,8,1
41,1,9,4,3,4,1
41,2,9,3,2,3,1
41,3,9,7,4,7,1
41,4,9,8,3,8,1
41,5,9,5,4,5,1
41,6,9,3,1,3,1
41,7,9,5,3,5,1
41,8,9,4,2,4,1
41,9,9,8,6,8,1
41,10,9,5,2,5,1
41,11,9,7,2,7,1
41,12,9,6,4,6,1
41,13,9,8,7,8,1
41,14,9,7,1,7,1
41,15,9,2,1,2,1
41,16,9,7,3,7,1
41,17,9,6,2,6,1
41,18,9,4,1,4,1
41,19,9,8,4,8,1
41,20,9,6,6,7,0
41,21,9,6,5,6,1
41,22,9,6,1,6,1
41,23,9,6,3,6,1
41,24,9,8,1,8,1
41,25,9,8,5,8,1
41,26,9,8,2,8,1
41,27,9,7,5,7,1
41,28,9,5,1,5,1
41,1,10,8,6,8,1
41,2,10,3,1,3,1
41,3,10,7,5,7,1
41,4,10,7,4,7,1
41,5,10,5,2,5,1
41,6,10,6,3,6,1
41,7,10,3,2,3,1
41,8,10,8,3,8,1
41,9,10,7,1,7,1
41,10,10,8,1,8,1
41,11,10,7,3,7,1
41,12,10,6,1,6,1
41,13,10,4,3,4,1
41,14,10,6,6,7,0
41,15,10,5,3,5,1
41,16,10,2,1,2,1
41,17,10,6,4,6,1
41,18,10,6,2,6,1
41,19,10,4,1,4,1
41,20,10,8,7,8,1
41,21,10,5,1,5,1
41,22,10,8,5,8,1
41,23,10,4,2,4,1
41,24,10,5,4,5,1
41,25,10,6,5,6,1
41,26,10,8,2,8,1
41,27,10,8,4,8,1
41,28,10,7,2,7,1
42,1,1,3,2,3,1
42,2,1,8,4,8,1
42,3,1,7,2,7,1
42,4,1,5,3,5,1
42,5,1,2,2,6,0
42,6,1,7,6,7,1
42,7,1,3,3,4,0
42,8,1,6,4,6,1
42,9,1,2,2,4,0
42,10,1,3,3,6,0
42,11,1,8,3,8,1
42,12,1,7,5,7,1
42,13,1,7,3,7,1
42,14,1,8,1,8,1
42,15,1,8,5,8,1
42,16,1,8,6,8,1
42,17,1,5,5,6,0
42,18,1,3,1,3,1
42,19,1,7,4,7,1
42,20,1,8,2,8,1
42,21,1,5,2,5,1
42,22,1,6,1,6,1
42,23,1,7,1,7,1
42,24,1,2,1,2,1
42,25,1,5,1,5,1
42,26,1,8,7,8,1
42,27,1,5,4,5,1
42,28,1,4,1,4,1
42,1,2,6,1,6,1
42,2,2,8,5,8,1
42,3,2,8,7,8,1
42,4,2,3,1,3,1
42,5,2,2,2,6,0
42,6,2,5,4,5,1
42,7,2,8,2,8,1
42,8,2,5,5,6,0
42,9,2,7,2,7,1
42,10,2,6,4,6,1
42,11,2,8,6,8,1
42,12,2,7,3,7,1
42,13,2,4,1,4,1
42,14,2,2,2,5,0
42,15,2,3,3,4,0
42,16,2,7,4,7,1
42,17,2,3,2,3,1
42,18,2,7,1,7,1
42,19,2,7,6,7,1
42,20,2,8,4,8,1
42,21,2,5,3,5,1
42,22,2,2,2,4,0
42,23,2,7,5,7,1
42,24,2,3,3,6,0
42,25,2,2,1,2,1
42,26,2,8,1,8,1
42,27,2,5,1,5,1
42,28,2,8,3,8,1
42,1,3,7,3,7,1
42,2,3,2,2,4,0
42,3,3,8,5,8,1
42,4,3,2,1,2,1
42,5,3,2,2,3,0
42,6,3,5,1,5,1
42,7,3,6,4,6,1
42,8,3,3,1,3,1
42,9,3,7,2,7,1
42,10,3,4,1,4,1
42,11,3,7,5,7,1
42,12,3,5,2,5,1
42,13,3,5,4,5,1
42,14,3,5,5,6,0
42,15,3,7,1,7,1
42,16,3,8,7,8,1
42,17,3,5,3,5,1
42,18,3,3,3,4,0
42,19,3,6,1,6,1
42,20,3,8,1,8,1
42,21,3,2,2,8,0
42,22,3,8,6,8,1
42,23,3,7,6,7,1
42,24,3,8,3,8,1
42,25,3,3,3,6,0
42,26,3,8,4,8,1
42,27,3,2,2,6,0
42,28,3,7,4,7,1
42,1,4,3,1,3,1
42,2,4,7,3,7,1
42,3,4,4,1,4,1
42,4,4,8,6,8,1
42,5,4,5,5,6,0
42,6,4,7,5,7,1
42,7,4,5,2,5,1
42,8,4,8,2,8,1
42,9,4,6,1,6,1
42,10,4,5,3,5,1
42,11,4,8,1,8,1
42,12,4,7,2,7,1
42,13,4,7,1,7,1
42,14,4,8,7,8,1
42,15,4,5,4,5,1
42,16,4,5,1,5,1
42,17,4,2,2,6,0
42,18,4,8,4,8,1
42,19,4,2,1,2,1
42,20,4,3,3,4,0
42,21,4,7,4,7,1
42,22,4,2,2,4,0
42,23,4,8,5,8,1
42,24,4,6,4,6,1
42,25,4,3,2,3,1
42,26,4,7,6,7,1
42,27,4,3,3,6,0
42,28,4,8,3,8,1
42,1,5,8,1,8,1
42,2,5,3,3,6,0
42,3,5,3,3,4,0
42,4,5,8,7,8,1
42,5,5,5,2,5,1
42,6,5,8,5,8,1
42,7,5,7,3,7,1
42,8,5,4,1,4,1
42,9,5,2,1,2,1
42,10,5,2,2,6,0
42,11,5,5,4,5,1
42,12,5,7,1,7,1
42,13,5,2,2,3,0
42,14,5,5,5,7,0
42,15,5,7,4,7,1
42,16,5,8,6,8,1
42,17,5,5,3,5,1
42,18,5,8,2,8,1
42,19,5,8,4,8,1
42,20,5,8,3,8,1
42,21,5,2,2,4,0
42,22,5,7,2,7,1
42,23,5,3,1,3,1
42,24,5,7,6,7,1
42,25,5,4,4,6,0
42,26,5,6,1,6,1
42,27,5,5,5,6,0
42,28,5,5,1,5,1
42,1,6,5,3,5,1
42,2,6,7,4,7,1
42,3,6,3,3,4,0
42,4,6,8,1,8,1
42,5,6,5,5,6,0
42,6,6,2,2,6,0
42,7,6,1,1,4,0
42,8,6,7,2,7,1
42,9,6,7,1,7,1
42,10,6,7,6,7,1
42,11,6,5,4,5,1
42,12,6,5,2,5,1
42,13,6,8,4,8,1
42,14,6,7,3,7,1
42,15,6,2,2,4,0
42,16,6,8,6,8,1
42,17,6,3,3,6,0
42,18,6,6,1,6,1
42,19,6,3,1,3,1
42,20,6,3,2,3,1
42,21,6,6,4,6,1
42,22,6,5,1,5,1
42,23,6,8,7,8,1
42,24,6,7,5,7,1
42,25,6,2,1,2,1
42,26,6,8,2,8,1
42,27,6,8,3,8,1
42,28,6,8,5,8,1
42,1,7,8,5,8,1
42,2,7,2,2,3,0
42,3,7,2,2,4,0
42,4,7,7,5,7,1
42,5,7,8,1,8,1
42,6,7,3,1,3,1
42,7,7,7,2,7,1
42,8,7,7,6,7,1
42,9,7,3,3,4,0
42,10,7,8,4,8,1
42,11,7,5,5,6,0
42,12,7,7,1,7,1
42,13,7,8,3,8,1
42,14,7,2,1,2,1
42,15,7,5,4,5,1
42,16,7,7,3,7,1
42,17,7,8,6,8,1
42,18,7,6,4,6,1
42,19,7,6,3,6,1
42,20,7,5,3,5,1
42,21,7,8,2,8,1
42,22,7,5,1,5,1
42,23,7,4,1,4,1
42,24,7,8,7,8,1
42,25,7,6,1,6,1
42,26,7,5,2,5,1
42,27,7,7,4,7,1
42,28,7,2,2,6,0
42,1,8,5,1,5,1
42,2,8,2,2,5,0
42,3,8,7,6,7,1
42,4,8,7,1,7,1
42,5,8,1,1,4,0
42,6,8,3,3,6,0
42,7,8,8,2,8,1
42,8,8,2,2,3,0
42,9,8,7,3,7,1
42,10,8,5,4,5,1
42,11,8,2,1,2,1
42,12,8,8,7,8,1
42,13,8,7,5,7,1
42,14,8,6,4,6,1
42,15,8,7,4,7,1
42,16,8,8,1,8,1
42,17,8,8,6,8,1
42,18,8,3,3,4,0
42,19,8,8,5,8,1
42,20,8,6,1,6,1
42,21,8,6,5,6,1
42,22,8,7,2,7,1
42,23,8,2,2,4,0
42,24,8,3,1,3,1
42,25,8,8,4,8,1
42,26,8,5,3,5,1
42,27,8,2,2,6,0
42,28,8,8,3,8,1
42,1,9,7,6,7,1
42,2,9,2,2,3,0
42,3,9,3,3,4,0
42,4,9,7,2,7,1
42,5,9,8,1,8,1
42,6,9,7,3,7,1
42,7,9,2,1,2,1
42,8,9,4,1,4,1
42,9,9,7,5,7,1
42,10,9,7,4,7,1
42,11,9,8,5,8,1
42,12,9,6,1,6,1
42,13,9,3,1,3,1
42,14,9,5,2,5,1
42,15,9,5,5,6,0
42,16,9,2,2,4,0
42,17,9,7,1,7,1
42,18,9,6,4,6,1
42,19,9,8,3,8,1
42,20,9,5,3,5,1
42,21,9,7,7,8,0
42,22,9,5,4,5,1
42,23,9,8,4,8,1
42,24,9,2,2,6,0
42,25,9,5,1,5,1
42,26,9,8,2,8,1
42,27,9,8,6,8,1
42,28,9,3,3,6,0
42,1,10,5,3,5,1
42,2,10,8,5,8,1
42,3,10,5,2,5,1
42,4,10,4,1,4,1
42,5,10,8,3,8,1
42,6,10,8,4,8,1
42,7,10,3,1,3,1
42,8,10,6,1,6,1
42,9,10,3,2,3,1
42,10,10,3,3,4,0
42,11,10,7,6,7,1
42,12,10,6,4,6,1
42,13,10,7,3,7,1
42,14,10,5,5,6,0
42,15,10,2,2,6,0
42,16,10,7,4,7,1
42,17,10,5,1,5,1
42,18,10,8,6,8,1
42,19,10,2,2,4,0
42,20,10,7,5,7,1
42,21,10,8,1,8,1
42,22,10,8,7,8,1
42,23,10,5,4,5,1
42,24,10,8,2,8,1
42,25,10,3,3,6,0
42,26,10,7,2,7,1
42,27,10,2,1,2,1
42,28,10,7,1,7,1
43,1,1,8,6,8,1
43,2,1,8,1,8,1
43,3,1,7,3,7,1
43,4,1,8,7,8,1
43,5,1,3,3,4,0
43,6,1,3,2,3,1
43,7,1,5,2,5,1
43,8,1,8,2,8,1
43,9,1,6,4,6,1
43,10,1,3,1,3,1
43,11,1,7,4,7,1
43,12,1,6,1,6,1
43,13,1,5,5,6,0
43,14,1,5,3,5,1
43,15,1,4,4,5,0
43,16,1,8,3,8,1
43,17,1,6,3,6,1
43,18,1,8,4,8,1
43,19,1,7,5,7,1
43,20,1,5,1,5,1
43,21,1,8,5,8,1
43,22,1,7,6,7,1
43,23,1,4,2,4,1
43,24,1,6,2,6,1
43,25,1,7,2,7,1
43,26,1,2,1,2,1
43,27,1,4,1,4,1
43,28,1,7,1,7,1
43,1,2,2,1,2,1
43,2,2,7,5,7,1
43,3,2,4,3,4,1
43,4,2,6,4,6,1
43,5,2,7,4,7,1
43,6,2,5,3,5,1
43,7,2,8,5,8,1
43,8,2,3,1,3,1
43,9,2,8,3,8,1
43,10,2,5,4,5,1
43,11,2,6,5,6,1
43,12,2,6,1,6,1
43,13,2,8,1,8,1
43,14,2,8,2,8,1
43,15,2,4,2,4,1
43,16,2,7,3,7,1
43,17,2,6,3,6,1
43,18,2,6,2,6,1
43,19,2,1,1,7,0
43,20,2,4,1,4,1
43,21,2,6,6,7,0
43,22,2,7,2,7,1
43,23,2,8,6,8,1
43,24,2,8,7,8,1
43,25,2,8,4,8,1
43,26,2,5,1,5,1
43,27,2,3,2,3,1
43,28,2,2,2,5,0
43,1,3,8,4,8,1
43,2,3,4,1,4,1
43,3,3,8,3,8,1
43,4,3,5,2,5,1
43,5,3,7,5,7,1
43,6,3,6,2,6,1
43,7,3,7,1,7,1
43,8,3,3,1,3,1
43,9,3,4,2,4,1
43,10,3,4,3,4,1
43,11,3,8,1,8,1
43,12,3,8,2,8,1
43,13,3,5,1,5,1
43,14,3,4,4,5,0
43,15,3,3,2,3,1
43,16,3,6,1,6,1
43,17,3,6,5,6,1
43,18,3,7,3,7,1
43,19,3,7,4,7,1
43,20,3,7,2,7,1
43,21,3,3,3,5,0
43,22,3,8,6,8,1
43,23,3,8,7,8,1
43,24,3,8,5,8,1
43,25,3,2,1,2,1
43,26,3,6,4,6,1
43,27,3,6,3,6,1
43,28,3,7,6,7,1
43,1,4,4,3,4,1
43,2,4,7,6,7,1
43,3,4,3,2,3,1
43,4,4,8,4,8,1
43,5,4,2,2,4,0
43,6,4,6,4,6,1
43,7,4,4,1,4,1
43,8,4,6,1,6,1
43,9,4,8,2,8,1
43,10,4,7,2,7,1
43,11,4,3,1,3,1
43,12,4,8,6,8,1
43,13,4,8,1,8,1
43,14,4,8,5,8,1
43,15,4,7,4,7,1
43,16,4,7,1,7,1
43,17,4,2,2,5,0
43,18,4,7,3,7,1
43,19,4,5,3,5,1
43,20,4,8,3,8,1
43,21,4,6,5,6,1
43,22,4,8,7,8,1
43,23,4,2,2,6,0
43,24,4,6,3,6,1
43,25,4,7,5,7,1
43,26,4,5,1,5,1
43,27,4,4,4,5,0
43,28,4,2,1,2,1
43,1,5,5,3,5,1
43,2,5,7,2,7,1
43,3,5,5,4,5,1
43,4,5,8,2,8,1
43,5,5,7,6,7,1
43,6,5,2,2,4,0
43,7,5,8,4,8,1
43,8,5,8,5,8,1
43,9,5,3,1,3,1
43,10,5,2,1,2,1
43,11,5,4,1,4,1
43,12,5,6,4,6,1
43,13,5,5,2,5,1
43,14,5,8,1,8,1
43,15,5,8,3,8,1
43,16,5,2,2,3,0
43,17,5,8,7,8,1
43,18,5,7,3,7,1
43,19,5,6,1,6,1
43,20,5,4,3,4,1
43,21,5,5,1,5,1
43,22,5,7,5,7,1
43,23,5,7,4,7,1
43,24,5,7,1,7,1
43,25,5,8,6,8,1
43,26,5,6,2,6,1
43,27,5,6,3,6,1
43,28,5,6,5,6,1
43,1,6,3,1,3,1
43,2,6,4,2,4,1
43,3,6,6,5,6,1
43,4,6,6,1,6,1
43,5,6,8,3,8,1
43,6,6,8,6,8,1
43,7,6,4,4,5,0
43,8,6,7,6,7,1
43,9,6,6,2,6,1
43,10,6,8,5,8,1
43,11,6,8,2,8,1
43,12,6,2,1,2,1
43,13,6,7,5,7,1
43,14,6,5,2,5,1
43,15,6,8,4,8,1
43,16,6,7,2,7,1
43,17,6,7,3,7,1
43,18,6,4,3,4,1
43,19,6,6,4,6,1
43,20,6,5,3,5,1
43,21,6,7,4,7,1
43,22,6,8,7,8,1
43,23,6,6,3,6,1
43,24,6,8,1,8,1
43,25,6,7,1,7,1
43,26,6,5,1,5,1
43,27,6,4,1,4,1
43,28,6,2,2,3,0
43,1,7,6,1,6,1
43,2,7,2,2,3,0
43,3,7,8,7,8,1
43,4,7,6,2,6,1
43,5,7,7,4,7,1
43,6,7,8,1,8,1
43,7,7,7,2,7,1
43,8,7,8,6,8,1
43,9,7,8,2,8,1
43,10,7,6,5,6,1
43,11,7,5,3,5,1
43,12,7,4,1,4,1
43,13,7,8,3,8,1
43,14,7,7,5,7,1
43,15,7,2,2,4,0
43,16,7,6,3,6,1
43,17,7,7,1,7,1
43,18,7,2,1,2,1
43,19,7,4,3,4,1
43,20,7,2,2,5,0
43,21,7,5,1,5,1
43,22,7,8,5,8,1
43,23,7,8,4,8,1
43,24,7,3,1,3,1
43,25,7,6,4,6,1
43,26,7,4,4,5,0
43,27,7,7,6,7,1
43,28,7,3,3,7,0
43,1,8,8,5,8,1
43,2,8,5,4,5,1
43,3,8,6,3,6,1
43,4,8,3,2,3,1
43,5,8,4,2,4,1
43,6,8,7,6,7,1
43,7,8,6,2,6,1
43,8,8,5,3,5,1
43,9,8,8,7,8,1
43,10,8,5,2,5,1
43,11,8,4,1,4,1
43,12,8,2,1,2,1
43,13,8,7,3,7,1
43,14,8,8,6,8,1
43,15,8,5,1,5,1
43,16,8,8,2,8,1
43,17,8,6,4,6,1
43,18,8,3,1,3,1
43,19,8,7,4,7,1
43,20,8,7,1,7,1
43,21,8,4,3,4,1
43,22,8,8,4,8,1
43,23,8,6,1,6,1
43,24,8,8,1,8,1
43,25,8,6,5,6,1
43,26,8,7,2,7,1
43,27,8,8,3,8,1
43,28,8,7,5,7,1
43,1,9,6,2,6,1
43,2,9,4,3,4,1
43,3,9,6,3,6,1
43,4,9,2,2,4,0
43,5,9,2,2,3,0
43,6,9,8,6,8,1
43,7,9,6,5,6,1
43,8,9,8,2,8,1
43,9,9,8,5,8,1
43,10,9,6,1,6,1
43,11,9,2,1,2,1
43,12,9,7,3,7,1
43,13,9,8,4,8,1
43,14,9,7,4,7,1
43,15,9,3,3,5,0
43,16,9,7,5,7,1
43,17,9,7,2,7,1
43,18,9,8,1,8,1
43,19,9,8,3,8,1
43,20,9,5,4,5,1
43,21,9,5,2,5,1
43,22,9,4,1,4,1
43,23,9,7,1,7,1
43,24,9,5,1,5,1
43,25,9,8,7,8,1
43,26,9,6,4,6,1
43,27,9,3,1,3,1
43,28,9,7,6,7,1
43,1,10,7,4,7,1
43,2,10,8,6,8,1
43,3,10,8,3,8,1
43,4,10,6,2,6,1
43,5,10,6,4,6,1
43,6,10,8,1,8,1
43,7,10,6,3,6,1
43,8,10,7,1,7,1
43,9,10,2,1,2,1
43,10,10,8,7,8,1
43,11,10,5,1,5,1
43,12,10,7,2,7,1
43,13,10,8,2,8,1
43,14,10,3,1,3,1
43,15,10,8,5,8,1
43,16,10,2,2,5,0
43,17,10,8,4,8,1
43,18,10,7,3,7,1
43,19,10,5,4,5,1
43,20,10,7,5,7,1
43,21,10,4,2,4,1
43,22,10,7,6,7,1
43,23,10,4,1,4,1
43,24,10,3,3,5,0
43,25,10,4,3,4,1
43,26,10,3,2,3,1
43,27,10,6,5,6,1
43,28,10,6,1,6,1
44,1,1,6,3,6,1
44,2,1,8,6,8,1
44,3,1,8,3,8,1
44,4,1,7,2,7,1
44,5,1,3,2,3,1
44,6,1,8,5,8,1
44,7,1,6,2,6,1
44,8,1,7,7,8,0
44,9,1,8,2,8,1
44,10,1,4,3,4,1
44,11,1,7,3,7,1
44,12,1,4,2,4,1
44,13,1,2,1,2,1
44,14,1,8,1,8,1
44,15,1,3,1,3,1
44,16,1,6,5,6,1
44,17,1,5,3,5,1
44,18,1,6,1,6,1
44,19,1,8,4,8,1
44,20,1,7,5,7,1
44,21,1,6,4,6,1
44,22,1,7,4,7,1
44,23,1,5,1,5,1
44,24,1,7,1,7,1
44,25,1,5,4,5,1
44,26,1,7,6,7,1
44,27,1,5,2,5,1
44,28,1,4,1,4,1
44,1,2,5,1,5,1
44,2,2,5,3,5,1
44,3,2,3,1,3,1
44,4,2,8,2,8,1
44,5,2,6,1,6,1
44,6,2,6,4,6,1
44,7,2,5,2,5,1
44,8,2,7,4,7,1
44,9,2,6,6,8,0
44,10,2,8,3,8,1
44,11,2,7,2,7,1
44,12,2,7,1,7,1
44,13,2,8,1,8,1
44,14,2,7,6,7,1
44,15,2,8,4,8,1
44,16,2,7,3,7,1
44,17,2,7,7,8,0
44,18,2,4,2,4,1
44,19,2,2,2,6,0
44,20,2,8,5,8,1
44,21,2,3,2,3,1
44,22,2,4,1,4,1
44,23,2,2,1,2,1
44,24,2,6,5,6,1
44,25,2,7,5,7,1
44,26,2,6,3,6,1
44,27,2,5,4,5,1
44,28,2,4,3,4,1
44,1,3,6,4,6,1
44,2,3,7,7,8,0
44,3,3,6,3,6,1
44,4,3,8,1,8,1
44,5,3,8,4,8,1
44,6,3,5,4,5,1
44,7,3,8,3,8,1
44,8,3,7,6,7,1
44,9,3,5,3,5,1
44,10,3,6,6,8,0
44,11,3,3,1,3,1
44,12,3,7,4,7,1
44,13,3,6,1,6,1
44,14,3,4,1,4,1
44,15,3,8,2,8,1
44,16,3,3,2,3,1
44,17,3,6,2,6,1
44,18,3,7,5,7,1
44,19,3,5,2,5,1
44,20,3,8,5,8,1
44,21,3,2,1,2,1
44,22,3,4,2,4,1
44,23,3,7,2,7,1
44,24,3,4,3,4,1
44,25,3,7,1,7,1
44,26,3,5,1,5,1
44,27,3,7,3,7,1
44,28,3,6,5,6,1
44,1,4,8,5,8,1
44,2,4,6,1,6,1
44,3,4,7,7,8,0
44,4,4,3,2,3,1
44,5,4,8,1,8,1
44,6,4,5,4,5,1
44,7,4,7,4,7,1
44,8,4,7,3,7,1
44,9,4,4,1,4,1
44,10,4,5,1,5,1
44,11,4,5,3,5,1
44,12,4,7,5,7,1
44,13,4,7,1,7,1
44,14,4,8,3,8,1
44,15,4,7,2,7,1
44,16,4,8,2,8,1
44,17,4,7,6,7,1
44,18,4,3,1,3,1
44,19,4,6,4,6,1
44,20,4,8,4,8,1
44,21,4,6,3,6,1
44,22,4,5,2,5,1
44,23,4,5,5,6,0
44,24,4,6,6,8,0
44,25,4,2,1,2,1
44,26,4,6,2,6,1
44,27,4,4,3,4,1
44,28,4,4,2,4,1
44,1,5,6,5,6,1
44,2,5,3,2,3,1
44,3,5,6,4,6,1
44,4,5,5,2,5,1
44,5,5,6,2,6,1
44,6,5,3,1,3,1
44,7,5,2,1,2,1
44,8,5,7,2,7,1
44,9,5,8,3,8,1
44,10,5,6,1,6,1
44,11,5,5,5,8,0
44,12,5,7,1,7,1
44,13,5,7,3,7,1
44,14,5,7,6,7,1
44,15,5,4,2,4,1
44,16,5,7,5,7,1
44,17,5,8,1,8,1
44,18,5,6,3,6,1
44,19,5,5,1,5,1
44,20,5,4,1,4,1
44,21,5,4,3,4,1
44,22,5,5,4,5,1
44,23,5,7,4,7,1
44,24,5,8,4,8,1
44,25,5,5,3,5,1
44,26,5,8,2,8,1
44,27,5,7,7,8,0
44,28,5,6,6,8,0
44,1,6,7,6,7,1
44,2,6,3,1,3,1
44,3,6,4,2,4,1
44,4,6,7,4,7,1
44,5,6,7,1,7,1
44,6,6,8,3,8,1
44,7,6,5,2,5,1
44,8,6,3,2,3,1
44,9,6,7,5,7,1
44,10,6,8,4,8,1
44,11,6,6,3,6,1
44,12,6,6,6,8,0
44,13,6,6,1,6,1
44,14,6,4,3,4,1
44,15,6,8,2,8,1
44,16,6,6,5,6,1
44,17,6,6,4,6,1
44,18,6,4,1,4,1
44,19,6,4,4,5,0
44,20,6,5,1,5,1
44,21,6,2,1,2,1
44,22,6,5,3,5,1
44,23,6,8,5,8,1
44,24,6,7,7,8,0
44,25,6,7,3,7,1
44,26,6,8,1,8,1
44,27,6,7,2,7,1
44,28,6,6,2,6,1
44,1,7,7,5,7,1
44,2,7,4,1,4,1
44,3,7,3,2,3,1
44,4,7,8,2,8,1
44,5,7,7,7,8,0
44,6,7,6,4,6,1
44,7,7,5,3,5,1
44,8,7,2,1,2,1
44,9,7,6,3,6,1
44,10,7,6,2,6,1
44,11,7,5,2,5,1
44,12,7,8,1,8,1
44,13,7,7,3,7,1
44,14,7,7,1,7,1
44,15,7,8,4,8,1
44,16,7,7,6,7,1
44,17,7,7,4,7,1
44,18,7,7,2,7,1
44,19,7,4,3,4,1
44,20,7,6,6,8,0
44,21,7,4,4,5,0
44,22,7,4,2,4,1
44,23,7,5,1,5,1
44,24,7,3,1,3,1
44,25,7,6,5,6,1
44,26,7,8,3,8,1
44,27,7,6,1,6,1
44,28,7,8,5,8,1
44,1,8,7,3,7,1
44,2,8,5,3,5,1
44,3,8,7,5,7,1
44,4,8,8,4,8,1
44,5,8,7,2,7,1
44,6,8,6,3,6,1
44,7,8,2,1,2,1
44,8,8,6,4,6,1
44,9,8,7,6,7,1
44,10,8,8,2,8,1
44,11,8,5,2,5,1
44,12,8,6,6,8,0
44,13,8,4,2,4,1
44,14,8,7,1,7,1
44,15,8,7,7,8,0
44,16,8,6,5,6,1
44,17,8,3,2,3,1
44,18,8,8,3,8,1
44,19,8,4,1,4,1
44,20,8,3,1,3,1
44,21,8,6,1,6,1
44,22,8,7,4,7,1
44,23,8,4,3,4,1
44,24,8,6,2,6,1
44,25,8,5,4,5,1
44,26,8,8,1,8,1
44,27,8,8,5,8,1
44,28,8,5,1,5,1
44,1,9,5,2,5,1
44,2,9,3,1,3,1
44,3,9,7,3,7,1
44,4,9,5,1,5,1
44,5,9,3,2,3,1
44,6,9,7,6,7,1
44,7,9,8,4,8,1
44,8,9,6,2,6,1
44,9,9,6,1,6,1
44,10,9,7,4,7,1
44,11,9,4,2,4,1
44,12,9,2,1,2,1
44,13,9,8,3,8,1
44,14,9,6,3,6,1
44,15,9,5,4,5,1
44,16,9,8,2,8,1
44,17,9,4,3,4,1
44,18,9,7,7,8,0
44,19,9,7,1,7,1
44,20,9,8,5,8,1
44,21,9,6,4,6,1
44,22,9,7,2,7,1
44,23,9,8,1,8,1
44,24,9,4,1,4,1
44,25,9,6,5,6,1
44,26,9,6,6,8,0
44,27,9,7,5,7,1
44,28,9,5,3,5,1
44,1,10,4,1,4,1
44,2,10,7,1,7,1
44,3,10,7,5,7,1
44,4,10,7,3,7,1
44,5,10,8,5,8,1
44,6,10,7,7,8,0
44,7,10,4,3,4,1
44,8,10,7,4,7,1
44,9,10,6,2,6,1
44,10,10,8,2,8,1
44,11,10,5,1,5,1
44,12,10,8,1,8,1
44,13,10,6,3,6,1
44,14,10,8,4,8,1
44,15,10,6,6,8,0
44,16,10,3,2,3,1
44,17,10,7,2,7,1
44,18,10,6,5,6,1
44,19,10,5,4,5,1
44,20,10,5,2,5,1
44,21,10,5,3,5,1
44,22,10,8,3,8,1
44,23,10,7,6,7,1
44,24,10,3,1,3,1
44,25,10,6,1,6,1
44,26,10,2,1,2,1
44,27,10,4,2,4,1
44,28,10,6,4,6,1
45,1,1,6,5,6,1
45,2,1,5,4,5,1
45,3,1,7,1,7,1
45,4,1,5,2,5,1
45,5,1,8,7,8,1
45,6,1,4,2,4,1
45,7,1,4,1,4,1
45,8,1,8,3,8,1
45,9,1,7,2,7,1
45,10,1,3,1,3,1
45,11,1,4,3,4,1
45,12,1,8,6,8,1
45,13,1,8,2,8,1
45,14,1,8,4,8,1
45,15,1,7,5,7,1
45,16,1,6,2,6,1
45,17,1,5,1,5,1
45,18,1,2,1,2,1
45,19,1,7,3,7,1
45,20,1,8,1,8,1
45,21,1,8,5,8,1
45,22,1,3,2,3,1
45,23,1,6,1,6,1
45,24,1,6,3,6,1
45,25,1,6,4,6,1
45,26,1,5,3,5,1
45,27,1,6,6,7,0
45,28,1,7,4,7,1
45,1,2,6,1,6,1
45,2,2,6,4,6,1
45,3,2,3,1,3,1
45,4,2,7,1,7,1
45,5,2,6,3,6,1
45,6,2,4,3,4,1
45,7,2,8,1,8,1
45,8,2,5,2,5,1
45,9,2,7,5,7,1
45,10,2,8,4,8,1
45,11,2,6,2,6,1
45,12,2,8,2,8,1
45,13,2,5,1,5,1
45,14,2,8,6,8,1
45,15,2,7,3,7,1
45,16,2,7,2,7,1
45,17,2,5,5,6,0
45,18,2,5,3,5,1
45,19,2,5,4,5,1
45,20,2,4,4,7,0
45,21,2,2,1,2,1
45,22,2,3,2,3,1
45,23,2,4,1,4,1
45,24,2,8,5,8,1
45,25,2,8,3,8,1
45,26,2,8,7,8,1
45,27,2,4,2,4,1
45,28,2,6,6,7,0
45,1,3,7,5,7,1
45,2,3,6,1,6,1
45,3,3,4,2,4,1
45,4,3,6,3,6,1
45,5,3,3,2,3,1
45,6,3,4,1,4,1
45,7,3,5,3,5,1
45,8,3,7,1,7,1
45,9,3,3,1,3,1
45,10,3,6,2,6,1
45,11,3,1,1,2,0
45,12,3,4,3,4,1
45,13,3,7,2,7,1
45,14,3,8,7,8,1
45,15,3,6,6,7,0
45,16,3,8,5,8,1
45,17,3,4,4,7,0
45,18,3,8,3,8,1
45,19,3,5,1,5,1
45,20,3,5,5,6,0
45,21,3,8,4,8,1
45,22,3,6,4,6,1
45,23,3,8,2,8,1
45,24,3,8,1,8,1
45,25,3,8,6,8,1
45,26,3,5,4,5,1
45,27,3,5,2,5,1
45,28,3,7,3,7,1
45,1,4,6,1,6,1
45,2,4,3,3,6,0
45,3,4,5,5,7,0
45,4,4,5,1,5,1
45,5,4,8,7,8,1
45,6,4,8,5,8,1
45,7,4,3,2,3,1
45,8,4,8,2,8,1
45,9,4,1,1,2,0
45,10,4,6,4,6,1
45,11,4,3,1,3,1
45,12,4,8,1,8,1
45,13,4,4,1,4,1
45,14,4,7,2,7,1
45,15,4,5,3,5,1
45,16,4,8,4,8,1
45,17,4,4,3,4,1
45,18,4,7,1,7,1
45,19,4,5,2,5,1
45,20,4,8,3,8,1
45,21,4,4,4,5,0
45,22,4,6,2,6,1
45,23,4,4,2,4,1
45,24,4,7,3,7,1
45,25,4,6,6,7,0
45,26,4,8,6,8,1
45,27,4,4,4,7,0
45,28,4,6,5,6,1
45,1,5,6,1,6,1
45,2,5,8,5,8,1
45,3,5,5,2,5,1
45,4,5,7,1,7,1
45,5,5,5,4,5,1
45,6,5,3,2,3,1
45,7,5,8,1,8,1
45,8,5,7,3,7,1
45,9,5,4,1,4,1
45,10,5,2,1,2,1
45,11,5,8,7,8,1
45,12,5,4,2,4,1
45,13,5,6,3,6,1
45,14,5,8,6,8,1
45,15,5,5,5,7,0
45,16,5,6,4,6,1
45,17,5,1,1,3,0
45,18,5,6,5,6,1
45,19,5,8,4,8,1
45,20,5,5,3,5,1
45,21,5,8,3,8,1
45,22,5,5,1,5,1
45,23,5,4,3,4,1
45,24,5,7,4,7,1
45,25,5,8,2,8,1
45,26,5,7,2,7,1
45,27,5,6,6,7,0
45,28,5,6,2,6,1
45,1,6,6,3,6,1
45,2,6,6,6,7,0
45,3,6,8,4,8,1
45,4,6,6,1,6,1
45,5,6,7,4,7,1
45,6,6,8,7,8,1
45,7,6,4,2,4,1
45,8,6,5,4,5,1
45,9,6,5,2,5,1
45,10,6,8,5,8,1
45,11,6,2,2,3,0
45,12,6,6,2,6,1
45,13,6,7,1,7,1
45,14,6,4,1,4,1
45,15,6,8,6,8,1
45,16,6,7,3,7,1
45,17,6,7,5,7,1
45,18,6,5,1,5,1
45,19,6,8,3,8,1
45,20,6,6,4,6,1
45,21,6,3,1,3,1
45,22,6,8,2,8,1
45,23,6,2,1,2,1
45,24,6,5,3,5,1
45,25,6,7,2,7,1
45,26,6,8,1,8,1
45,27,6,6,5,6,1
45,28,6,4,3,4,1
45,1,7,2,1,2,1
45,2,7,3,2,3,1
45,3,7,5,3,5,1
45,4,7,7,5,7,1
45,5,7,5,1,5,1
45,6,7,8,4,8,1
45,7,7,6,3,6,1
45,8,7,4,4,5,0
45,9,7,6,5,6,1
45,10,7,6,4,6,1
45,11,7,4,1,4,1
45,12,7,3,1,3,1
45,13,7,7,3,7,1
45,14,7,7,4,7,1
45,15,7,8,3,8,1
45,16,7,5,2,5,1
45,17,7,4,2,4,1
45,18,7,8,6,8,1
45,19,7,7,1,7,1
45,20,7,8,5,8,1
45,21,7,4,3,4,1
45,22,7,8,7,8,1
45,23,7,8,2,8,1
45,24,7,6,6,7,0
45,25,7,6,1,6,1
45,26,7,8,1,8,1
45,27,7,6,2,6,1
45,28,7,7,2,7,1
45,1,8,7,2,7,1
45,2,8,6,1,6,1
45,3,8,8,5,8,1
45,4,8,6,6,7,0
45,5,8,5,1,5,1
45,6,8,5,4,5,1
45,7,8,2,1,2,1
45,8,8,7,3,7,1
45,9,8,1,1,3,0
45,10,8,8,2,8,1
45,11,8,6,3,6,1
45,12,8,6,4,6,1
45,13,8,7,5,7,1
45,14,8,8,1,8,1
45,15,8,4,3,4,1
45,16,8,4,1,4,1
45,17,8,8,6,8,1
45,18,8,5,3,5,1
45,19,8,4,2,4,1
45,20,8,5,2,5,1
45,21,8,3,2,3,1
45,22,8,7,1,7,1
45,23,8,7,4,7,1
45,24,8,6,2,6,1
45,25,8,8,4,8,1
45,26,8,8,3,8,1
45,27,8,6,5,6,1
45,28,8,8,7,8,1
45,1,9,8,4,8,1
45,2,9,4,4,5,0
45,3,9,6,6,7,0
45,4,9,1,1,2,0
45,5,9,6,5,6,1
45,6,9,5,1,5,1
45,7,9,7,2,7,1
45,8,9,8,1,8,1
45,9,9,3,1,3,1
45,10,9,7,1,7,1
45,11,9,5,2,5,1
45,12,9,8,5,8,1
45,13,9,8,7,8,1
45,14,9,5,3,5,1
45,15,9,6,3,6,1
45,16,9,8,6,8,1
45,17,9,4,1,4,1
45,18,9,8,3,8,1
45,19,9,4,3,4,1
45,20,9,7,4,7,1
45,21,9,7,3,7,1
45,22,9,6,1,6,1
45,23,9,4,2,4,1
45,24,9,8,2,8,1
45,25,9,6,4,6,1
45,26,9,5,5,7,0
45,27,9,3,2,3,1
45,28,9,6,2,6,1
45,1,10,6,6,7,0
45,2,10,6,5,6,1
45,3,10,1,1,2,0
45,4,10,4,1,4,1
45,5,10,7,1,7,1
45,6,10,5,5,7,0
45,7,10,6,3,6,1
45,8,10,8,4,8,1
45,9,10,5,3,5,1
45,10,10,8,6,8,1
45,11,10,6,1,6,1
45,12,10,5,1,5,1
45,13,10,7,3,7,1
45,14,10,5,2,5,1
45,15,10,6,2,6,1
45,16,10,8,2,8,1
45,17,10,6,4,6,1
45,18,10,8,5,8,1
45,19,10,4,3,4,1
45,20,10,3,2,3,1
45,21,10,7,2,7,1
45,22,10,7,4,7,1
45,23,10,4,2,4,1
45,24,10,8,7,8,1
45,25,10,8,1,8,1
45,26,10,3,1,3,1
45,27,10,5,4,5,1
45,28,10,8,3,8,1
46,1,1,6,2,6,1
46,2,1,8,7,8,1
46,3,1,8,2,8,1
46,4,1,7,1,7,1
46,5,1,6,4,6,1
46,6,1,5,4,5,1
46,7,1,7,2,7,1
46,8,1,8,4,8,1
46,9,1,7,3,7,1
46,10,1,5,5,7,0
46,11,1,2,1,2,1
46,12,1,5,2,5,1
46,13,1,8,1,8,1
46,14,1,8,3,8,1
46,15,1,3,2,3,1
46,16,1,7,4,7,1
46,17,1,6,6,7,0
46,18,1,8,5,8,1
46,19,1,8,6,8,1
46,20,1,6,3,6,1
46,21,1,5,3,5,1
46,22,1,4,3,4,1
46,23,1,4,2,4,1
46,24,1,6,5,6,1
46,25,1,4,1,4,1
46,26,1,3,1,3,1
46,27,1,6,1,6,1
46,28,1,5,1,5,1
46,1,2,8,3,8,1
46,2,2,7,1,7,1
46,3,2,6,5,6,1
46,4,2,5,3,5,1
46,5,2,8,4,8,1
46,6,2,8,7,8,1
46,7,2,4,1,4,1
46,8,2,3,2,3,1
46,9,2,5,4,5,1
46,10,2,5,2,5,1
46,11,2,6,4,6,1
46,12,2,3,1,3,1
46,13,2,7,4,7,1
46,14,2,7,6,7,1
46,15,2,7,3,7,1
46,16,2,5,5,7,0
46,17,2,6,3,6,1
46,18,2,2,1,2,1
46,19,2,5,1,5,1
46,20,2,6,2,6,1
46,21,2,7,2,7,1
46,22,2,6,1,6,1
46,23,2,8,2,8,1
46,24,2,8,5,8,1
46,25,2,4,2,4,1
46,26,2,4,3,4,1
46,27,2,8,6,8,1
46,28,2,8,1,8,1
46,1,3,7,6,7,1
46,2,3,3,1,3,1
46,3,3,8,3,8,1
46,4,3,5,5,7,0
46,5,3,7,4,7,1
46,6,3,5,1,5,1
46,7,3,3,2,3,1
46,8,3,7,2,7,1
46,9,3,5,4,5,1
46,10,3,8,6,8,1
46,11,3,6,5,6,1
46,12,3,7,3,7,1
46,13,3,8,4,8,1
46,14,3,6,2,6,1
46,15,3,5,3,5,1
46,16,3,6,1,6,1
46,17,3,8,2,8,1
46,18,3,5,2,5,1
46,19,3,4,2,4,1
46,20,3,4,3,4,1
46,21,3,6,3,6,1
46,22,3,8,5,8,1
46,23,3,4,1,4,1
46,24,3,6,4,6,1
46,25,3,2,1,2,1
46,26,3,7,1,7,1
46,27,3,8,7,8,1
46,28,3,8,1,8,1
46,1,4,3,2,3,1
46,2,4,8,5,8,1
46,3,4,6,1,6,1
46,4,4,8,4,8,1
46,5,4,5,4,5,1
46,6,4,8,7,8,1
46,7,4,8,2,8,1
46,8,4,4,3,4,1
46,9,4,5,2,5,1
46,10,4,8,6,8,1
46,11,4,6,6,7,0
46,12,4,5,5,7,0
46,13,4,8,3,8,1
46,14,4,7,1,7,1
46,15,4,3,1,3,1
46,16,4,6,3,6,1
46,17,4,6,4,6,1
46,18,4,5,3,5,1
46,19,4,7,2,7,1
46,20,4,5,1,5,1
46,21,4,6,5,6,1
46,22,4,6,2,6,1
46,23,4,7,4,7,1
46,24,4,7,3,7,1
46,25,4,2,1,2,1
46,26,4,4,2,4,1
46,27,4,4,1,4,1
46,28,4,8,1,8,1
46,1,5,7,1,7,1
46,2,5,8,7,8,1
46,3,5,5,2,5,1
46,4,5,6,2,6,1
46,5,5,6,1,6,1
46,6,5,7,2,7,1
46,7,5,8,1,8,1
46,8,5,6,3,6,1
46,9,5,5,4,5,1
46,10,5,3,1,3,1
46,11,5,6,4,6,1
46,12,5,7,4,7,1
46,13,5,6,6,7,0
46,14,5,5,1,5,1
46,15,5,8,3,8,1
46,16,5,6,5,6,1
46,17,5,8,6,8,1
46,18,5,5,3,5,1
46,19,5,3,3,4,0
46,20,5,4,2,4,1
46,21,5,2,1,2,1
46,22,5,8,5,8,1
46,23,5,5,5,7,0
46,24,5,3,2,3,1
46,25,5,8,4,8,1
46,26,5,8,2,8,1
46,27,5,4,1,4,1
46,28,5,7,3,7,1
46,1,6,3,1,3,1
46,2,6,6,2,6,1
46,3,6,3,2,3,1
46,4,6,6,3,6,1
46,5,6,5,4,5,1
46,6,6,5,5,7,0
46,7,6,5,3,5,1
46,8,6,7,4,7,1
46,9,6,4,3,4,1
46,10,6,8,4,8,1
46,11,6,8,3,8,1
46,12,6,8,6,8,1
46,13,6,6,5,6,1
46,14,6,7,2,7,1
46,15,6,4,2,4,1
46,16,6,6,6,7,0
46,17,6,6,4,6,1
46,18,6,5,2,5,1
46,19,6,5,1,5,1
46,20,6,7,1,7,1
46,21,6,8,5,8,1
46,22,6,8,7,8,1
46,23,6,7,3,7,1
46,24,6,4,1,4,1
46,25,6,8,1,8,1
46,26,6,6,1,6,1
46,27,6,2,1,2,1
46,28,6,8,2,8,1
46,1,7,7,1,7,1
46,2,7,5,4,5,1
46,3,7,7,4,7,1
46,4,7,8,4,8,1
46,5,7,6,3,6,1
46,6,7,8,5,8,1
46,7,7,7,3,7,1
46,8,7,6,6,7,0
46,9,7,5,1,5,1
46,10,7,2,1,2,1
46,11,7,8,7,8,1
46,12,7,8,2,8,1
46,13,7,3,2,3,1
46,14,7,5,5,7,0
46,15,7,6,1,6,1
46,16,7,8,1,8,1
46,17,7,4,1,4,1
46,18,7,6,5,6,1
46,19,7,5,3,5,1
46,20,7,3,3,4,0
46,21,7,4,2,4,1
46,22,7,5,2,5,1
46,23,7,6,4,6,1
46,24,7,8,3,8,1
46,25,7,7,2,7,1
46,26,7,3,1,3,1
46,27,7,6,2,6,1
46,28,7,8,6,8,1
46,1,8,8,5,8,1
46,2,8,8,1,8,1
46,3,8,4,1,4,1
46,4,8,8,2,8,1
46,5,8,3,2,3,1
46,6,8,4,3,4,1
46,7,8,6,5,6,1
46,8,8,8,6,8,1
46,9,8,6,2,6,1
46,10,8,8,3,8,1
46,11,8,6,1,6,1
46,12,8,7,2,7,1
46,13,8,3,1,3,1
46,14,8,7,4,7,1
46,15,8,8,7,8,1
46,16,8,2,1,2,1
46,17,8,6,3,6,1
46,18,8,8,4,8,1
46,19,8,6,4,6,1
46,20,8,5,1,5,1
46,21,8,5,5,7,0
46,22,8,7,1,7,1
46,23,8,6,6,7,0
46,24,8,5,4,5,1
46,25,8,5,3,5,1
46,26,8,5,2,5,1
46,27,8,7,3,7,1
46,28,8,4,2,4,1
46,1,9,8,7,8,1
46,2,9,8,3,8,1
46,3,9,8,5,8,1
46,4,9,4,1,4,1
46,5,9,5,5,7,0
46,6,9,7,4,7,1
46,7,9,6,1,6,1
46,8,9,7,2,7,1
46,9,9,6,4,6,1
46,10,9,5,2,5,1
46,11,9,3,2,3,1
46,12,9,6,2,6,1
46,13,9,8,2,8,1
46,14,9,3,1,3,1
46,15,9,2,1,2,1
46,16,9,8,1,8,1
46,17,9,7,3,7,1
46,18,9,4,3,4,1
46,19,9,5,3,5,1
46,20,9,6,3,6,1
46,21,9,5,4,5,1
46,22,9,7,1,7,1
46,23,9,8,6,8,1
46,24,9,8,4,8,1
46,25,9,5,1,5,1
46,26,9,4,2,4,1
46,27,9,6,6,7,0
46,28,9,6,5,6,1
46,1,10,6,3,6,1
46,2,10,3,1,3,1
46,3,10,5,3,5,1
46,4,10,8,7,8,1
46,5,10,8,2,8,1
46,6,10,7,1,7,1
46,7,10,8,3,8,1
46,8,10,5,4,5,1
46,9,10,7,4,7,1
46,10,10,4,2,4,1
46,11,10,8,1,8,1
46,12,10,5,1,5,1
46,13,10,6,6,7,0
46,14,10,8,6,8,1
46,15,10,5,2,5,1
46,16,10,2,1,2,1
46,17,10,5,5,7,0
46,18,10,6,2,6,1
46,19,10,8,4,8,1
46,20,10,3,2,3,1
46,21,10,4,3,4,1
46,22,10,6,1,6,1
46,23,10,7,2,7,1
46,24,10,4,1,4,1
46,25,10,8,5,8,1
46,26,10,7,3,7,1
46,27,10,6,4,6,1
46,28,10,6,5,6,1
47,1,1,5,4,5,1
47,2,1,8,7,8,1
47,3,1,3,2,3,1
47,4,1,5,2,5,1
47,5,1,3,3,4,0
47,6,1,5,5,6,0
47,7,1,7,4,7,1
47,8,1,6,2,6,1
47,9,1,8,2,8,1
47,10,1,6,4,6,1
47,11,1,8,1,8,1
47,12,1,6,1,6,1
47,13,1,7,2,7,1
47,14,1,8,5,8,1
47,15,1,4,1,4,1
47,16,1,7,6,7,1
47,17,1,8,3,8,1
47,18,1,7,1,7,1
47,19,1,8,4,8,1
47,20,1,7,3,7,1
47,21,1,7,5,7,1
47,22,1,8,6,8,1
47,23,1,4,2,4,1
47,24,1,5,1,5,1
47,25,1,3,3,6,0
47,26,1,3,1,3,1
47,27,1,5,3,5,1
47,28,1,2,1,2,1
47,1,2,4,1,4,1
47,2,2,4,2,4,1
47,3,2,8,6,8,1
47,4,2,7,1,7,1
47,5,2,3,1,3,1
47,6,2,8,2,8,1
47,7,2,5,4,5,1
47,8,2,3,2,3,1
47,9,2,8,7,8,1
47,10,2,6,1,6,1
47,11,2,8,4,8,1
47,12,2,6,4,6,1
47,13,2,7,2,7,1
47,14,2,7,3,7,1
47,15,2,5,5,6,0
47,16,2,8,3,8,1
47,17,2,5,2,5,1
47,18,2,7,5,7,1
47,19,2,5,3,5,1
47,20,2,2,1,2,1
47,21,2,5,1,5,1
47,22,2,6,2,6,1
47,23,2,7,6,7,1
47,24,2,8,5,8,1
47,25,2,6,3,6,1
47,26,2,7,4,7,1
47,27,2,8,1,8,1
47,28,2,4,3,4,1
47,1,3,4,3,4,1
47,2,3,3,1,3,1
47,3,3,8,1,8,1
47,4,3,4,2,4,1
47,5,3,3,2,3,1
47,6,3,6,1,6,1
47,7,3,4,1,4,1
47,8,3,6,4,6,1
47,9,3,8,2,8,1
47,10,3,5,4,5,1
47,11,3,8,5,8,1
47,12,3,6,2,6,1
47,13,3,8,6,8,1
47,14,3,7,3,7,1
47,15,3,8,4,8,1
47,16,3,5,5,6,0
47,17,3,2,1,2,1
47,18,3,7,2,7,1
47,19,3,8,7,8,1
47,20,3,5,3,5,1
47,21,3,8,3,8,1
47,22,3,7,5,7,1
47,23,3,7,1,7,1
47,24,3,7,4,7,1
47,25,3,5,1,5,1
47,26,3,5,2,5,1
47,27,3,6,3,6,1
47,28,3,7,6,7,1
47,1,4,7,4,7,1
47,2,4,6,3,6,1
47,3,4,8,6,8,1
47,4,4,6,4,6,1
47,5,4,8,3,8,1
47,6,4,8,4,8,1
47,7,4,5,2,5,1
47,8,4,7,6,7,1
47,9,4,4,1,4,1
47,10,4,5,3,5,1
47,11,4,5,5,6,0
47,12,4,4,2,4,1
47,13,4,3,1,3,1
47,14,4,5,1,5,1
47,15,4,2,1,2,1
47,16,4,6,1,6,1
47,17,4,4,3,4,1
47,18,4,8,7,8,1
47,19,4,7,1,7,1
47,20,4,8,5,8,1
47,21,4,8,2,8,1
47,22,4,8,1,8,1
47,23,4,5,4,5,1
47,24,4,7,2,7,1
47,25,4,6,2,6,1
47,26,4,7,5,7,1
47,27,4,3,2,3,1
47,28,4,7,3,7,1
47,1,5,7,2,7,1
47,2,5,8,5,8,1
47,3,5,7,6,7,1
47,4,5,8,2,8,1
47,5,5,8,3,8,1
47,6,5,3,3,4,0
47,7,5,5,1,5,1
47,8,5,7,3,7,1
47,9,5,4,2,4,1
47,10,5,5,5,6,0
47,11,5,5,3,5,1
47,12,5,3,2,3,1
47,13,5,5,4,5,1
47,14,5,2,1,2,1
47,15,5,4,1,4,1
47,16,5,7,4,7,1
47,17,5,6,1,6,1
47,18,5,6,3,6,1
47,19,5,6,2,6,1
47,20,5,6,4,6,1
47,21,5,8,7,8,1
47,22,5,8,1,8,1
47,23,5,7,5,7,1
47,24,5,8,4,8,1
47,25,5,5,2,5,1
47,26,5,3,1,3,1
47,27,5,7,1,7,1
47,28,5,8,6,8,1
47,1,6,3,3,4,0
47,2,6,8,3,8,1
47,3,6,8,2,8,1
47,4,6,6,2,6,1
47,5,6,7,1,7,1
47,6,6,5,2,5,1
47,7,6,7,2,7,1
47,8,6,3,2,3,1
47,9,6,3,1,3,1
47,10,6,5,1,5,1
47,11,6,5,4,5,1
47,12,6,7,6,7,1
47,13,6,4,2,4,1
47,14,6,7,4,7,1
47,15,6,4,1,4,1
47,16,6,6,4,6,1
47,17,6,8,6,8,1
47,18,6,5,5,6,0
47,19,6,8,7,8,1
47,20,6,6,1,6,1
47,21,6,2,1,2,1
47,22,6,7,3,7,1
47,23,6,8,4,8,1
47,24,6,5,3,5,1
47,25,6,6,3,6,1
47,26,6,8,1,8,1
47,27,6,7,5,7,1
47,28,6,8,5,8,1
47,1,7,6,2,6,1
47,2,7,8,4,8,1
47,3,7,8,5,8,1
47,4,7,7,3,7,1
47,5,7,5,5,6,0
47,6,7,8,3,8,1
47,7,7,3,3,4,0
47,8,7,7,2,7,1
47,9,7,6,3,6,1
47,10,7,6,4,6,1
47,11,7,5,2,5,1
47,12,7,7,1,7,1
47,13,7,8,1,8,1
47,14,7,8,6,8,1
47,15,7,3,1,3,1
47,16,7,5,1,5,1
47,17,7,7,5,7,1
47,18,7,2,2,4,0
47,19,7,5,3,5,1
47,20,7,8,2,8,1
47,21,7,8,7,8,1
47,22,7,7,6,7,1
47,23,7,2,1,2,1
47,24,7,5,4,5,1
47,25,7,6,1,6,1
47,26,7,3,2,3,1
47,27,7,4,1,4,1
47,28,7,7,4,7,1
47,1,8,3,1,3,1
47,2,8,5,3,5,1
47,3,8,6,3,6,1
47,4,8,8,7,8,1
47,5,8,8,2,8,1
47,6,8,7,3,7,1
47,7,8,3,3,4,0
47,8,8,5,4,5,1
47,9,8,4,1,4,1
47,10,8,7,1,7,1
47,11,8,8,1,8,1
47,12,8,3,2,3,1
47,13,8,7,6,7,1
47,14,8,7,4,7,1
47,15,8,6,1,6,1
47,16,8,5,1,5,1
47,17,8,5,5,6,0
47,18,8,5,2,5,1
47,19,8,4,2,4,1
47,20,8,8,5,8,1
47,21,8,6,2,6,1
47,22,8,7,2,7,1
47,23,8,8,6,8,1
47,24,8,8,4,8,1
47,25,8,6,4,6,1
47,26,8,2,1,2,1
47,27,8,8,3,8,1
47,28,8,7,5,7,1
47,1,9,5,4,5,1
47,2,9,6,1,6,1
47,3,9,6,5,6,1
47,4,9,8,3,8,1
47,5,9,7,6,7,1
47,6,9,7,1,7,1
47,7,9,8,4,8,1
47,8,9,2,2,3,0
47,9,9,7,3,7,1
47,10,9,6,3,6,1
47,11,9,4,1,4,1
47,12,9,5,1,5,1
47,13,9,6,2,6,1
47,14,9,4,2,4,1
47,15,9,8,5,8,1
47,16,9,5,2,5,1
47,17,9,8,6,8,1
47,18,9,8,7,8,1
47,19,9,3,3,4,0
47,20,9,7,5,7,1
47,21,9,6,4,6,1
47,22,9,2,1,2,1
47,23,9,7,2,7,1
47,24,9,7,4,7,1
47,25,9,8,2,8,1
47,26,9,3,1,3,1
47,27,9,5,3,5,1
47,28,9,8,1,8,1
47,1,10,7,2,7,1
47,2,10,5,5,6,0
47,3,10,3,2,3,1
47,4,10,3,3,4,0
47,5,10,5,1,5,1
47,6,10,3,1,3,1
47,7,10,4,2,4,1
47,8,10,4,1,4,1
47,9,10,7,3,7,1
47,10,10,8,5,8,1
47,11,10,5,4,5,1
47,12,10,5,3,5,1
47,13,10,8,2,8,1
47,14,10,8,3,8,1
47,15,10,7,4,7,1
47,16,10,8,4,8,1
47,17,10,8,7,8,1
47,18,10,7,1,7,1
47,19,10,6,3,6,1
47,20,10,6,2,6,1
47,21,10,6,4,6,1
47,22,10,7,5,7,1
47,23,10,5,2,5,1
47,24,10,8,1,8,1
47,25,10,2,1,2,1
47,26,10,7,6,7,1
47,27,10,8,6,8,1
47,28,10,6,1,6,1
48,1,1,6,3,6,1
48,2,1,7,4,7,1
48,3,1,2,1,2,1
48,4,1,4,2,4,1
48,5,1,5,4,5,1
48,6,1,7,1,7,1
48,7,1,8,3,8,1
48,8,1,6,6,7,0
48,9,1,4,4,6,0
48,10,1,5,3,5,1
48,11,1,4,1,4,1
48,12,1,5,2,5,1
48,13,1,6,5,6,1
48,14,1,8,6,8,1
48,15,1,8,4,8,1
48,16,1,7,5,7,1
48,17,1,4,3,4,1
48,18,1,3,2,3,1
48,19,1,6,1,6,1
48,20,1,6,2,6,1
48,21,1,3,1,3,1
48,22,1,5,1,5,1
48,23,1,7,7,8,0
48,24,1,7,2,7,1
48,25,1,8,5,8,1
48,26,1,8,1,8,1
48,27,1,8,2,8,1
48,28,1,7,3,7,1
48,1,2,7,1,7,1
48,2,2,8,3,8,1
48,3,2,5,5,7,0
48,4,2,6,5,6,1
48,5,2,4,4,5,0
48,6,2,2,1,2,1
48,7,2,6,1,6,1
48,8,2,4,4,8,0
48,9,2,4,2,4,1
48,10,2,8,2,8,1
48,11,2,6,3,6,1
48,12,2,5,1,5,1
48,13,2,7,3,7,1
48,14,2,8,7,8,1
48,15,2,3,1,3,1
48,16,2,8,5,8,1
48,17,2,6,6,8,0
48,18,2,7,4,7,1
48,19,2,8,1,8,1
48,20,2,5,3,5,1
48,21,2,4,4,6,0
48,22,2,3,2,3,1
48,23,2,5,2,5,1
48,24,2,4,1,4,1
48,25,2,4,3,4,1
48,26,2,7,6,7,1
48,27,2,6,2,6,1
48,28,2,7,2,7,1
48,1,3,3,1,3,1
48,2,3,4,2,4,1
48,3,3,7,1,7,1
48,4,3,5,1,5,1
48,5,3,4,3,4,1
48,6,3,8,2,8,1
48,7,3,7,6,7,1
48,8,3,6,3,6,1
48,9,3,8,5,8,1
48,10,3,6,2,6,1
48,11,3,7,4,7,1
48,12,3,8,3,8,1
48,13,3,5,2,5,1
48,14,3,4,4,5,0
48,15,3,3,2,3,1
48,16,3,7,2,7,1
48,17,3,7,3,7,1
48,18,3,4,4,6,0
48,19,3,4,4,8,0
48,20,3,4,1,4,1
48,21,3,8,6,8,1
48,22,3,5,3,5,1
48,23,3,7,5,7,1
48,24,3,6,1,6,1
48,25,3,2,1,2,1
48,26,3,7,7,8,0
48,27,3,8,1,8,1
48,28,3,5,5,6,0
48,1,4,8,1,8,1
48,2,4,4,2,4,1
48,3,4,8,6,8,1
48,4,4,5,2,5,1
48,5,4,1,1,3,0
48,6,4,4,4,6,0
48,7,4,4,4,5,0
48,8,4,7,2,7,1
48,9,4,6,3,6,1
48,10,4,4,3,4,1
48,11,4,4,1,4,1
48,12,4,7,1,7,1
48,13,4,7,6,7,1
48,14,4,8,3,8,1
48,15,4,7,3,7,1
48,16,4,4,4,8,0
48,17,4,6,5,6,1
48,18,4,2,1,2,1
48,19,4,7,4,7,1
48,20,4,8,5,8,1
48,21,4,5,1,5,1
48,22,4,8,2,8,1
48,23,4,7,5,7,1
48,24,4,5,3,5,1
48,25,4,3,2,3,1
48,26,4,8,7,8,1
48,27,4,6,2,6,1
48,28,4,6,1,6,1
48,1,5,8,3,8,1
48,2,5,4,2,4,1
48,3,5,4,4,5,0
48,4,5,5,2,5,1
48,5,5,4,1,4,1
48,6,5,3,1,3,1
48,7,5,8,1,8,1
48,8,5,3,2,3,1
48,9,5,6,6,8,0
48,10,5,5,3,5,1
48,11,5,8,7,8,1
48,12,5,5,1,5,1
48,13,5,8,5,8,1
48,14,5,7,1,7,1
48,15,5,6,2,6,1
48,16,5,4,3,4,1
48,17,5,7,2,7,1
48,18,5,7,4,7,1
48,19,5,7,3,7,1
48,20,5,8,2,8,1
48,21,5,6,4,6,1
48,22,5,8,4,8,1
48,23,5,7,5,7,1
48,24,5,6,1,6,1
48,25,5,6,3,6,1
48,26,5,7,6,7,1
48,27,5,2,1,2,1
48,28,5,6,5,6,1
48,1,6,7,1,7,1
48,2,6,3,1,3,1
48,3,6,4,2,4,1
48,4,6,2,1,2,1
48,5,6,7,5,7,1
48,6,6,4,4,5,0
48,7,6,5,2,5,1
48,8,6,4,3,4,1
48,9,6,7,2,7,1
48,10,6,4,4,8,0
48,11,6,7,6,7,1
48,12,6,5,1,5,1
48,13,6,8,2,8,1
48,14,6,5,3,5,1
48,15,6,8,3,8,1
48,16,6,3,2,3,1
48,17,6,7,7,8,0
48,18,6,6,1,6,1
48,19,6,7,4,7,1
48,20,6,6,3,6,1
48,21,6,8,1,8,1
48,22,6,7,3,7,1
48,23,6,4,4,6,0
48,24,6,6,5,6,1
48,25,6,8,5,8,1
48,26,6,6,2,6,1
48,27,6,8,6,8,1
48,28,6,4,1,4,1
48,1,7,3,2,3,1
48,2,7,8,5,8,1
48,3,7,7,3,7,1
48,4,7,6,4,6,1
48,5,7,4,1,4,1
48,6,7,6,1,6,1
48,7,7,6,3,6,1
48,8,7,7,7,8,0
48,9,7,8,2,8,1
48,10,7,7,2,7,1
48,11,7,4,4,5,0
48,12,7,5,2,5,1
48,13,7,2,1,2,1
48,14,7,8,3,8,1
48,15,7,5,3,5,1
48,16,7,3,1,3,1
48,17,7,7,5,7,1
48,18,7,5,1,5,1
48,19,7,8,6,8,1
48,20,7,4,3,4,1
48,21,7,4,4,8,0
48,22,7,4,2,4,1
48,23,7,6,2,6,1
48,24,7,6,5,6,1
48,25,7,8,1,8,1
48,26,7,7,4,7,1
48,27,7,7,1,7,1
48,28,7,7,6,7,1
48,1,8,3,2,3,1
48,2,8,8,4,8,1
48,3,8,8,3,8,1
48,4,8,8,6,8,1
48,5,8,7,5,7,1
48,6,8,7,1,7,1
48,7,8,6,1,6,1
48,8,8,4,3,4,1
48,9,8,7,3,7,1
48,10,8,6,2,6,1
48,11,8,5,1,5,1
48,12,8,8,7,8,1
48,13,8,4,2,4,1
48,14,8,7,2,7,1
48,15,8,4,4,6,0
48,16,8,5,5,8,0
48,17,8,5,2,5,1
48,18,8,4,1,4,1
48,19,8,6,5,6,1
48,20,8,7,4,7,1
48,21,8,8,2,8,1
48,22,8,3,1,3,1
48,23,8,4,4,5,0
48,24,8,6,3,6,1
48,25,8,2,1,2,1
48,26,8,8,1,8,1
48,27,8,5,3,5,1
48,28,8,7,6,7,1
48,1,9,7,2,7,1
48,2,9,5,3,5,1
48,3,9,4,3,4,1
48,4,9,7,5,7,1
48,5,9,7,4,7,1
48,6,9,5,1,5,1
48,7,9,6,5,6,1
48,8,9,8,1,8,1
48,9,9,6,6,8,0
48,10,9,6,3,6,1
48,11,9,4,2,4,1
48,12,9,6,1,6,1
48,13,9,7,1,7,1
48,14,9,8,2,8,1
48,15,9,7,7,8,0
48,16,9,5,2,5,1
48,17,9,2,1,2,1
48,18,9,4,4,5,0
48,19,9,7,3,7,1
48,20,9,3,1,3,1
48,21,9,4,4,8,0
48,22,9,8,3,8,1
48,23,9,4,4,6,0
48,24,9,4,1,4,1
48,25,9,8,5,8,1
48,26,9,7,6,7,1
48,27,9,3,2,3,1
48,28,9,6,2,6,1
48,1,10,8,3,8,1
48,2,10,5,1,5,1
48,3,10,7,2,7,1
48,4,10,5,2,5,1
48,5,10,5,3,5,1
48,6,10,7,5,7,1
48,7,10,7,1,7,1
48,8,10,8,2,8,1
48,9,10,8,1,8,1
48,10,10,6,1,6,1
48,11,10,7,3,7,1
48,12,10,4,1,4,1
48,13,10,2,1,2,1
48,14,10,7,7,8,0
48,15,10,4,4,8,0
48,16,10,4,4,5,0
48,17,10,4,2,4,1
48,18,10,6,2,6,1
48,19,10,6,3,6,1
48,20,10,4,3,4,1
48,21,10,6,5,6,1
48,22,10,7,6,7,1
48,23,10,3,1,3,1
48,24,10,6,6,8,0
48,25,10,3,2,3,1
48,26,10,7,4,7,1
48,27,10,4,4,6,0
48,28,10,8,5,8,1
49,1,1,7,5,7,1
49,2,1,8,5,8,1
49,3,1,7,1,7,1
49,4,1,8,2,8,1
49,5,1,6,6,7,0
49,6,1,8,6,8,1
49,7,1,5,3,5,1
49,8,1,5,2,5,1
49,9,1,7,2,7,1
49,10,1,6,1,6,1
49,11,1,2,2,3,0
49,12,1,7,4,7,1
49,13,1,8,7,8,1
49,14,1,7,3,7,1
49,15,1,6,3,6,1
49,16,1,2,2,4,0
49,17,1,2,1,2,1
49,18,1,6,2,6,1
49,19,1,3,3,4,0
49,20,1,5,4,5,1
49,21,1,5,1,5,1
49,22,1,6,4,6,1
49,23,1,3,1,3,1
49,24,1,8,1,8,1
49,25,1,8,3,8,1
49,26,1,6,5,6,1
49,27,1,4,1,4,1
49,28,1,8,4,8,1
49,1,2,6,4,6,1
49,2,2,8,3,8,1
49,3,2,8,5,8,1
49,4,2,2,2,4,0
49,5,2,6,1,6,1
49,6,2,7,4,7,1
49,7,2,6,3,6,1
49,8,2,4,1,4,1
49,9,2,6,5,6,1
49,10,2,8,2,8,1
49,11,2,6,6,7,0
49,12,2,8,7,8,1
49,13,2,2,2,3,0
49,14,2,5,2,5,1
49,15,2,7,2,7,1
49,16,2,6,2,6,1
49,17,2,5,1,5,1
49,18,2,8,1,8,1
49,19,2,3,1,3,1
49,20,2,8,6,8,1
49,21,2,5,3,5,1
49,22,2,2,1,2,1
49,23,2,8,4,8,1
49,24,2,7,5,7,1
49,25,2,7,1,7,1
49,26,2,3,3,4,0
49,27,2,7,3,7,1
49,28,2,5,4,5,1
49,1,3,6,4,6,1
49,2,3,8,7,8,1
49,3,3,8,6,8,1
49,4,3,7,2,7,1
49,5,3,6,5,6,1
49,6,3,8,5,8,1
49,7,3,2,2,3,0
49,8,3,2,2,4,0
49,9,3,8,3,8,1
49,10,3,5,1,5,1
49,11,3,7,4,7,1
49,12,3,6,1,6,1
49,13,3,8,2,8,1
49,14,3,2,2,5,0
49,15,3,5,4,5,1
49,16,3,7,5,7,1
49,17,3,3,3,4,0
49,18,3,8,4,8,1
49,19,3,4,1,4,1
49,20,3,7,1,7,1
49,21,3,8,1,8,1
49,22,3,6,2,6,1
49,23,3,6,3,6,1
49,24,3,5,3,5,1
49,25,3,2,1,2,1
49,26,3,7,3,7,1
49,27,3,6,6,7,0
49,28,3,1,1,3,0
49,1,4,5,1,5,1
49,2,4,2,1,2,1
49,3,4,3,1,3,1
49,4,4,6,6,7,0
49,5,4,3,2,3,1
49,6,4,8,2,8,1
49,7,4,8,5,8,1
49,8,4,6,5,6,1
49,9,4,6,4,6,1
49,10,4,6,3,6,1
49,11,4,8,1,8,1
49,12,4,2,2,5,0
49,13,4,8,4,8,1
49,14,4,5,3,5,1
49,15,4,8,7,8,1
49,16,4,8,3,8,1
49,17,4,5,4,5,1
49,18,4,7,1,7,1
49,19,4,7,5,7,1
49,20,4,7,2,7,1
49,21,4,6,2,6,1
49,22,4,4,1,4,1
49,23,4,7,3,7,1
49,24,4,6,1,6,1
49,25,4,2,2,4,0
49,26,4,3,3,4,0
49,27,4,7,4,7,1
49,28,4,8,6,8,1
49,1,5,3,1,3,1
49,2,5,7,4,7,1
49,3,5,5,1,5,1
49,4,5,6,6,7,0
49,5,5,8,5,8,1
49,6,5,7,3,7,1
49,7,5,6,2,6,1
49,8,5,8,6,8,1
49,9,5,7,2,7,1
49,10,5,7,5,7,1
49,11,5,2,2,4,0
49,12,5,5,3,5,1
49,13,5,8,1,8,1
49,14,5,6,1,6,1
49,15,5,8,3,8,1
49,16,5,7,1,7,1
49,17,5,4,1,4,1
49,18,5,5,2,5,1
49,19,5,3,3,4,0
49,20,5,6,4,6,1
49,21,5,2,1,2,1
49,22,5,8,7,8,1
49,23,5,8,4,8,1
49,24,5,8,2,8,1
49,25,5,2,2,3,0
49,26,5,6,3,6,1
49,27,5,5,4,5,1
49,28,5,6,5,6,1
49,1,6,7,4,7,1
49,2,6,2,2,3,0
49,3,6,7,5,7,1
49,4,6,6,3,6,1
49,5,6,2,1,2,1
49,6,6,8,2,8,1
49,7,6,7,1,7,1
49,8,6,6,2,6,1
49,9,6,4,1,4,1
49,10,6,2,2,4,0
49,11,6,3,1,3,1
49,12,6,8,7,8,1
49,13,6,3,3,4,0
49,14,6,6,1,6,1
49,15,6,7,3,7,1
49,16,6,8,6,8,1
49,17,6,8,3,8,1
49,18,6,7,2,7,1
49,19,6,6,6,7,0
49,20,6,2,2,5,0
49,21,6,5,1,5,1
49,22,6,8,1,8,1
49,23,6,3,3,5,0
49,24,6,6,5,6,1
49,25,6,6,4,6,1
49,26,6,8,4,8,1
49,27,6,5,4,5,1
49,28,6,8,5,8,1
49,1,7,7,1,7,1
49,2,7,8,4,8,1
49,3,7,5,4,5,1
49,4,7,8,7,8,1
49,5,7,2,2,5,0
49,6,7,6,3,6,1
49,7,7,5,1,5,1
49,8,7,3,1,3,1
49,9,7,7,5,7,1
49,10,7,6,5,6,1
49,11,7,3,3,5,0
49,12,7,6,6,7,0
49,13,7,3,3,4,0
49,14,7,8,3,8,1
49,15,7,2,2,3,0
49,16,7,8,6,8,1
49,17,7,6,2,6,1
49,18,7,2,1,2,1
49,19,7,7,3,7,1
49,20,7,8,5,8,1
49,21,7,7,2,7,1
49,22,7,6,1,6,1
49,23,7,8,2,8,1
49,24,7,6,4,6,1
49,25,7,8,1,8,1
49,26,7,7,4,7,1
49,27,7,4,1,4,1
49,28,7,2,2,4,0
49,1,8,2,2,5,0
49,2,8,5,4,5,1
49,3,8,6,3,6,1
49,4,8,7,4,7,1
49,5,8,2,2,4,0
49,6,8,6,2,6,1
49,7,8,8,5,8,1
49,8,8,7,1,7,1
49,9,8,6,1,6,1
49,10,8,7,2,7,1
49,11,8,1,1,5,0
49,12,8,1,1,4,0
49,13,8,6,5,6,1
49,14,8,2,1,2,1
49,15,8,8,4,8,1
49,16,8,8,1,8,1
49,17,8,7,3,7,1
49,18,8,5,3,5,1
49,19,8,6,4,6,1
49,20,8,7,5,7,1
49,21,8,3,3,4,0
49,22,8,8,7,8,1
49,23,8,2,2,3,0
49,24,8,3,1,3,1
49,25,8,8,2,8,1
49,26,8,8,6,8,1
49,27,8,8,3,8,1
49,28,8,6,6,7,0
49,1,9,3,3,4,0
49,2,9,2,2,3,0
49,3,9,2,2,5,0
49,4,9,6,5,6,1
49,5,9,6,4,6,1
49,6,9,6,3,6,1
49,7,9,7,1,7,1
49,8,9,2,2,4,0
49,9,9,6,1,6,1
49,10,9,7,3,7,1
49,11,9,4,1,4,1
49,12,9,6,6,7,0
49,13,9,8,6,8,1
49,14,9,7,2,7,1
49,15,9,8,3,8,1
49,16,9,7,5,7,1
49,17,9,8,1,8,1
49,18,9,5,4,5,1
49,19,9,2,1,2,1
49,20,9,5,3,5,1
49,21,9,8,2,8,1
49,22,9,8,5,8,1
49,23,9,3,1,3,1
49,24,9,8,4,8,1
49,25,9,7,4,7,1
49,26,9,6,2,6,1
49,27,9,5,1,5,1
49,28,9,8,7,8,1
49,1,10,8,3,8,1
49,2,10,4,1,4,1
49,3,10,8,4,8,1
49,4,10,6,4,6,1
49,5,10,6,3,6,1
49,6,10,7,5,7,1
49,7,10,5,4,5,1
49,8,10,7,1,7,1
49,9,10,3,3,4,0
49,10,10,8,7,8,1
49,11,10,3,2,3,1
49,12,10,8,5,8,1
49,13,10,7,4,7,1
49,14,10,6,2,6,1
49,15,10,3,3,5,0
49,16,10,7,2,7,1
49,17,10,2,2,4,0
49,18,10,8,2,8,1
49,19,10,6,6,7,0
49,20,10,7,3,7,1
49,21,10,6,1,6,1
49,22,10,2,1,2,1
49,23,10,5,2,5,1
49,24,10,5,1,5,1
49,25,10,8,6,8,1
49,26,10,6,5,6,1
49,27,10,8,1,8,1
49,28,10,3,1,3,1
50,1,1,7,2,7,1
50,2,1,8,1,8,1
50,3,1,2,1,2,1
50,4,1,7,7,8,0
50,5,1,6,3,6,1
50,6,1,8,5,8,1
50,7,1,7,5,7,1
50,8,1,8,2,8,1
50,9,1,4,3,4,1
50,10,1,6,4,6,1
50,11,1,3,2,3,1
50,12,1,8,3,8,1
50,13,1,7,1,7,1
50,14,1,7,4,7,1
50,15,1,3,1,3,1
50,16,1,6,1,6,1
50,17,1,8,4,8,1
50,18,1,6,5,6,1
50,19,1,5,1,5,1
50,20,1,5,4,5,1
50,21,1,8,6,8,1
50,22,1,4,1,4,1
50,23,1,7,3,7,1
50,24,1,7,6,7,1
50,25,1,5,2,5,1
50,26,1,4,2,4,1
50,27,1,6,2,6,1
50,28,1,5,3,5,1
50,1,2,8,7,8,1
50,2,2,6,3,6,1
50,3,2,3,2,3,1
50,4,2,7,1,7,1
50,5,2,6,2,6,1
50,6,2,8,5,8,1
50,7,2,4,1,4,1
50,8,2,8,6,8,1
50,9,2,7,3,7,1
50,10,2,6,6,7,0
50,11,2,6,4,6,1
50,12,2,8,4,8,1
50,13,2,5,2,5,1
50,14,2,5,3,5,1
50,15,2,6,5,6,1
50,16,2,4,2,4,1
50,17,2,3,1,3,1
50,18,2,7,4,7,1
50,19,2,1,1,2,0
50,20,2,5,1,5,1
50,21,2,6,1,6,1
50,22,2,5,4,5,1
50,23,2,4,3,4,1
50,24,2,7,2,7,1
50,25,2,8,1,8,1
50,26,2,5,5,7,0
50,27,2,8,3,8,1
50,28,2,8,2,8,1
50,1,3,6,6,7,0
50,2,3,3,1,3,1
50,3,3,4,3,4,1
50,4,3,5,4,5,1
50,5,3,7,4,7,1
50,6,3,7,3,7,1
50,7,3,8,5,8,1
50,8,3,6,3,6,1
50,9,3,7,2,7,1
50,10,3,7,1,7,1
50,11,3,2,1,2,1
50,12,3,5,2,5,1
50,13,3,8,6,8,1
50,14,3,3,2,3,1
50,15,3,6,5,6,1
50,16,3,6,2,6,1
50,17,3,8,3,8,1
50,18,3,8,2,8,1
50,19,3,5,3,5,1
50,20,3,4,2,4,1
50,21,3,8,1,8,1
50,22,3,5,1,5,1
50,23,3,8,7,8,1
50,24,3,8,4,8,1
50,25,3,7,5,7,1
50,26,3,4,1,4,1
50,27,3,6,1,6,1
50,28,3,6,4,6,1
50,1,4,7,1,7,1
50,2,4,4,3,4,1
50,3,4,7,3,7,1
50,4,4,4,4,7,0
50,5,4,7,5,7,1
50,6,4,8,4,8,1
50,7,4,3,2,3,1
50,8,4,8,2,8,1
50,9,4,8,7,8,1
50,10,4,7,6,7,1
50,11,4,6,4,6,1
50,12,4,4,2,4,1
50,13,4,8,6,8,1
50,14,4,6,3,6,1
50,15,4,8,3,8,1
50,16,4,6,5,6,1
50,17,4,5,1,5,1
50,18,4,2,1,2,1
50,19,4,6,2,6,1
50,20,4,5,2,5,1
50,21,4,5,4,5,1
50,22,4,8,1,8,1
50,23,4,5,3,5,1
50,24,4,8,5,8,1
50,25,4,3,1,3,1
50,26,4,7,2,7,1
50,27,4,4,1,4,1
50,28,4,6,1,6,1
50,1,5,8,4,8,1
50,2,5,6,5,6,1
50,3,5,7,5,7,1
50,4,5,5,2,5,1
50,5,5,7,6,7,1
50,6,5,8,3,8,1
50,7,5,3,1,3,1
50,8,5,6,1,6,1
50,9,5,8,1,8,1
50,10,5,4,1,4,1
50,11,5,6,3,6,1
50,12,5,7,2,7,1
50,13,5,8,2,8,1
50,14,5,8,5,8,1
50,15,5,6,2,6,1
50,16,5,4,3,4,1
50,17,5,8,6,8,1
50,18,5,8,7,8,1
50,19,5,2,1,2,1
50,20,5,4,2,4,1
50,21,5,6,4,6,1
50,22,5,7,1,7,1
50,23,5,5,3,5,1
50,24,5,7,3,7,1
50,25,5,5,1,5,1
50,26,5,7,4,7,1
50,27,5,5,4,5,1
50,28,5,3,2,3,1
50,1,6,6,1,6,1
50,2,6,7,3,7,1
50,3,6,8,4,8,1
50,4,6,6,3,6,1
50,5,6,5,1,5,1
50,6,6,2,2,3,0
50,7,6,6,4,6,1
50,8,6,8,7,8,1
50,9,6,7,4,7,1
50,10,6,8,1,8,1
50,11,6,5,2,5,1
50,12,6,6,5,6,1
50,13,6,5,3,5,1
50,14,6,6,2,6,1
50,15,6,7,2,7,1
50,16,6,7,5,7,1
50,17,6,5,4,5,1
50,18,6,4,1,4,1
50,19,6,4,2,4,1
50,20,6,8,3,8,1
50,21,6,7,6,7,1
50,22,6,3,1,3,1
50,23,6,2,1,2,1
50,24,6,8,2,8,1
50,25,6,8,6,8,1
50,26,6,7,1,7,1
50,27,6,4,3,4,1
50,28,6,8,5,8,1
50,1,7,5,2,5,1
50,2,7,8,1,8,1
50,3,7,5,4,5,1
50,4,7,5,3,5,1
50,5,7,3,1,3,1
50,6,7,7,5,7,1
50,7,7,2,2,3,0
50,8,7,2,1,2,1
50,9,7,6,3,6,1
50,10,7,7,6,7,1
50,11,7,4,1,4,1
50,12,7,7,3,7,1
50,13,7,6,1,6,1
50,14,7,8,2,8,1
50,15,7,4,3,4,1
50,16,7,8,4,8,1
50,17,7,8,5,8,1
50,18,7,8,3,8,1
50,19,7,8,7,8,1
50,20,7,6,2,6,1
50,21,7,7,4,7,1
50,22,7,5,1,5,1
50,23,7,7,2,7,1
50,24,7,4,2,4,1
50,25,7,8,6,8,1
50,26,7,7,1,7,1
50,27,7,6,5,6,1
50,28,7,6,4,6,1
50,1,8,8,4,8,1
50,2,8,6,1,6,1
50,3,8,6,4,6,1
50,4,8,8,5,8,1
50,5,8,7,1,7,1
50,6,8,2,2,3,0
50,7,8,4,3,4,1
50,8,8,2,1,2,1
50,9,8,6,3,6,1
50,10,8,3,1,3,1
50,11,8,7,3,7,1
50,12,8,8,7,8,1
50,13,8,5,2,5,1
50,14,8,7,4,7,1
50,15,8,8,6,8,1
50,16,8,7,2,7,1
50,17,8,8,1,8,1
50,18,8,5,4,5,1
50,19,8,5,3,5,1
50,20,8,7,5,7,1
50,21,8,8,2,8,1
50,22,8,6,5,6,1
50,23,8,8,3,8,1
50,24,8,6,2,6,1
50,25,8,5,1,5,1
50,26,8,4,2,4,1
50,27,8,4,1,4,1
50,28,8,7,6,7,1
50,1,9,5,3,5,1
50,2,9,6,5,6,1
50,3,9,7,1,7,1
50,4,9,8,5,8,1
50,5,9,7,6,7,1
50,6,9,3,2,3,1
50,7,9,5,2,5,1
50,8,9,7,3,7,1
50,9,9,8,2,8,1
50,10,9,8,3,8,1
50,11,9,8,6,8,1
50,12,9,6,1,6,1
50,13,9,7,4,7,1
50,14,9,6,3,6,1
50,15,9,2,1,2,1
50,16,9,4,3,4,1
50,17,9,7,5,7,1
50,18,9,6,2,6,1
50,19,9,5,4,5,1
50,20,9,4,1,4,1
50,21,9,8,4,8,1
50,22,9,5,1,5,1
50,23,9,6,4,6,1
50,24,9,4,2,4,1
50,25,9,3,1,3,1
50,26,9,7,2,7,1
50,27,9,8,7,8,1
50,28,9,8,1,8,1
50,1,10,2,2,3,0
50,2,10,4,3,4,1
50,3,10,5,3,5,1
50,4,10,8,2,8,1
50,5,10,6,5,6,1
50,6,10,7,6,7,1
50,7,10,7,5,7,1
50,8,10,8,1,8,1
50,9,10,6,3,6,1
50,10,10,5,4,5,1
50,11,10,6,4,6,1
50,12,10,8,3,8,1
50,13,10,6,1,6,1
50,14,10,8,6,8,1
50,15,10,6,2,6,1
50,16,10,5,2,5,1
50,17,10,7,1,7,1
50,18,10,8,7,8,1
50,19,10,4,2,4,1
50,20,10,4,1,4,1
50,21,10,8,4,8,1
50,22,10,7,4,7,1
50,23,10,5,1,5,1
50,24,10,7,3,7,1
50,25,10,2,1,2,1
50,26,10,3,1,3,1
50,27,10,7,2,7,1
50,28,10,8,5,8,1
51,1,1,4,2,4,1
51,2,1,2,1,2,1
51,3,1,3,1,3,1
51,4,1,3,2,3,1
51,5,1,8,3,8,1
51,6,1,6,2,6,1
51,7,1,7,4,7,1
51,8,1,7,6,7,1
51,9,1,5,3,5,1
51,10,1,8,1,8,1
51,11,1,4,4,5,0
51,12,1,7,5,7,1
51,13,1,7,1,7,1
51,14,1,8,7,8,1
51,15,1,8,6,8,1
51,16,1,6,1,6,1
51,17,1,7,3,7,1
51,18,1,6,3,6,1
51,19,1,7,2,7,1
51,20,1,5,1,5,1
51,21,1,6,5,6,1
51,22,1,4,1,4,1
51,23,1,8,5,8,1
51,24,1,5,2,5,1
51,25,1,8,4,8,1
51,26,1,6,4,6,1
51,27,1,8,2,8,1
51,28,1,4,3,4,1
51,1,2,5,3,5,1
51,2,2,2,1,2,1
51,3,2,8,1,8,1
51,4,2,6,5,6,1
51,5,2,7,2,7,1
51,6,2,3,2,3,1
51,7,2,7,1,7,1
51,8,2,8,6,8,1
51,9,2,7,3,7,1
51,10,2,7,4,7,1
51,11,2,6,4,6,1
51,12,2,8,3,8,1
51,13,2,4,1,4,1
51,14,2,3,1,3,1
51,15,2,6,1,6,1
51,16,2,8,7,8,1
51,17,2,7,6,7,1
51,18,2,8,5,8,1
51,19,2,6,3,6,1
51,20,2,8,4,8,1
51,21,2,7,5,7,1
51,22,2,4,2,4,1
51,23,2,6,2,6,1
51,24,2,8,2,8,1
51,25,2,5,1,5,1
51,26,2,4,4,5,0
51,27,2,4,3,4,1
51,28,2,5,2,5,1
51,1,3,6,1,6,1
51,2,3,7,1,7,1
51,3,3,7,3,7,1
51,4,3,5,2,5,1
51,5,3,8,2,8,1
51,6,3,7,7,8,0
51,7,3,7,4,7,1
51,8,3,4,2,4,1
51,9,3,2,1,2,1
51,10,3,5,1,5,1
51,11,3,8,1,8,1
51,12,3,7,5,7,1
51,13,3,4,1,4,1
51,14,3,8,4,8,1
51,15,3,6,2,6,1
51,16,3,7,2,7,1
51,17,3,4,3,4,1
51,18,3,3,3,6,0
51,19,3,6,5,6,1
51,20,3,8,5,8,1
51,21,3,2,2,3,0
51,22,3,8,3,8,1
51,23,3,4,4,5,0
51,24,3,5,3,5,1
51,25,3,7,6,7,1
51,26,3,3,1,3,1
51,27,3,6,4,6,1
51,28,3,8,6,8,1
51,1,4,3,2,3,1
51,2,4,8,4,8,1
51,3,4,6,2,6,1
51,4,4,4,4,5,0
51,5,4,6,5,6,1
51,6,4,5,2,5,1
51,7,4,7,1,7,1
51,8,4,7,3,7,1
51,9,4,7,2,7,1
51,10,4,7,5,7,1
51,11,4,6,4,6,1
51,12,4,5,3,5,1
51,13,4,8,5,8,1
51,14,4,8,1,8,1
51,15,4,8,7,8,1
51,16,4,3,1,3,1
51,17,4,6,3,6,1
51,18,4,7,6,7,1
51,19,4,8,2,8,1
51,20,4,6,1,6,1
51,21,4,4,1,4,1
51,22,4,8,6,8,1
51,23,4,5,1,5,1
51,24,4,4,2,4,1
51,25,4,4,3,4,1
51,26,4,2,1,2,1
51,27,4,8,3,8,1
51,28,4,7,4,7,1
51,1,5,5,2,5,1
51,2,5,6,1,6,1
51,3,5,4,1,4,1
51,4,5,7,1,7,1
51,5,5,8,6,8,1
51,6,5,6,2,6,1
51,7,5,3,2,3,1
51,8,5,8,3,8,1
51,9,5,8,7,8,1
51,10,5,4,2,4,1
51,11,5,4,4,5,0
51,12,5,4,3,4,1
51,13,5,6,4,6,1
51,14,5,3,1,3,1
51,15,5,8,2,8,1
51,16,5,7,3,7,1
51,17,5,8,4,8,1
51,18,5,8,5,8,1
51,19,5,7,6,7,1
51,20,5,6,3,6,1
51,21,5,7,5,7,1
51,22,5,6,5,6,1
51,23,5,7,4,7,1
51,24,5,7,2,7,1
51,25,5,5,3,5,1
51,26,5,2,1,2,1
51,27,5,8,1,8,1
51,28,5,5,1,5,1
51,1,6,7,2,7,1
51,2,6,5,3,5,1
51,3,6,1,1,2,0
51,4,6,6,5,6,1
51,5,6,8,2,8,1
51,6,6,4,4,5,0
51,7,6,8,1,8,1
51,8,6,7,6,7,1
51,9,6,8,7,8,1
51,10,6,4,3,4,1
51,11,6,7,1,7,1
51,12,6,8,6,8,1
51,13,6,3,1,3,1
51,14,6,8,5,8,1
51,15,6,4,1,4,1
51,16,6,6,1,6,1
51,17,6,8,4,8,1
51,18,6,3,2,3,1
51,19,6,8,3,8,1
51,20,6,6,3,6,1
51,21,6,7,3,7,1
51,22,6,4,2,4,1
51,23,6,2,2,5,0
51,24,6,6,4,6,1
51,25,6,5,1,5,1
51,26,6,6,2,6,1
51,27,6,7,4,7,1
51,28,6,7,5,7,1
51,1,7,8,4,8,1
51,2,7,8,5,8,1
51,3,7,8,2,8,1
51,4,7,7,1,7,1
51,5,7,6,2,6,1
51,6,7,7,2,7,1
51,7,7,8,7,8,1
51,8,7,4,2,4,1
51,9,7,2,1,2,1
51,10,7,8,1,8,1
51,11,7,5,1,5,1
51,12,7,6,3,6,1
51,13,7,3,2,3,1
51,14,7,8,6,8,1
51,15,7,8,3,8,1
51,16,7,6,1,6,1
51,17,7,6,5,6,1
51,18,7,4,4,5,0
51,19,7,7,5,7,1
51,20,7,7,6,7,1
51,21,7,7,4,7,1
51,22,7,6,4,6,1
51,23,7,5,3,5,1
51,24,7,3,1,3,1
51,25,7,5,2,5,1
51,26,7,4,1,4,1
51,27,7,4,3,4,1
51,28,7,7,3,7,1
51,1,8,8,3,8,1
51,2,8,6,1,6,1
51,3,8,2,1,2,1
51,4,8,4,4,5,0
51,5,8,8,4,8,1
51,6,8,7,4,7,1
51,7,8,7,5,7,1
51,8,8,3,1,3,1
51,9,8,4,2,4,1
51,10,8,5,2,5,1
51,11,8,4,1,4,1
51,12,8,5,1,5,1
51,13,8,8,6,8,1
51,14,8,6,5,6,1
51,15,8,4,3,4,1
51,16,8,6,3,6,1
51,17,8,7,2,7,1
51,18,8,8,1,8,1
51,19,8,6,2,6,1
51,20,8,7,3,7,1
51,21,8,8,5,8,1
51,22,8,4,4,6,0
51,23,8,7,1,7,1
51,24,8,3,2,3,1
51,25,8,5,3,5,1
51,26,8,8,7,8,1
51,27,8,8,2,8,1
51,28,8,7,6,7,1
51,1,9,7,1,7,1
51,2,9,8,1,8,1
51,3,9,8,3,8,1
51,4,9,7,3,7,1
51,5,9,4,3,4,1
51,6,9,8,7,8,1
51,7,9,8,2,8,1
51,8,9,8,4,8,1
51,9,9,6,2,6,1
51,10,9,5,1,5,1
51,11,9,4,2,4,1
51,12,9,6,1,6,1
51,13,9,4,1,4,1
51,14,9,4,4,5,0
51,15,9,2,2,3,0
51,16,9,2,1,2,1
51,17,9,7,2,7,1
51,18,9,5,3,5,1
51,19,9,6,3,6,1
51,20,9,6,5,6,1
51,21,9,5,2,5,1
51,22,9,8,5,8,1
51,23,9,8,6,8,1
51,24,9,7,5,7,1
51,25,9,7,6,7,1
51,26,9,3,1,3,1
51,27,9,4,4,6,0
51,28,9,7,4,7,1
51,1,10,6,2,6,1
51,2,10,8,5,8,1
51,3,10,7,6,7,1
51,4,10,2,1,2,1
51,5,10,4,4,5,0
51,6,10,4,2,4,1
51,7,10,7,5,7,1
51,8,10,8,1,8,1
51,9,10,8,3,8,1
51,10,10,8,2,8,1
51,11,10,5,1,5,1
51,12,10,7,4,7,1
51,13,10,6,1,6,1
51,14,10,5,2,5,1
51,15,10,6,4,6,1
51,16,10,6,3,6,1
51,17,10,5,3,5,1
51,18,10,3,1,3,1
51,19,10,4,1,4,1
51,20,10,6,5,6,1
51,21,10,8,7,8,1
51,22,10,7,1,7,1
51,23,10,8,4,8,1
51,24,10,7,2,7,1
51,25,10,7,3,7,1
51,26,10,8,6,8,1
51,27,10,3,2,3,1
51,28,10,4,3,4,1
52,1,1,8,1,8,1
52,2,1,8,6,8,1
52,3,1,6,1,6,1
52,4,1,3,1,3,1
52,5,1,5,5,6,0
52,6,1,7,7,8,0
52,7,1,5,1,5,1
52,8,1,5,3,5,1
52,9,1,4,1,4,1
52,10,1,4,2,4,1
52,11,1,7,1,7,1
52,12,1,3,2,3,1
52,13,1,7,6,7,1
52,14,1,5,2,5,1
52,15,1,7,5,7,1
52,16,1,2,1,2,1
52,17,1,8,2,8,1
52,18,1,7,2,7,1
52,19,1,7,4,7,1
52,20,1,6,2,6,1
52,21,1,5,4,5,1
52,22,1,8,4,8,1
52,23,1,8,3,8,1
52,24,1,8,5,8,1
52,25,1,6,3,6,1
52,26,1,7,3,7,1
52,27,1,4,3,4,1
52,28,1,6,4,6,1
52,1,2,5,5,7,0
52,2,2,6,5,6,1
52,3,2,7,1,7,1
52,4,2,4,2,4,1
52,5,2,3,1,3,1
52,6,2,7,4,7,1
52,7,2,7,6,7,1
52,8,2,6,4,6,1
52,9,2,8,5,8,1
52,10,2,4,4,8,0
52,11,2,4,4,5,0
52,12,2,7,3,7,1
52,13,2,8,6,8,1
52,14,2,8,2,8,1
52,15,2,1,1,2,0
52,16,2,4,1,4,1
52,17,2,1,1,5,0
52,18,2,6,1,6,1
52,19,2,3,3,5,0
52,20,2,7,7,8,0
52,21,2,8,3,8,1
52,22,2,7,2,7,1
52,23,2,8,1,8,1
52,24,2,5,2,5,1
52,25,2,6,3,6,1
52,26,2,6,2,6,1
52,27,2,3,3,4,0
52,28,2,3,2,3,1
52,1,3,2,2,8,0
52,2,3,7,2,7,1
52,3,3,3,3,4,0
52,4,3,8,6,8,1
52,5,3,5,3,5,1
52,6,3,7,6,7,1
52,7,3,3,3,8,0
52,8,3,3,2,3,1
52,9,3,5,2,5,1
52,10,3,4,2,4,1
52,11,3,1,1,2,0
52,12,3,5,4,5,1
52,13,3,8,1,8,1
52,14,3,7,1,7,1
52,15,3,6,4,6,1
52,16,3,4,1,4,1
52,17,3,7,5,7,1
52,18,3,8,5,8,1
52,19,3,6,2,6,1
52,20,3,3,1,3,1
52,21,3,7,3,7,1
52,22,3,7,7,8,0
52,23,3,6,1,6,1
52,24,3,1,1,5,0
52,25,3,6,3,6,1
52,26,3,8,4,8,1
52,27,3,7,4,7,1
52,28,3,5,5,6,0
52,1,4,1,1,2,0
52,2,4,8,5,8,1
52,3,4,4,4,6,0
52,4,4,6,3,6,1
52,5,4,7,3,7,1
52,6,4,7,5,7,1
52,7,4,5,2,5,1
52,8,4,6,1,6,1
52,9,4,3,3,8,0
52,10,4,8,1,8,1
52,11,4,4,4,8,0
52,12,4,7,4,7,1
52,13,4,5,1,5,1
52,14,4,6,2,6,1
52,15,4,7,1,7,1
52,16,4,3,1,3,1
52,17,4,3,2,3,1
52,18,4,6,6,8,0
52,19,4,4,1,4,1
52,20,4,6,5,6,1
52,21,4,7,7,8,0
52,22,4,7,2,7,1
52,23,4,3,3,4,0
52,24,4,4,2,4,1
52,25,4,8,2,8,1
52,26,4,5,4,5,1
52,27,4,5,3,5,1
52,28,4,7,6,7,1
52,1,5,8,6,8,1
52,2,5,4,4,6,0
52,3,5,7,7,8,0
52,4,5,2,2,4,0
52,5,5,7,6,7,1
52,6,5,5,5,6,0
52,7,5,7,5,7,1
52,8,5,7,1,7,1
52,9,5,2,1,2,1
52,10,5,5,3,5,1
52,11,5,6,1,6,1
52,12,5,7,3,7,1
52,13,5,3,3,6,0
52,14,5,3,2,3,1
52,15,5,5,1,5,1
52,16,5,5,4,5,1
52,17,5,8,1,8,1
52,18,5,5,2,5,1
52,19,5,7,2,7,1
52,20,5,4,4,8,0
52,21,5,7,4,7,1
52,22,5,4,3,4,1
52,23,5,4,1,4,1
52,24,5,1,1,3,0
52,25,5,8,2,8,1
52,26,5,6,2,6,1
52,27,5,8,3,8,1
52,28,5,8,5,8,1
52,1,6,8,1,8,1
52,2,6,4,1,4,1
52,3,6,3,1,3,1
52,4,6,7,6,7,1
52,5,6,7,4,7,1
52,6,6,4,3,4,1
52,7,6,8,3,8,1
52,8,6,6,1,6,1
52,9,6,8,5,8,1
52,10,6,3,2,3,1
52,11,6,6,3,6,1
52,12,6,7,7,8,0
52,13,6,6,2,6,1
52,14,6,8,4,8,1
52,15,6,5,5,6,0
52,16,6,7,3,7,1
52,17,6,6,4,6,1
52,18,6,5,3,5,1
52,19,6,7,5,7,1
52,20,6,8,2,8,1
52,21,6,7,2,7,1
52,22,6,5,1,5,1
52,23,6,4,2,4,1
52,24,6,8,6,8,1
52,25,6,1,1,2,0
52,26,6,5,4,5,1
52,27,6,7,1,7,1
52,28,6,5,2,5,1
52,1,7,5,2,5,1
52,2,7,8,2,8,1
52,3,7,4,2,4,1
52,4,7,8,4,8,1
52,5,7,3,2,3,1
52,6,7,7,3,7,1
52,7,7,6,3,6,1
52,8,7,5,4,5,1
52,9,7,7,4,7,1
52,10,7,7,6,7,1
52,11,7,6,2,6,1
52,12,7,8,3,8,1
52,13,7,5,5,6,0
52,14,7,7,1,7,1
52,15,7,3,1,3,1
52,16,7,7,5,7,1
52,17,7,5,3,5,1
52,18,7,4,3,4,1
52,19,7,6,4,6,1
52,20,7,8,5,8,1
52,21,7,1,1,2,0
52,22,7,8,1,8,1
52,23,7,4,1,4,1
52,24,7,5,1,5,1
52,25,7,7,7,8,0
52,26,7,8,6,8,1
52,27,7,7,2,7,1
52,28,7,6,1,6,1
52,1,8,1,1,5,0
52,2,8,8,3,8,1
52,3,8,8,2,8,1
52,4,8,1,1,2,0
52,5,8,8,6,8,1
52,6,8,7,7,8,0
52,7,8,7,4,7,1
52,8,8,8,4,8,1
52,9,8,5,3,5,1
52,10,8,5,2,5,1
52,11,8,6,5,6,1
52,12,8,7,3,7,1
52,13,8,7,2,7,1
52,14,8,4,2,4,1
52,15,8,8,1,8,1
52,16,8,5,4,5,1
52,17,8,7,5,7,1
52,18,8,3,1,3,1
52,19,8,8,5,8,1
52,20,8,3,3,4,0
52,21,8,4,1,4,1
52,22,8,6,1,6,1
52,23,8,6,2,6,1
52,24,8,6,4,6,1
52,25,8,7,1,7,1
52,26,8,6,3,6,1
52,27,8,3,2,3,1
52,28,8,7,6,7,1
52,1,9,8,3,8,1
52,2,9,7,2,7,1
52,3,9,4,3,4,1
52,4,9,8,5,8,1
52,5,9,7,4,7,1
52,6,9,6,4,6,1
52,7,9,5,1,5,1
52,8,9,3,1,3,1
52,9,9,7,6,7,1
52,10,9,6,5,6,1
52,11,9,7,5,7,1
52,12,9,6,2,6,1
52,13,9,8,6,8,1
52,14,9,6,1,6,1
52,15,9,8,2,8,1
52,16,9,6,3,6,1
52,17,9,8,1,8,1
52,18,9,7,7,8,0
52,19,9,5,4,5,1
52,20,9,2,2,5,0
52,21,9,4,2,4,1
52,22,9,4,1,4,1
52,23,9,5,3,5,1
52,24,9,3,2,3,1
52,25,9,1,1,2,0
52,26,9,7,1,7,1
52,27,9,7,3,7,1
52,28,9,8,4,8,1
52,1,10,5,2,5,1
52,2,10,5,3,5,1
52,3,10,6,4,6,1
52,4,10,8,2,8,1
52,5,10,6,3,6,1
52,6,10,8,1,8,1
52,7,10,8,6,8,1
52,8,10,3,2,3,1
52,9,10,4,1,4,1
52,10,10,7,6,7,1
52,11,10,5,1,5,1
52,12,10,7,1,7,1
52,13,10,6,5,6,1
52,14,10,1,1,2,0
52,15,10,8,5,8,1
52,16,10,8,4,8,1
52,17,10,6,2,6,1
52,18,10,7,3,7,1
52,19,10,8,3,8,1
52,20,10,5,4,5,1
52,21,10,7,2,7,1
52,22,10,4,3,4,1
52,23,10,4,2,4,1
52,24,10,7,7,8,0
52,25,10,7,4,7,1
52,26,10,6,1,6,1
52,27,10,3,1,3,1
52,28,10,7,5,7,1
53,1,1,8,6,8,1
53,2,1,7,5,7,1
53,3,1,8,1,8,1
53,4,1,2,2,5,0
53,5,1,7,4,7,1
53,6,1,8,4,8,1
53,7,1,2,2,3,0
53,8,1,6,5,6,1
53,9,1,6,4,6,1
53,10,1,7,3,7,1
53,11,1,8,2,8,1
53,12,1,7,1,7,1
53,13,1,7,7,8,0
53,14,1,8,3,8,1
53,15,1,5,1,5,1
53,16,1,4,4,5,0
53,17,1,7,6,7,1
53,18,1,4,1,4,1
53,19,1,2,2,6,0
53,20,1,1,1,6,0
53,21,1,7,2,7,1
53,22,1,6,3,6,1
53,23,1,4,3,4,1
53,24,1,8,5,8,1
53,25,1,3,3,5,0
53,26,1,3,1,3,1
53,27,1,2,1,2,1
53,28,1,4,2,4,1
53,1,2,4,3,4,1
53,2,2,2,2,3,0
53,3,2,7,2,7,1
53,4,2,8,2,8,1
53,5,2,6,4,6,1
53,6,2,8,1,8,1
53,7,2,6,2,6,1
53,8,2,7,3,7,1
53,9,2,6,1,6,1
53,10,2,3,3,5,0
53,11,2,8,6,8,1
53,12,2,8,3,8,1
53,13,2,7,5,7,1
53,14,2,2,1,2,1
53,15,2,5,1,5,1
53,16,2,6,5,6,1
53,17,2,8,5,8,1
53,18,2,7,6,7,1
53,19,2,4,1,4,1
53,20,2,4,2,4,1
53,21,2,7,7,8,0
53,22,2,3,1,3,1
53,23,2,7,1,7,1
53,24,2,2,2,5,0
53,25,2,7,4,7,1
53,26,2,6,3,6,1
53,27,2,8,4,8,1
53,28,2,4,4,5,0
53,1,3,8,6,8,1
53,2,3,7,6,7,1
53,3,3,7,2,7,1
53,4,3,6,5,6,1
53,5,3,8,5,8,1
53,6,3,7,7,8,0
53,7,3,7,1,7,1
53,8,3,6,4,6,1
53,9,3,8,4,8,1
53,10,3,6,3,6,1
53,11,3,8,1,8,1
53,12,3,7,4,7,1
53,13,3,8,3,8,1
53,14,3,5,1,5,1
53,15,3,2,1,2,1
53,16,3,7,5,7,1
53,17,3,3,3,5,0
53,18,3,4,3,4,1
53,19,3,4,1,4,1
53,20,3,4,4,5,0
53,21,3,8,2,8,1
53,22,3,3,1,3,1
53,23,3,4,2,4,1
53,24,3,6,1,6,1
53,25,3,2,2,5,0
53,26,3,6,2,6,1
53,27,3,2,2,3,0
53,28,3,7,3,7,1
53,1,4,7,2,7,1
53,2,4,6,4,6,1
53,3,4,8,7,8,1
53,4,4,7,5,7,1
53,5,4,8,2,8,1
53,6,4,6,1,6,1
53,7,4,8,3,8,1
53,8,4,7,1,7,1
53,9,4,4,1,4,1
53,10,4,3,1,3,1
53,11,4,2,1,2,1
53,12,4,3,3,5,0
53,13,4,5,1,5,1
53,14,4,4,3,4,1
53,15,4,4,4,5,0
53,16,4,6,3,6,1
53,17,4,8,6,8,1
53,18,4,7,3,7,1
53,19,4,8,4,8,1
53,20,4,6,2,6,1
53,21,4,4,2,4,1
53,22,4,2,2,3,0
53,23,4,6,5,6,1
53,24,4,7,4,7,1
53,25,4,2,2,5,0
53,26,4,7,6,7,1
53,27,4,8,5,8,1
53,28,4,8,1,8,1
53,1,5,4,1,4,1
53,2,5,6,3,6,1
53,3,5,8,6,8,1
53,4,5,8,2,8,1
53,5,5,6,5,6,1
53,6,5,3,3,5,0
53,7,5,7,5,7,1
53,8,5,6,4,6,1
53,9,5,8,1,8,1
53,10,5,4,4,5,0
53,11,5,4,2,4,1
53,12,5,1,1,5,0
53,13,5,7,1,7,1
53,14,5,7,6,7,1
53,15,5,7,2,7,1
53,16,5,7,4,7,1
53,17,5,4,3,4,1
53,18,5,8,4,8,1
53,19,5,2,2,3,0
53,20,5,2,2,5,0
53,21,5,8,5,8,1
53,22,5,6,1,6,1
53,23,5,3,1,3,1
53,24,5,7,3,7,1
53,25,5,2,1,2,1
53,26,5,7,7,8,0
53,27,5,8,3,8,1
53,28,5,6,2,6,1
53,1,6,7,7,8,0
53,2,6,4,3,4,1
53,3,6,8,3,8,1
53,4,6,7,2,7,1
53,5,6,3,1,3,1
53,6,6,7,1,7,1
53,7,6,8,6,8,1
53,8,6,7,5,7,1
53,9,6,7,6,7,1
53,10,6,6,3,6,1
53,11,6,8,5,8,1
53,12,6,7,4,7,1
53,13,6,2,1,2,1
53,14,6,8,2,8,1
53,15,6,2,2,4,0
53,16,6,6,5,6,1
53,17,6,7,3,7,1
53,18,6,5,1,5,1
53,19,6,6,2,6,1
53,20,6,2,2,5,0
53,21,6,8,1,8,1
53,22,6,6,1,6,1
53,23,6,4,4,5,0
53,24,6,3,2,3,1
53,25,6,6,4,6,1
53,26,6,4,1,4,1
53,27,6,3,3,5,0
53,28,6,8,4,8,1
53,1,7,2,2,3,0
53,2,7,2,1,2,1
53,3,7,7,5,7,1
53,4,7,8,6,8,1
53,5,7,7,6,7,1
53,6,7,3,3,5,0
53,7,7,6,5,6,1
53,8,7,7,2,7,1
53,9,7,8,3,8,1
53,10,7,8,4,8,1
53,11,7,8,5,8,1
53,12,7,3,1,3,1
53,13,7,4,3,4,1
53,14,7,5,1,5,1
53,15,7,6,2,6,1
53,16,7,8,2,8,1
53,17,7,7,3,7,1
53,18,7,4,2,4,1
53,19,7,4,1,4,1
53,20,7,8,1,8,1
53,21,7,7,7,8,0
53,22,7,7,4,7,1
53,23,7,6,3,6,1
53,24,7,4,4,5,0
53,25,7,2,2,5,0
53,26,7,4,4,6,0
53,27,7,6,1,6,1
53,28,7,7,1,7,1
53,1,8,6,5,6,1
53,2,8,2,2,5,0
53,3,8,8,3,8,1
53,4,8,3,1,3,1
53,5,8,4,3,4,1
53,6,8,6,2,6,1
53,7,8,7,7,8,0
53,8,8,8,6,8,1
53,9,8,7,3,7,1
53,10,8,8,5,8,1
53,11,8,7,4,7,1
53,12,8,4,2,4,1
53,13,8,1,1,5,0
53,14,8,6,1,6,1
53,15,8,2,1,2,1
53,16,8,8,2,8,1
53,17,8,6,3,6,1
53,18,8,4,4,5,0
53,19,8,7,5,7,1
53,20,8,7,1,7,1
53,21,8,7,2,7,1
53,22,8,3,3,5,0
53,23,8,8,1,8,1
53,24,8,8,4,8,1
53,25,8,7,6,7,1
53,26,8,6,4,6,1
53,27,8,2,2,3,0
53,28,8,4,1,4,1
53,1,9,7,7,8,0
53,2,9,7,5,7,1
53,3,9,2,2,5,0
53,4,9,8,5,8,1
53,5,9,6,5,6,1
53,6,9,8,4,8,1
53,7,9,7,2,7,1
53,8,9,7,3,7,1
53,9,9,3,1,3,1
53,10,9,8,3,8,1
53,11,9,2,1,2,1
53,12,9,6,2,6,1
53,13,9,4,2,4,1
53,14,9,7,4,7,1
53,15,9,2,2,3,0
53,16,9,4,3,4,1
53,17,9,8,1,8,1
53,18,9,7,1,7,1
53,19,9,6,4,6,1
53,20,9,6,3,6,1
53,21,9,4,4,5,0
53,22,9,5,1,5,1
53,23,9,4,1,4,1
53,24,9,8,2,8,1
53,25,9,8,6,8,1
53,26,9,6,1,6,1
53,27,9,3,3,5,0
53,28,9,7,6,7,1
53,1,10,3,3,5,0
53,2,10,7,2,7,1
53,3,10,2,1,2,1
53,4,10,7,4,7,1
53,5,10,8,2,8,1
53,6,10,4,1,4,1
53,7,10,6,2,6,1
53,8,10,8,1,8,1
53,9,10,7,3,7,1
53,10,10,7,5,7,1
53,11,10,6,5,6,1
53,12,10,8,6,8,1
53,13,10,2,2,3,0
53,14,10,6,4,6,1
53,15,10,8,4,8,1
53,16,10,3,1,3,1
53,17,10,5,1,5,1
53,18,10,4,3,4,1
53,19,10,7,7,8,0
53,20,10,4,4,5,0
53,21,10,6,3,6,1
53,22,10,4,2,4,1
53,23,10,8,3,8,1
53,24,10,2,2,5,0
53,25,10,8,5,8,1
53,26,10,6,1,6,1
53,27,10,7,6,7,1
53,28,10,7,1,7,1
54,1,1,8,3,8,1
54,2,1,7,1,7,1
54,3,1,3,3,4,0
54,4,1,8,7,8,1
54,5,1,2,2,4,0
54,6,1,8,4,8,1
54,7,1,5,5,6,0
54,8,1,5,4,5,1
54,9,1,7,5,7,1
54,10,1,5,1,5,1
54,11,1,8,1,8,1
54,12,1,7,2,7,1
54,13,1,7,6,7,1
54,14,1,8,2,8,1
54,15,1,7,3,7,1
54,16,1,5,2,5,1
54,17,1,3,3,6,0
54,18,1,3,2,3,1
54,19,1,3,1,3,1
54,20,1,8,5,8,1
54,21,1,8,6,8,1
54,22,1,7,4,7,1
54,23,1,4,1,4,1
54,24,1,2,2,6,0
54,25,1,2,1,2,1
54,26,1,6,1,6,1
54,27,1,6,4,6,1
54,28,1,5,3,5,1
54,1,2,6,4,6,1
54,2,2,8,6,8,1
54,3,2,2,1,2,1
54,4,2,8,7,8,1
54,5,2,7,1,7,1
54,6,2,3,3,6,0
54,7,2,7,5,7,1
54,8,2,4,1,4,1
54,9,2,7,3,7,1
54,10,2,8,4,8,1
54,11,2,5,4,5,1
54,12,2,8,2,8,1
54,13,2,7,4,7,1
54,14,2,8,3,8,1
54,15,2,5,3,5,1
54,16,2,3,2,3,1
54,17,2,8,1,8,1
54,18,2,7,2,7,1
54,19,2,8,5,8,1
54,20,2,5,1,5,1
54,21,2,2,2,4,0
54,22,2,5,2,5,1
54,23,2,2,2,6,0
54,24,2,3,1,3,1
54,25,2,5,5,6,0
54,26,2,6,1,6,1
54,27,2,3,3,4,0
54,28,2,7,6,7,1
54,1,3,8,3,8,1
54,2,3,3,3,4,0
54,3,3,8,5,8,1
54,4,3,7,5,7,1
54,5,3,6,4,6,1
54,6,3,8,1,8,1
54,7,3,8,6,8,1
54,8,3,3,1,3,1
54,9,3,5,1,5,1
54,10,3,2,1,2,1
54,11,3,3,3,6,0
54,12,3,7,3,7,1
54,13,3,5,3,5,1
54,14,3,3,2,3,1
54,15,3,8,4,8,1
54,16,3,5,5,6,0
54,17,3,2,2,6,0
54,18,3,7,1,7,1
54,19,3,8,7,8,1
54,20,3,6,1,6,1
54,21,3,5,2,5,1
54,22,3,7,4,7,1
54,23,3,7,2,7,1
54,24,3,8,2,8,1
54,25,3,2,2,4,0
54,26,3,5,4,5,1
54,27,3,7,6,7,1
54,28,3,4,1,4,1
54,1,4,3,3,6,0
54,2,4,5,5,6,0
54,3,4,7,3,7,1
54,4,4,5,3,5,1
54,5,4,7,6,7,1
54,6,4,5,1,5,1
54,7,4,2,2,6,0
54,8,4,2,2,4,0
54,9,4,8,3,8,1
54,10,4,3,2,3,1
54,11,4,7,5,7,1
54,12,4,8,4,8,1
54,13,4,8,5,8,1
54,14,4,3,1,3,1
54,15,4,6,4,6,1
54,16,4,7,1,7,1
54,17,4,6,1,6,1
54,18,4,2,1,2,1
54,19,4,5,4,5,1
54,20,4,4,1,4,1
54,21,4,5,2,5,1
54,22,4,8,6,8,1
54,23,4,7,4,7,1
54,24,4,8,2,8,1
54,25,4,8,1,8,1
54,26,4,3,3,4,0
54,27,4,7,2,7,1
54,28,4,8,7,8,1
54,1,5,7,3,7,1
54,2,5,5,5,6,0
54,3,5,8,7,8,1
54,4,5,7,2,7,1
54,5,5,7,6,7,1
54,6,5,8,5,8,1
54,7,5,7,4,7,1
54,8,5,2,2,6,0
54,9,5,8,6,8,1
54,10,5,8,1,8,1
54,11,5,8,4,8,1
54,12,5,6,1,6,1
54,13,5,5,3,5,1
54,14,5,8,2,8,1
54,15,5,5,1,5,1
54,16,5,3,3,4,0
54,17,5,4,1,4,1
54,18,5,7,5,7,1
54,19,5,3,1,3,1
54,20,5,2,2,4,0
54,21,5,5,2,5,1
54,22,5,8,3,8,1
54,23,5,6,4,6,1
54,24,5,7,1,7,1
54,25,5,2,1,2,1
54,26,5,3,3,6,0
54,27,5,5,4,5,1
54,28,5,3,2,3,1
54,1,6,3,1,3,1
54,2,6,6,1,6,1
54,3,6,7,5,7,1
54,4,6,3,3,4,0
54,5,6,7,4,7,1
54,6,6,5,3,5,1
54,7,6,3,2,3,1
54,8,6,8,5,8,1
54,9,6,7,3,7,1
54,10,6,8,2,8,1
54,11,6,2,1,2,1
54,12,6,8,4,8,1
54,13,6,8,3,8,1
54,14,6,8,1,8,1
54,15,6,3,3,6,0
54,16,6,7,1,7,1
54,17,6,5,2,5,1
54,18,6,6,4,6,1
54,19,6,5,4,5,1
54,20,6,2,2,6,0
54,21,6,5,5,6,0
54,22,6,5,1,5,1
54,23,6,8,6,8,1
54,24,6,4,1,4,1
54,25,6,7,6,7,1
54,26,6,7,2,7,1
54,27,6,8,7,8,1
54,28,6,2,2,4,0
54,1,7,7,6,7,1
54,2,7,7,5,7,1
54,3,7,8,4,8,1
54,4,7,8,2,8,1
54,5,7,2,1,2,1
54,6,7,6,4,6,1
54,7,7,2,2,6,0
54,8,7,5,4,5,1
54,9,7,2,2,4,0
54,10,7,8,1,8,1
54,11,7,7,4,7,1
54,12,7,3,2,3,1
54,13,7,8,7,8,1
54,14,7,7,2,7,1
54,15,7,8,5,8,1
54,16,7,8,3,8,1
54,17,7,3,3,4,0
54,18,7,5,1,5,1
54,19,7,3,1,3,1
54,20,7,5,3,5,1
54,21,7,6,1,6,1
54,22,7,5,5,6,0
54,23,7,8,6,8,1
54,24,7,4,1,4,1
54,25,7,3,3,6,0
54,26,7,5,2,5,1
54,27,7,7,3,7,1
54,28,7,7,1,7,1
54,1,8,8,2,8,1
54,2,8,8,7,8,1
54,3,8,2,2,6,0
54,4,8,5,2,5,1
54,5,8,2,2,4,0
54,6,8,8,3,8,1
54,7,8,7,6,7,1
54,8,8,6,1,6,1
54,9,8,5,4,5,1
54,10,8,2,1,2,1
54,11,8,5,3,5,1
54,12,8,7,5,7,1
54,13,8,8,1,8,1
54,14,8,6,4,6,1
54,15,8,7,3,7,1
54,16,8,3,2,3,1
54,17,8,5,1,5,1
54,18,8,8,6,8,1
54,19,8,4,1,4,1
54,20,8,8,4,8,1
54,21,8,3,3,4,0
54,22,8,3,1,3,1
54,23,8,8,5,8,1
54,24,8,7,2,7,1
54,25,8,7,1,7,1
54,26,8,5,5,6,0
54,27,8,3,3,6,0
54,28,8,7,4,7,1
54,1,9,3,2,3,1
54,2,9,3,3,4,0
54,3,9,7,2,7,1
54,4,9,2,1,2,1
54,5,9,8,2,8,1
54,6,9,5,3,5,1
54,7,9,7,1,7,1
54,8,9,5,5,6,0
54,9,9,3,3,6,0
54,10,9,5,1,5,1
54,11,9,8,4,8,1
54,12,9,8,6,8,1
54,13,9,8,1,8,1
54,14,9,3,1,3,1
54,15,9,7,4,7,1
54,16,9,7,6,7,1
54,17,9,2,2,6,0
54,18,9,8,3,8,1
54,19,9,6,1,6,1
54,20,9,2,2,4,0
54,21,9,8,5,8,1
54,22,9,5,2,5,1
54,23,9,7,5,7,1
54,24,9,4,1,4,1
54,25,9,7,3,7,1
54,26,9,5,4,5,1
54,27,9,8,7,8,1
54,28,9,6,4,6,1
54,1,10,2,2,4,0
54,2,10,5,5,6,0
54,3,10,8,7,8,1
54,4,10,8,1,8,1
54,5,10,7,6,7,1
54,6,10,7,1,7,1
54,7,10,5,1,5,1
54,8,10,8,6,8,1
54,9,10,7,5,7,1
54,10,10,3,3,4,0
54,11,10,4,1,4,1
54,12,10,2,2,6,0
54,13,10,5,3,5,1
54,14,10,3,1,3,1
54,15,10,5,2,5,1
54,16,10,3,3,6,0
54,17,10,3,2,3,1
54,18,10,6,4,6,1
54,19,10,8,3,8,1
54,20,10,2,1,2,1
54,21,10,7,3,7,1
54,22,10,8,4,8,1
54,23,10,8,2,8,1
54,24,10,7,2,7,1
54,25,10,8,5,8,1
54,26,10,6,1,6,1
54,27,10,7,4,7,1
54,28,10,5,4,5,1
55,1,1,8,4,8,1
55,2,1,7,7,8,0
55,3,1,6,3,6,1
55,4,1,6,4,6,1
55,5,1,5,2,5,1
55,6,1,7,6,7,1
55,7,1,8,3,8,1
55,8,1,4,1,4,1
55,9,1,6,1,6,1
55,10,1,3,1,3,1
55,11,1,6,2,6,1
55,12,1,7,3,7,1
55,13,1,5,1,5,1
55,14,1,6,5,6,1
55,15,1,7,2,7,1
55,16,1,3,2,3,1
55,17,1,4,2,4,1
55,18,1,8,5,8,1
55,19,1,8,2,8,1
55,20,1,7,1,7,1
55,21,1,4,3,4,1
55,22,1,8,6,8,1
55,23,1,5,3,5,1
55,24,1,5,4,5,1
55,25,1,7,4,7,1
55,26,1,2,1,2,1
55,27,1,7,5,7,1
55,28,1,8,1,8,1
55,1,2,8,5,8,1
55,2,2,7,5,7,1
55,3,2,7,2,7,1
55,4,2,7,1,7,1
55,5,2,5,1,5,1
55,6,2,6,5,6,1
55,7,2,8,2,8,1
55,8,2,7,4,7,1
55,9,2,6,2,6,1
55,10,2,7,7,8,0
55,11,2,4,1,4,1
55,12,2,3,2,3,1
55,13,2,3,1,3,1
55,14,2,7,3,7,1
55,15,2,6,4,6,1
55,16,2,6,1,6,1
55,17,2,8,3,8,1
55,18,2,8,1,8,1
55,19,2,8,4,8,1
55,20,2,8,6,8,1
55,21,2,7,6,7,1
55,22,2,5,4,5,1
55,23,2,5,2,5,1
55,24,2,4,3,4,1
55,25,2,6,3,6,1
55,26,2,2,1,2,1
55,27,2,5,3,5,1
55,28,2,4,2,4,1
55,1,3,7,3,7,1
55,2,3,5,4,5,1
55,3,3,6,4,6,1
55,4,3,5,1,5,1
55,5,3,6,5,6,1
55,6,3,8,4,8,1
55,7,3,4,1,4,1
55,8,3,7,4,7,1
55,9,3,8,1,8,1
55,10,3,7,6,7,1
55,11,3,6,3,6,1
55,12,3,7,7,8,0
55,13,3,7,1,7,1
55,14,3,2,1,2,1
55,15,3,4,2,4,1
55,16,3,8,5,8,1
55,17,3,6,2,6,1
55,18,3,6,1,6,1
55,19,3,4,3,4,1
55,20,3,8,2,8,1
55,21,3,7,5,7,1
55,22,3,8,3,8,1
55,23,3,5,2,5,1
55,24,3,3,2,3,1
55,25,3,3,1,3,1
55,26,3,7,2,7,1
55,27,3,5,3,5,1
55,28,3,8,6,8,1
55,1,4,7,5,7,1
55,2,4,6,3,6,1
55,3,4,5,2,5,1
55,4,4,3,2,3,1
55,5,4,8,3,8,1
55,6,4,8,6,8,1
55,7,4,7,1,7,1
55,8,4,7,6,7,1
55,9,4,8,4,8,1
55,10,4,7,3,7,1
55,11,4,8,7,8,1
55,12,4,6,4,6,1
55,13,4,6,5,6,1
55,14,4,3,1,3,1
55,15,4,8,2,8,1
55,16,4,8,1,8,1
55,17,4,6,1,6,1
55,18,4,5,3,5,1
55,19,4,4,1,4,1
55,20,4,7,2,7,1
55,21,4,8,5,8,1
55,22,4,5,1,5,1
55,23,4,7,4,7,1
55,24,4,5,4,5,1
55,25,4,4,3,4,1
55,26,4,4,2,4,1
55,27,4,2,1,2,1
55,28,4,6,2,6,1
55,1,5,6,4,6,1
55,2,5,7,2,7,1
55,3,5,7,5,7,1
55,4,5,6,2,6,1
55,5,5,8,6,8,1
55,6,5,8,3,8,1
55,7,5,3,1,3,1
55,8,5,7,6,7,1
55,9,5,5,2,5,1
55,10,5,5,4,5,1
55,11,5,6,5,6,1
55,12,5,6,3,6,1
55,13,5,4,3,4,1
55,14,5,8,1,8,1
55,15,5,2,1,2,1
55,16,5,8,5,8,1
55,17,5,7,1,7,1
55,18,5,6,1,6,1
55,19,5,4,2,4,1
55,20,5,7,3,7,1
55,21,5,5,1,5,1
55,22,5,4,1,4,1
55,23,5,3,2,3,1
55,24,5,7,4,7,1
55,25,5,5,3,5,1
55,26,5,7,7,8,0
55,27,5,8,2,8,1
55,28,5,8,4,8,1
55,1,6,5,1,5,1
55,2,6,7,3,7,1
55,3,6,7,6,7,1
55,4,6,7,7,8,0
55,5,6,7,4,7,1
55,6,6,8,2,8,1
55,7,6,4,2,4,1
55,8,6,6,3,6,1
55,9,6,6,5,6,1
55,10,6,8,1,8,1
55,11,6,2,1,2,1
55,12,6,5,3,5,1
55,13,6,8,4,8,1
55,14,6,8,3,8,1
55,15,6,8,6,8,1
55,16,6,8,5,8,1
55,17,6,4,3,4,1
55,18,6,6,1,6,1
55,19,6,3,2,3,1
55,20,6,5,2,5,1
55,21,6,7,1,7,1
55,22,6,6,4,6,1
55,23,6,6,2,6,1
55,24,6,3,1,3,1
55,25,6,5,4,5,1
55,26,6,7,5,7,1
55,27,6,7,2,7,1
55,28,6,4,1,4,1
55,1,7,7,7,8,0
55,2,7,8,6,8,1
55,3,7,5,3,5,1
55,4,7,5,1,5,1
55,5,7,6,4,6,1
55,6,7,6,3,6,1
55,7,7,7,1,7,1
55,8,7,3,1,3,1
55,9,7,8,4,8,1
55,10,7,7,4,7,1
55,11,7,6,1,6,1
55,12,7,8,1,8,1
55,13,7,2,1,2,1
55,14,7,8,2,8,1
55,15,7,5,4,5,1
55,16,7,7,5,7,1
55,17,7,4,3,4,1
55,18,7,7,3,7,1
55,19,7,4,1,4,1
55,20,7,5,2,5,1
55,21,7,6,2,6,1
55,22,7,8,3,8,1
55,23,7,7,2,7,1
55,24,7,6,5,6,1
55,25,7,3,2,3,1
55,26,7,8,5,8,1
55,27,7,7,6,7,1
55,28,7,4,2,4,1
55,1,8,2,1,2,1
55,2,8,8,2,8,1
55,3,8,7,1,7,1
55,4,8,7,5,7,1
55,5,8,8,6,8,1
55,6,8,4,2,4,1
55,7,8,4,1,4,1
55,8,8,8,1,8,1
55,9,8,6,3,6,1
55,10,8,3,2,3,1
55,11,8,7,4,7,1
55,12,8,6,5,6,1
55,13,8,5,3,5,1
55,14,8,7,2,7,1
55,15,8,6,4,6,1
55,16,8,8,4,8,1
55,17,8,8,5,8,1
55,18,8,4,3,4,1
55,19,8,3,1,3,1
55,20,8,5,2,5,1
55,21,8,8,3,8,1
55,22,8,6,2,6,1
55,23,8,7,7,8,0
55,24,8,7,3,7,1
55,25,8,7,6,7,1
55,26,8,5,4,5,1
55,27,8,5,1,5,1
55,28,8,6,1,6,1
55,1,9,8,1,8,1
55,2,9,7,4,7,1
55,3,9,4,3,4,1
55,4,9,6,1,6,1
55,5,9,7,3,7,1
55,6,9,5,2,5,1
55,7,9,5,3,5,1
55,8,9,6,5,6,1
55,9,9,3,1,3,1
55,10,9,5,4,5,1
55,11,9,4,2,4,1
55,12,9,8,2,8,1
55,13,9,7,5,7,1
55,14,9,4,1,4,1
55,15,9,8,6,8,1
55,16,9,7,7,8,0
55,17,9,7,6,7,1
55,18,9,7,1,7,1
55,19,9,3,2,3,1
55,20,9,6,4,6,1
55,21,9,8,4,8,1
55,22,9,6,2,6,1
55,23,9,7,2,7,1
55,24,9,8,3,8,1
55,25,9,6,3,6,1
55,26,9,2,1,2,1
55,27,9,5,1,5,1
55,28,9,8,5,8,1
55,1,10,8,6,8,1
55,2,10,6,2,6,1
55,3,10,4,2,4,1
55,4,10,2,1,2,1
55,5,10,4,1,4,1
55,6,10,8,1,8,1
55,7,10,7,1,7,1
55,8,10,8,2,8,1
55,9,10,7,6,7,1
55,10,10,6,5,6,1
55,11,10,6,1,6,1
55,12,10,5,1,5,1
55,13,10,6,4,6,1
55,14,10,4,3,4,1
55,15,10,7,5,7,1
55,16,10,3,2,3,1
55,17,10,7,3,7,1
55,18,10,8,3,8,1
55,19,10,8,4,8,1
55,20,10,7,7,8,0
55,21,10,7,2,7,1
55,22,10,5,3,5,1
55,23,10,5,4,5,1
55,24,10,3,1,3,1
55,25,10,7,4,7,1
55,26,10,5,2,5,1
55,27,10,8,5,8,1
55,28,10,6,3,6,1
56,1,1,8,4,8,1
56,2,1,5,1,5,1
56,3,1,5,2,5,1
56,4,1,7,6,7,1
56,5,1,8,6,8,1
56,6,1,2,1,2,1
56,7,1,6,4,6,1
56,8,1,4,2,4,1
56,9,1,8,3,8,1
56,10,1,6,1,6,1
56,11,1,7,5,7,1
56,12,1,3,2,3,1
56,13,1,5,4,5,1
56,14,1,7,2,7,1
56,15,1,5,3,5,1
56,16,1,6,3,6,1
56,17,1,6,5,6,1
56,18,1,8,2,8,1
56,19,1,8,1,8,1
56,20,1,6,2,6,1
56,21,1,4,3,4,1
56,22,1,7,1,7,1
56,23,1,3,1,3,1
56,24,1,8,5,8,1
56,25,1,4,1,4,1
56,26,1,7,3,7,1
56,27,1,7,4,7,1
56,28,1,7,7,8,0
56,1,2,6,2,6,1
56,2,2,3,1,3,1
56,3,2,8,6,8,1
56,4,2,8,7,8,1
56,5,2,6,3,6,1
56,6,2,7,6,7,1
56,7,2,7,4,7,1
56,8,2,4,1,4,1
56,9,2,6,5,6,1
56,10,2,6,1,6,1
56,11,2,4,3,4,1
56,12,2,5,2,5,1
56,13,2,7,1,7,1
56,14,2,8,1,8,1
56,15,2,8,5,8,1
56,16,2,3,2,3,1
56,17,2,8,2,8,1
56,18,2,6,4,6,1
56,19,2,2,1,2,1
56,20,2,7,2,7,1
56,21,2,5,3,5,1
56,22,2,8,4,8,1
56,23,2,4,2,4,1
56,24,2,7,3,7,1
56,25,2,7,5,7,1
56,26,2,5,4,5,1
56,27,2,8,3,8,1
56,28,2,5,1,5,1
56,1,3,5,1,5,1
56,2,3,6,3,6,1
56,3,3,7,4,7,1
56,4,3,3,2,3,1
56,5,3,4,2,4,1
56,6,3,5,2,5,1
56,7,3,7,6,7,1
56,8,3,6,1,6,1
56,9,3,4,3,4,1
56,10,3,8,3,8,1
56,11,3,2,1,2,1
56,12,3,7,1,7,1
56,13,3,6,5,6,1
56,14,3,7,2,7,1
56,15,3,6,4,6,1
56,16,3,7,3,7,1
56,17,3,7,5,7,1
56,18,3,6,2,6,1
56,19,3,5,4,5,1
56,20,3,8,5,8,1
56,21,3,8,6,8,1
56,22,3,5,3,5,1
56,23,3,8,7,8,1
56,24,3,8,2,8,1
56,25,3,8,1,8,1
56,26,3,3,1,3,1
56,27,3,4,1,4,1
56,28,3,8,4,8,1
56,1,4,8,5,8,1
56,2,4,7,6,7,1
56,3,4,7,4,7,1
56,4,4,6,3,6,1
56,5,4,7,3,7,1
56,6,4,7,2,7,1
56,7,4,6,2,6,1
56,8,4,7,5,7,1
56,9,4,6,1,6,1
56,10,4,8,2,8,1
56,11,4,4,2,4,1
56,12,4,3,2,3,1
56,13,4,4,3,4,1
56,14,4,8,7,8,1
56,15,4,8,6,8,1
56,16,4,5,2,5,1
56,17,4,6,5,6,1
56,18,4,8,4,8,1
56,19,4,4,1,4,1
56,20,4,8,3,8,1
56,21,4,6,4,6,1
56,22,4,5,3,5,1
56,23,4,5,4,5,1
56,24,4,7,1,7,1
56,25,4,2,1,2,1
56,26,4,8,1,8,1
56,27,4,5,1,5,1
56,28,4,3,1,3,1
56,1,5,2,1,2,1
56,2,5,5,2,5,1
56,3,5,8,5,8,1
56,4,5,3,2,3,1
56,5,5,3,1,3,1
56,6,5,6,4,6,1
56,7,5,8,4,8,1
56,8,5,5,3,5,1
56,9,5,4,1,4,1
56,10,5,4,3,4,1
56,11,5,8,3,8,1
56,12,5,8,6,8,1
56,13,5,8,7,8,1
56,14,5,7,5,7,1
56,15,5,5,4,5,1
56,16,5,3,3,6,0
56,17,5,6,1,6,1
56,18,5,5,1,5,1
56,19,5,8,2,8,1
56,20,5,7,4,7,1
56,21,5,6,2,6,1
56,22,5,6,5,6,1
56,23,5,7,3,7,1
56,24,5,4,2,4,1
56,25,5,8,1,8,1
56,26,5,7,6,7,1
56,27,5,7,1,7,1
56,28,5,7,2,7,1
56,1,6,3,1,3,1
56,2,6,7,6,7,1
56,3,6,7,3,7,1
56,4,6,5,2,5,1
56,5,6,7,4,7,1
56,6,6,8,1,8,1
56,7,6,8,4,8,1
56,8,6,8,5,8,1
56,9,6,8,6,8,1
56,10,6,5,3,5,1
56,11,6,6,2,6,1
56,12,6,6,1,6,1
56,13,6,4,2,4,1
56,14,6,4,3,4,1
56,15,6,7,1,7,1
56,16,6,2,1,2,1
56,17,6,5,4,5,1
56,18,6,6,4,6,1
56,19,6,4,1,4,1
56,20,6,5,1,5,1
56,21,6,7,5,7,1
56,22,6,8,3,8,1
56,23,6,6,5,6,1
56,24,6,7,2,7,1
56,25,6,8,7,8,1
56,26,6,6,3,6,1
56,27,6,8,2,8,1
56,28,6,3,2,3,1
56,1,7,7,3,7,1
56,2,7,7,4,7,1
56,3,7,3,2,3,1
56,4,7,3,1,3,1
56,5,7,5,4,5,1
56,6,7,4,2,4,1
56,7,7,8,2,8,1
56,8,7,4,1,4,1
56,9,7,7,2,7,1
56,10,7,8,6,8,1
56,11,7,5,1,5,1
56,12,7,6,1,6,1
56,13,7,8,1,8,1
56,14,7,4,4,6,0
56,15,7,5,2,5,1
56,16,7,5,3,5,1
56,17,7,8,5,8,1
56,18,7,7,5,7,1
56,19,7,8,4,8,1
56,20,7,7,6,7,1
56,21,7,8,3,8,1
56,22,7,7,1,7,1
56,23,7,7,7,8,0
56,24,7,6,2,6,1
56,25,7,6,5,6,1
56,26,7,4,3,4,1
56,27,7,2,1,2,1
56,28,7,6,3,6,1
56,1,8,4,2,4,1
56,2,8,7,2,7,1
56,3,8,5,4,5,1
56,4,8,6,4,6,1
56,5,8,8,3,8,1
56,6,8,7,4,7,1
56,7,8,5,3,5,1
56,8,8,6,2,6,1
56,9,8,2,1,2,1
56,10,8,6,5,6,1
56,11,8,4,3,4,1
56,12,8,6,1,6,1
56,13,8,4,1,4,1
56,14,8,3,2,3,1
56,15,8,7,5,7,1
56,16,8,7,6,7,1
56,17,8,5,2,5,1
56,18,8,8,1,8,1
56,19,8,8,2,8,1
56,20,8,8,6,8,1
56,21,8,8,7,8,1
56,22,8,6,3,6,1
56,23,8,8,5,8,1
56,24,8,3,1,3,1
56,25,8,8,4,8,1
56,26,8,5,1,5,1
56,27,8,7,1,7,1
56,28,8,7,3,7,1
56,1,9,3,2,3,1
56,2,9,6,1,6,1
56,3,9,8,4,8,1
56,4,9,8,1,8,1
56,5,9,7,6,7,1
56,6,9,5,2,5,1
56,7,9,7,4,7,1
56,8,9,8,3,8,1
56,9,9,2,1,2,1
56,10,9,7,1,7,1
56,11,9,8,6,8,1
56,12,9,3,1,3,1
56,13,9,5,1,5,1
56,14,9,6,4,6,1
56,15,9,8,7,8,1
56,16,9,6,5,6,1
56,17,9,8,2,8,1
56,18,9,8,5,8,1
56,19,9,7,3,7,1
56,20,9,7,2,7,1
56,21,9,4,1,4,1
56,22,9,6,3,6,1
56,23,9,4,2,4,1
56,24,9,6,2,6,1
56,25,9,7,5,7,1
56,26,9,4,3,4,1
56,27,9,5,4,5,1
56,28,9,5,3,5,1
56,1,10,6,3,6,1
56,2,10,4,2,4,1
56,3,10,8,4,8,1
56,4,10,8,5,8,1
56,5,10,7,4,7,1
56,6,10,7,6,7,1
56,7,10,6,4,6,1
56,8,10,4,3,4,1
56,9,10,7,2,7,1
56,10,10,5,2,5,1
56,11,10,8,2,8,1
56,12,10,5,1,5,1
56,13,10,8,7,8,1
56,14,10,3,2,3,1
56,15,10,5,3,5,1
56,16,10,7,5,7,1
56,17,10,2,1,2,1
56,18,10,6,1,6,1
56,19,10,7,3,7,1
56,20,10,6,2,6,1
56,21,10,8,3,8,1
56,22,10,7,1,7,1
56,23,10,4,1,4,1
56,24,10,8,6,8,1
56,25,10,3,1,3,1
56,26,10,8,1,8,1
56,27,10,6,5,6,1
56,28,10,5,4,5,1
57,1,1,3,1,3,1
57,2,1,6,2,6,1
57,3,1,4,1,4,1
57,4,1,3,3,4,0
57,5,1,5,1,5,1
57,6,1,8,1,8,1
57,7,1,6,4,6,1
57,8,1,6,3,6,1
57,9,1,8,3,8,1
57,10,1,8,7,8,1
57,11,1,2,1,2,1
57,12,1,6,6,7,0
57,13,1,7,4,7,1
57,14,1,6,1,6,1
57,15,1,5,3,5,1
57,16,1,8,4,8,1
57,17,1,5,5,8,0
57,18,1,5,5,7,0
57,19,1,7,3,7,1
57,20,1,7,1,7,1
57,21,1,8,2,8,1
57,22,1,5,4,5,1
57,23,1,2,2,4,0
57,24,1,5,2,5,1
57,25,1,8,6,8,1
57,26,1,3,2,3,1
57,27,1,7,2,7,1
57,28,1,5,5,6,0
57,1,2,5,1,5,1
57,2,2,7,2,7,1
57,3,2,2,2,4,0
57,4,2,6,1,6,1
57,5,2,8,6,8,1
57,6,2,3,1,3,1
57,7,2,5,5,8,0
57,8,2,5,5,6,0
57,9,2,7,4,7,1
57,10,2,7,3,7,1
57,11,2,7,1,7,1
57,12,2,8,4,8,1
57,13,2,3,3,6,0
57,14,2,7,6,7,1
57,15,2,6,2,6,1
57,16,2,5,3,5,1
57,17,2,5,5,7,0
57,18,2,5,4,5,1
57,19,2,3,2,3,1
57,20,2,5,2,5,1
57,21,2,2,1,2,1
57,22,2,6,4,6,1
57,23,2,3,3,4,0
57,24,2,8,3,8,1
57,25,2,8,7,8,1
57,26,2,4,1,4,1
57,27,2,8,2,8,1
57,28,2,8,1,8,1
57,1,3,6,6,7,0
57,2,3,3,3,4,0
57,3,3,5,4,5,1
57,4,3,8,1,8,1
57,5,3,6,4,6,1
57,6,3,6,1,6,1
57,7,3,6,3,6,1
57,8,3,5,5,6,0
57,9,3,5,3,5,1
57,10,3,7,1,7,1
57,11,3,8,3,8,1
57,12,3,2,2,4,0
57,13,3,5,1,5,1
57,14,3,2,2,3,0
57,15,3,5,2,5,1
57,16,3,7,2,7,1
57,17,3,4,1,4,1
57,18,3,8,5,8,1
57,19,3,7,4,7,1
57,20,3,2,1,2,1
57,21,3,6,2,6,1
57,22,3,5,5,7,0
57,23,3,7,3,7,1
57,24,3,8,4,8,1
57,25,3,3,1,3,1
57,26,3,8,6,8,1
57,27,3,8,7,8,1
57,28,3,8,2,8,1
57,1,4,5,5,7,0
57,2,4,5,2,5,1
57,3,4,6,6,7,0
57,4,4,5,5,6,0
57,5,4,8,4,8,1
57,6,4,5,4,5,1
57,7,4,4,1,4,1
57,8,4,5,3,5,1
57,9,4,5,1,5,1
57,10,4,3,2,3,1
57,11,4,3,1,3,1
57,12,4,6,1,6,1
57,13,4,6,2,6,1
57,14,4,4,2,4,1
57,15,4,6,4,6,1
57,16,4,3,3,4,0
57,17,4,8,3,8,1
57,18,4,7,2,7,1
57,19,4,7,3,7,1
57,20,4,8,5,8,1
57,21,4,7,4,7,1
57,22,4,8,1,8,1
57,23,4,6,3,6,1
57,24,4,7,1,7,1
57,25,4,2,1,2,1
57,26,4,8,2,8,1
57,27,4,8,7,8,1
57,28,4,8,6,8,1
57,1,5,5,3,5,1
57,2,5,8,4,8,1
57,3,5,6,3,6,1
57,4,5,5,5,6,0
57,5,5,8,7,8,1
57,6,5,3,3,4,0
57,7,5,2,2,4,0
57,8,5,3,1,3,1
57,9,5,6,2,6,1
57,10,5,8,6,8,1
57,11,5,6,4,6,1
57,12,5,7,3,7,1
57,13,5,5,5,8,0
57,14,5,6,1,6,1
57,15,5,7,1,7,1
57,16,5,5,5,7,0
57,17,5,3,2,3,1
57,18,5,5,4,5,1
57,19,5,8,2,8,1
57,20,5,8,3,8,1
57,21,5,6,6,7,0
57,22,5,8,1,8,1
57,23,5,5,1,5,1
57,24,5,7,2,7,1
57,25,5,5,2,5,1
57,26,5,7,4,7,1
57,27,5,4,1,4,1
57,28,5,2,1,2,1
57,1,6,5,2,5,1
57,2,6,6,2,6,1
57,3,6,5,1,5,1
57,4,6,8,2,8,1
57,5,6,6,4,6,1
57,6,6,5,5,8,0
57,7,6,8,1,8,1
57,8,6,3,1,3,1
57,9,6,7,1,7,1
57,10,6,7,4,7,1
57,11,6,7,2,7,1
57,12,6,5,3,5,1
57,13,6,3,2,3,1
57,14,6,8,6,8,1
57,15,6,7,3,7,1
57,16,6,5,5,7,0
57,17,6,3,3,6,0
57,18,6,8,7,8,1
57,19,6,3,3,4,0
57,20,6,8,4,8,1
57,21,6,6,6,7,0
57,22,6,4,1,4,1
57,23,6,5,5,6,0
57,24,6,4,2,4,1
57,25,6,5,4,5,1
57,26,6,8,3,8,1
57,27,6,2,1,2,1
57,28,6,6,1,6,1
57,1,7,6,3,6,1
57,2,7,6,6,7,0
57,3,7,5,1,5,1
57,4,7,8,2,8,1
57,5,7,2,1,2,1
57,6,7,8,4,8,1
57,7,7,6,1,6,1
57,8,7,7,2,7,1
57,9,7,7,1,7,1
57,10,7,1,1,4,0
57,11,7,5,3,5,1
57,12,7,8,6,8,1
57,13,7,6,4,6,1
57,14,7,5,4,5,1
57,15,7,4,2,4,1
57,16,7,7,4,7,1
57,17,7,2,2,3,0
57,18,7,5,2,5,1
57,19,7,3,1,3,1
57,20,7,3,3,4,0
57,21,7,5,5,6,0
57,22,7,8,7,8,1
57,23,7,8,1,8,1
57,24,7,6,2,6,1
57,25,7,8,3,8,1
57,26,7,7,3,7,1
57,27,7,8,5,8,1
57,28,7,5,5,7,0
57,1,8,2,1,2,1
57,2,8,8,1,8,1
57,3,8,5,5,8,0
57,4,8,3,1,3,1
57,5,8,5,5,7,0
57,6,8,6,3,6,1
57,7,8,7,4,7,1
57,8,8,6,4,6,1
57,9,8,8,3,8,1
57,10,8,5,1,5,1
57,11,8,5,5,6,0
57,12,8,7,1,7,1
57,13,8,1,1,6,0
57,14,8,3,2,3,1
57,15,8,7,7,8,0
57,16,8,5,3,5,1
57,17,8,6,2,6,1
57,18,8,5,2,5,1
57,19,8,4,1,4,1
57,20,8,4,2,4,1
57,21,8,8,4,8,1
57,22,8,3,3,7,0
57,23,8,7,6,7,1
57,24,8,5,4,5,1
57,25,8,8,2,8,1
57,26,8,3,3,4,0
57,27,8,7,2,7,1
57,28,8,6,6,8,0
57,1,9,7,3,7,1
57,2,9,4,1,4,1
57,3,9,3,1,3,1
57,4,9,2,2,4,0
57,5,9,6,2,6,1
57,6,9,7,1,7,1
57,7,9,8,7,8,1
57,8,9,5,4,5,1
57,9,9,3,3,4,0
57,10,9,8,6,8,1
57,11,9,6,1,6,1
57,12,9,3,3,5,0
57,13,9,3,2,3,1
57,14,9,8,5,8,1
57,15,9,5,5,6,0
57,16,9,8,2,8,1
57,17,9,7,4,7,1
57,18,9,5,1,5,1
57,19,9,7,2,7,1
57,20,9,8,1,8,1
57,21,9,6,3,6,1
57,22,9,6,6,7,0
57,23,9,8,4,8,1
57,24,9,8,3,8,1
57,25,9,6,4,6,1
57,26,9,5,2,5,1
57,27,9,5,5,7,0
57,28,9,2,1,2,1
57,1,10,8,1,8,1
57,2,10,8,3,8,1
57,3,10,3,1,3,1
57,4,10,5,4,5,1
57,5,10,7,1,7,1
57,6,10,6,3,6,1
57,7,10,8,7,8,1
57,8,10,5,5,7,0
57,9,10,6,1,6,1
57,10,10,8,2,8,1
57,11,10,2,1,2,1
57,12,10,5,5,6,0
57,13,10,7,3,7,1
57,14,10,6,4,6,1
57,15,10,4,4,7,0
57,16,10,5,1,5,1
57,17,10,5,2,5,1
57,18,10,7,2,7,1
57,19,10,2,2,4,0
57,20,10,6,6,7,0
57,21,10,8,6,8,1
57,22,10,6,2,6,1
57,23,10,5,3,5,1
57,24,10,3,3,4,0
57,25,10,4,1,4,1
57,26,10,8,4,8,1
57,27,10,3,2,3,1
57,28,10,5,5,8,0
58,1,1,6,2,6,1
58,2,1,6,4,6,1
58,3,1,5,3,5,1
58,4,1,4,3,4,1
58,5,1,3,1,3,1
58,6,1,8,7,8,1
58,7,1,4,2,4,1
58,8,1,7,4,7,1
58,9,1,2,2,3,0
58,10,1,2,2,5,0
58,11,1,6,1,6,1
58,12,1,4,4,5,0
58,13,1,6,5,6,1
58,14,1,7,6,7,1
58,15,1,7,5,7,1
58,16,1,8,5,8,1
58,17,1,8,2,8,1
58,18,1,7,2,7,1
58,19,1,2,1,2,1
58,20,1,4,1,4,1
58,21,1,8,4,8,1
58,22,1,7,1,7,1
58,23,1,7,3,7,1
58,24,1,8,6,8,1
58,25,1,6,3,6,1
58,26,1,5,1,5,1
58,27,1,8,3,8,1
58,28,1,8,1,8,1
58,1,2,5,1,5,1
58,2,2,6,4,6,1
58,3,2,4,3,4,1
58,4,2,2,2,5,0
58,5,2,4,2,4,1
58,6,2,7,2,7,1
58,7,2,7,6,7,1
58,8,2,7,1,7,1
58,9,2,8,6,8,1
58,10,2,4,4,5,0
58,11,2,8,5,8,1
58,12,2,8,4,8,1
58,13,2,2,2,3,0
58,14,2,6,3,6,1
58,15,2,7,4,7,1
58,16,2,3,1,3,1
58,17,2,6,1,6,1
58,18,2,8,1,8,1
58,19,2,8,3,8,1
58,20,2,8,7,8,1
58,21,2,4,1,4,1
58,22,2,7,5,7,1
58,23,2,6,5,6,1
58,24,2,2,1,2,1
58,25,2,7,3,7,1
58,26,2,8,2,8,1
58,27,2,6,2,6,1
58,28,2,5,3,5,1
58,1,3,7,5,7,1
58,2,3,2,1,2,1
58,3,3,6,4,6,1
58,4,3,4,3,4,1
58,5,3,8,3,8,1
58,6,3,7,2,7,1
58,7,3,8,2,8,1
58,8,3,3,1,3,1
58,9,3,8,6,8,1
58,10,3,8,5,8,1
58,11,3,5,2,5,1
58,12,3,8,7,8,1
58,13,3,4,4,7,0
58,14,3,4,2,4,1
58,15,3,8,4,8,1
58,16,3,6,2,6,1
58,17,3,6,5,6,1
58,18,3,5,1,5,1
58,19,3,6,3,6,1
58,20,3,6,1,6,1
58,21,3,4,1,4,1
58,22,3,4,4,5,0
58,23,3,2,2,3,0
58,24,3,5,3,5,1
58,25,3,8,1,8,1
58,26,3,7,3,7,1
58,27,3,7,1,7,1
58,28,3,7,6,7,1
58,1,4,2,2,3,0
58,2,4,7,3,7,1
58,3,4,4,1,4,1
58,4,4,7,1,7,1
58,5,4,2,1,2,1
58,6,4,5,1,5,1
58,7,4,6,3,6,1
58,8,4,4,3,4,1
58,9,4,5,3,5,1
58,10,4,8,6,8,1
58,11,4,6,1,6,1
58,12,4,6,2,6,1
58,13,4,3,1,3,1
58,14,4,7,5,7,1
58,15,4,7,6,7,1
58,16,4,4,4,5,0
58,17,4,8,7,8,1
58,18,4,6,5,6,1
58,19,4,7,2,7,1
58,20,4,8,2,8,1
58,21,4,2,2,5,0
58,22,4,4,2,4,1
58,23,4,8,5,8,1
58,24,4,7,4,7,1
58,25,4,8,1,8,1
58,26,4,8,3,8,1
58,27,4,8,4,8,1
58,28,4,6,4,6,1
58,1,5,6,5,6,1
58,2,5,4,3,4,1
58,3,5,7,3,7,1
58,4,5,5,1,5,1
58,5,5,2,2,3,0
58,6,5,6,3,6,1
58,7,5,8,5,8,1
58,8,5,5,3,5,1
58,9,5,7,2,7,1
58,10,5,6,1,6,1
58,11,5,5,2,5,1
58,12,5,2,1,2,1
58,13,5,3,1,3,1
58,14,5,7,5,7,1
58,15,5,2,2,8,0
58,16,5,7,1,7,1
58,17,5,7,4,7,1
58,18,5,4,1,4,1
58,19,5,8,7,8,1
58,20,5,4,4,5,0
58,21,5,8,4,8,1
58,22,5,8,1,8,1
58,23,5,4,2,4,1
58,24,5,8,3,8,1
58,25,5,7,6,7,1
58,26,5,6,4,6,1
58,27,5,6,2,6,1
58,28,5,8,6,8,1
58,1,6,8,2,8,1
58,2,6,6,1,6,1
58,3,6,6,3,6,1
58,4,6,3,1,3,1
58,5,6,8,3,8,1
58,6,6,5,2,5,1
58,7,6,7,5,7,1
58,8,6,7,2,7,1
58,9,6,8,6,8,1
58,10,6,6,2,6,1
58,11,6,6,4,6,1
58,12,6,2,1,2,1
58,13,6,6,5,6,1
58,14,6,4,3,4,1
58,15,6,4,2,4,1
58,16,6,5,1,5,1
58,17,6,8,5,8,1
58,18,6,5,3,5,1
58,19,6,7,3,7,1
58,20,6,7,1,7,1
58,21,6,4,4,7,0
58,22,6,8,4,8,1
58,23,6,7,6,7,1
58,24,6,4,4,5,0
58,25,6,4,1,4,1
58,26,6,8,1,8,1
58,27,6,8,7,8,1
58,28,6,2,2,3,0
58,1,7,6,4,6,1
58,2,7,8,7,8,1
58,3,7,4,4,5,0
58,4,7,4,2,4,1
58,5,7,6,2,6,1
58,6,7,4,1,4,1
58,7,7,8,2,8,1
58,8,7,5,1,5,1
58,9,7,8,6,8,1
58,10,7,7,2,7,1
58,11,7,8,5,8,1
58,12,7,6,3,6,1
58,13,7,8,3,8,1
58,14,7,8,4,8,1
58,15,7,2,2,3,0
58,16,7,7,5,7,1
58,17,7,6,1,6,1
58,18,7,8,1,8,1
58,19,7,5,2,5,1
58,20,7,5,3,5,1
58,21,7,7,3,7,1
58,22,7,7,4,7,1
58,23,7,7,1,7,1
58,24,7,3,1,3,1
58,25,7,6,5,6,1
58,26,7,2,1,2,1
58,27,7,7,6,7,1
58,28,7,4,3,4,1
58,1,8,2,1,2,1
58,2,8,8,4,8,1
58,3,8,5,2,5,1
58,4,8,6,5,6,1
58,5,8,5,3,5,1
58,6,8,8,7,8,1
58,7,8,8,1,8,1
58,8,8,4,1,4,1
58,9,8,8,3,8,1
58,10,8,3,1,3,1
58,11,8,6,2,6,1
58,12,8,7,6,7,1
58,13,8,8,2,8,1
58,14,8,6,3,6,1
58,15,8,7,5,7,1
58,16,8,8,6,8,1
58,17,8,7,1,7,1
58,18,8,5,1,5,1
58,19,8,4,3,4,1
58,20,8,8,5,8,1
58,21,8,7,2,7,1
58,22,8,7,3,7,1
58,23,8,2,2,3,0
58,24,8,4,4,5,0
58,25,8,6,4,6,1
58,26,8,4,2,4,1
58,27,8,6,1,6,1
58,28,8,7,4,7,1
58,1,9,7,1,7,1
58,2,9,2,2,3,0
58,3,9,6,4,6,1
58,4,9,6,5,6,1
58,5,9,5,2,5,1
58,6,9,8,2,8,1
58,7,9,2,1,2,1
58,8,9,8,7,8,1
58,9,9,8,4,8,1
58,10,9,3,1,3,1
58,11,9,5,3,5,1
58,12,9,7,6,7,1
58,13,9,5,1,5,1
58,14,9,8,3,8,1
58,15,9,4,4,5,0
58,16,9,6,2,6,1
58,17,9,4,3,4,1
58,18,9,7,5,7,1
58,19,9,4,1,4,1
58,20,9,7,2,7,1
58,21,9,7,3,7,1
58,22,9,6,1,6,1
58,23,9,6,3,6,1
58,24,9,8,6,8,1
58,25,9,4,2,4,1
58,26,9,8,5,8,1
58,27,9,8,1,8,1
58,28,9,7,4,7,1
58,1,10,8,4,8,1
58,2,10,4,2,4,1
58,3,10,6,3,6,1
58,4,10,7,4,7,1
58,5,10,4,3,4,1
58,6,10,7,3,7,1
58,7,10,5,1,5,1
58,8,10,7,6,7,1
58,9,10,3,1,3,1
58,10,10,6,2,6,1
58,11,10,8,7,8,1
58,12,10,6,1,6,1
58,13,10,2,1,2,1
58,14,10,4,1,4,1
58,15,10,7,2,7,1
58,16,10,6,5,6,1
58,17,10,6,4,6,1
58,18,10,7,5,7,1
58,19,10,2,2,3,0
58,20,10,8,3,8,1
58,21,10,8,1,8,1
58,22,10,8,2,8,1
58,23,10,7,1,7,1
58,24,10,8,6,8,1
58,25,10,5,2,5,1
58,26,10,5,3,5,1
58,27,10,4,4,5,0
58,28,10,8,5,8,1
59,1,1,5,2,5,1
59,2,1,8,7,8,1
59,3,1,5,4,5,1
59,4,1,4,1,4,1
59,5,1,5,3,5,1
59,6,1,8,2,8,1
59,7,1,3,1,3,1
59,8,1,6,5,6,1
59,9,1,6,1,6,1
59,10,1,8,3,8,1
59,11,1,4,3,4,1
59,12,1,6,2,6,1
59,13,1,8,6,8,1
59,14,1,7,4,7,1
59,15,1,7,3,7,1
59,16,1,2,1,2,1
59,17,1,8,4,8,1
59,18,1,5,1,5,1
59,19,1,3,2,3,1
59,20,1,4,2,4,1
59,21,1,8,1,8,1
59,22,1,6,4,6,1
59,23,1,6,3,6,1
59,24,1,7,6,7,1
59,25,1,8,5,8,1
59,26,1,7,5,7,1
59,27,1,7,1,7,1
59,28,1,7,2,7,1
59,1,2,7,1,7,1
59,2,2,8,6,8,1
59,3,2,7,6,7,1
59,4,2,7,5,7,1
59,5,2,7,2,7,1
59,6,2,5,2,5,1
59,7,2,3,2,3,1
59,8,2,8,7,8,1
59,9,2,8,4,8,1
59,10,2,7,3,7,1
59,11,2,6,4,6,1
59,12,2,3,1,3,1
59,13,2,6,2,6,1
59,14,2,4,2,4,1
59,15,2,5,3,5,1
59,16,2,7,4,7,1
59,17,2,4,3,4,1
59,18,2,8,2,8,1
59,19,2,2,1,2,1
59,20,2,4,1,4,1
59,21,2,6,3,6,1
59,22,2,8,3,8,1
59,23,2,5,1,5,1
59,24,2,8,5,8,1
59,25,2,8,1,8,1
59,26,2,5,4,5,1
59,27,2,6,5,6,1
59,28,2,6,1,6,1
59,1,3,4,2,4,1
59,2,3,7,4,7,1
59,3,3,3,2,3,1
59,4,3,2,1,2,1
59,5,3,6,5,6,1
59,6,3,6,3,6,1
59,7,3,7,2,7,1
59,8,3,8,6,8,1
59,9,3,8,4,8,1
59,10,3,6,4,6,1
59,11,3,5,2,5,1
59,12,3,7,3,7,1
59,13,3,4,3,4,1
59,14,3,3,1,3,1
59,15,3,8,3,8,1
59,16,3,5,4,5,1
59,17,3,8,1,8,1
59,18,3,7,1,7,1
59,19,3,4,1,4,1
59,20,3,7,6,7,1
59,21,3,5,1,5,1
59,22,3,8,5,8,1
59,23,3,6,1,6,1
59,24,3,7,5,7,1
59,25,3,8,2,8,1
59,26,3,5,3,5,1
59,27,3,6,2,6,1
59,28,3,7,7,8,0
59,1,4,6,4,6,1
59,2,4,6,2,6,1
59,3,4,3,2,3,1
59,4,4,5,4,5,1
59,5,4,5,1,5,1
59,6,4,2,1,2,1
59,7,4,8,5,8,1
59,8,4,6,5,6,1
59,9,4,4,2,4,1
59,10,4,6,3,6,1
59,11,4,8,7,8,1
59,12,4,8,6,8,1
59,13,4,8,1,8,1
59,14,4,4,1,4,1
59,15,4,8,2,8,1
59,16,4,7,1,7,1
59,17,4,4,3,4,1
59,18,4,6,1,6,1
59,19,4,5,3,5,1
59,20,4,7,2,7,1
59,21,4,5,2,5,1
59,22,4,7,6,7,1
59,23,4,7,5,7,1
59,24,4,7,3,7,1
59,25,4,7,4,7,1
59,26,4,8,4,8,1
59,27,4,3,1,3,1
59,28,4,8,3,8,1
59,1,5,8,5,8,1
59,2,5,3,1,3,1
59,3,5,8,1,8,1
59,4,5,7,1,7,1
59,5,5,6,3,6,1
59,6,5,8,4,8,1
59,7,5,4,1,4,1
59,8,5,6,5,6,1
59,9,5,5,3,5,1
59,10,5,7,4,7,1
59,11,5,7,3,7,1
59,12,5,7,5,7,1
59,13,5,4,3,4,1
59,14,5,6,1,6,1
59,15,5,5,2,5,1
59,16,5,4,2,4,1
59,17,5,5,4,5,1
59,18,5,8,6,8,1
59,19,5,7,2,7,1
59,20,5,7,6,7,1
59,21,5,8,2,8,1
59,22,5,5,1,5,1
59,23,5,2,1,2,1
59,24,5,6,2,6,1
59,25,5,8,3,8,1
59,26,5,8,7,8,1
59,27,5,6,4,6,1
59,28,5,3,2,3,1
59,1,6,8,5,8,1
59,2,6,3,1,3,1
59,3,6,4,3,4,1
59,4,6,8,3,8,1
59,5,6,6,4,6,1
59,6,6,7,1,7,1
59,7,6,6,2,6,1
59,8,6,7,2,7,1
59,9,6,5,4,5,1
59,10,6,8,6,8,1
59,11,6,8,1,8,1
59,12,6,5,3,5,1
59,13,6,6,1,6,1
59,14,6,3,2,3,1
59,15,6,5,2,5,1
59,16,6,7,4,7,1
59,17,6,6,5,6,1
59,18,6,4,2,4,1
59,19,6,8,2,8,1
59,20,6,4,1,4,1
59,21,6,8,7,8,1
59,22,6,8,4,8,1
59,23,6,7,5,7,1
59,24,6,7,6,7,1
59,25,6,5,1,5,1
59,26,6,7,3,7,1
59,27,6,6,3,6,1
59,28,6,2,1,2,1
59,1,7,5,4,5,1
59,2,7,6,1,6,1
59,3,7,7,5,7,1
59,4,7,5,1,5,1
59,5,7,6,5,6,1
59,6,7,2,1,2,1
59,7,7,6,4,6,1
59,8,7,7,6,7,1
59,9,7,8,7,8,1
59,10,7,8,2,8,1
59,11,7,3,1,3,1
59,12,7,3,2,3,1
59,13,7,8,1,8,1
59,14,7,4,1,4,1
59,15,7,4,2,4,1
59,16,7,7,2,7,1
59,17,7,4,3,4,1
59,18,7,8,3,8,1
59,19,7,8,4,8,1
59,20,7,5,3,5,1
59,21,7,6,3,6,1
59,22,7,7,1,7,1
59,23,7,8,6,8,1
59,24,7,7,3,7,1
59,25,7,7,4,7,1
59,26,7,6,2,6,1
59,27,7,8,5,8,1
59,28,7,5,2,5,1
59,1,8,5,3,5,1
59,2,8,7,2,7,1
59,3,8,7,5,7,1
59,4,8,7,4,7,1
59,5,8,7,1,7,1
59,6,8,8,6,8,1
59,7,8,7,3,7,1
59,8,8,5,1,5,1
59,9,8,8,4,8,1
59,10,8,3,2,3,1
59,11,8,6,5,6,1
59,12,8,6,2,6,1
59,13,8,3,1,3,1
59,14,8,2,1,2,1
59,15,8,5,4,5,1
59,16,8,4,2,4,1
59,17,8,6,4,6,1
59,18,8,8,7,8,1
59,19,8,5,2,5,1
59,20,8,4,3,4,1
59,21,8,8,2,8,1
59,22,8,6,3,6,1
59,23,8,8,1,8,1
59,24,8,4,1,4,1
59,25,8,6,1,6,1
59,26,8,7,6,7,1
59,27,8,8,3,8,1
59,28,8,8,5,8,1
59,1,9,6,2,6,1
59,2,9,8,5,8,1
59,3,9,3,1,3,1
59,4,9,8,1,8,1
59,5,9,4,3,4,1
59,6,9,8,4,8,1
59,7,9,5,4,5,1
59,8,9,8,7,8,1
59,9,9,7,3,7,1
59,10,9,5,2,5,1
59,11,9,8,2,8,1
59,12,9,5,1,5,1
59,13,9,5,3,5,1
59,14,9,4,2,4,1
59,15,9,6,3,6,1
59,16,9,6,5,6,1
59,17,9,8,3,8,1
59,18,9,2,1,2,1
59,19,9,7,4,7,1
59,20,9,6,4,6,1
59,21,9,7,5,7,1
59,22,9,6,1,6,1
59,23,9,7,6,7,1
59,24,9,4,1,4,1
59,25,9,3,2,3,1
59,26,9,7,1,7,1
59,27,9,8,6,8,1
59,28,9,7,2,7,1
59,1,10,4,3,4,1
59,2,10,7,2,7,1
59,3,10,3,2,3,1
59,4,10,8,2,8,1
59,5,10,6,2,6,1
59,6,10,8,7,8,1
59,7,10,5,4,5,1
59,8,10,5,2,5,1
59,9,10,4,2,4,1
59,10,10,8,6,8,1
59,11,10,6,4,6,1
59,12,10,6,1,6,1
59,13,10,7,4,7,1
59,14,10,7,1,7,1
59,15,10,7,6,7,1
59,16,10,6,5,6,1
59,17,10,8,4,8,1
59,18,10,5,3,5,1
59,19,10,4,1,4,1
59,20,10,8,5,8,1
59,21,10,7,5,7,1
59,22,10,6,3,6,1
59,23,10,8,1,8,1
59,24,10,3,1,3,1
59,25,10,8,3,8,1
59,26,10,7,3,7,1
59,27,10,5,1,5,1
59,28,10,2,1,2,1
60,1,1,7,5,7,1
60,2,1,7,3,7,1
60,3,1,1,1,3,0
60,4,1,6,1,6,1
60,5,1,7,7,8,0
60,6,1,3,2,3,1
60,7,1,5,3,5,1
60,8,1,8,5,8,1
60,9,1,8,3,8,1
60,10,1,7,1,7,1
60,11,1,4,3,4,1
60,12,1,6,6,8,0
60,13,1,5,1,5,1
60,14,1,7,4,7,1
60,15,1,4,2,4,1
60,16,1,6,2,6,1
60,17,1,4,1,4,1
60,18,1,7,2,7,1
60,19,1,8,1,8,1
60,20,1,2,1,2,1
60,21,1,6,3,6,1
60,22,1,8,2,8,1
60,23,1,6,5,6,1
60,24,1,6,4,6,1
60,25,1,8,4,8,1
60,26,1,5,2,5,1
60,27,1,5,4,5,1
60,28,1,7,6,7,1
60,1,2,3,1,3,1
60,2,2,7,6,7,1
60,3,2,7,5,7,1
60,4,2,7,7,8,0
60,5,2,5,1,5,1
60,6,2,6,1,6,1
60,7,2,8,4,8,1
60,8,2,4,1,4,1
60,9,2,7,3,7,1
60,10,2,6,4,6,1
60,11,2,4,2,4,1
60,12,2,8,1,8,1
60,13,2,3,2,3,1
60,14,2,8,3,8,1
60,15,2,7,2,7,1
60,16,2,4,3,4,1
60,17,2,7,4,7,1
60,18,2,8,2,8,1
60,19,2,6,2,6,1
60,20,2,8,5,8,1
60,21,2,5,2,5,1
60,22,2,2,1,2,1
60,23,2,6,3,6,1
60,24,2,6,5,6,1
60,25,2,8,6,8,1
60,26,2,5,4,5,1
60,27,2,7,1,7,1
60,28,2,5,3,5,1
60,1,3,1,1,2,0
60,2,3,6,5,6,1
60,3,3,8,3,8,1
60,4,3,5,4,5,1
60,5,3,4,3,4,1
60,6,3,5,3,5,1
60,7,3,4,2,4,1
60,8,3,5,1,5,1
60,9,3,7,3,7,1
60,10,3,6,2,6,1
60,11,3,6,1,6,1
60,12,3,7,5,7,1
60,13,3,8,4,8,1
60,14,3,7,2,7,1
60,15,3,2,2,3,0
60,16,3,8,6,8,1
60,17,3,6,3,6,1
60,18,3,5,2,5,1
60,19,3,8,5,8,1
60,20,3,3,1,3,1
60,21,3,8,1,8,1
60,22,3,4,1,4,1
60,23,3,7,6,7,1
60,24,3,8,2,8,1
60,25,3,7,7,8,0
60,26,3,7,1,7,1
60,27,3,7,4,7,1
60,28,3,6,4,6,1
60,1,4,5,1,5,1
60,2,4,6,1,6,1
60,3,4,7,7,8,0
60,4,4,7,4,7,1
60,5,4,8,6,8,1
60,6,4,7,3,7,1
60,7,4,3,1,3,1
60,8,4,5,5,6,0
60,9,4,6,3,6,1
60,10,4,5,2,5,1
60,11,4,4,2,4,1
60,12,4,7,6,7,1
60,13,4,8,5,8,1
60,14,4,8,3,8,1
60,15,4,4,3,4,1
60,16,4,6,2,6,1
60,17,4,7,5,7,1
60,18,4,7,1,7,1
60,19,4,8,2,8,1
60,20,4,5,3,5,1
60,21,4,5,4,5,1
60,22,4,8,4,8,1
60,23,4,4,1,4,1
60,24,4,2,1,2,1
60,25,4,7,2,7,1
60,26,4,8,1,8,1
60,27,4,6,4,6,1
60,28,4,3,2,3,1
60,1,5,5,5,6,0
60,2,5,7,4,7,1
60,3,5,3,1,3,1
60,4,5,4,3,4,1
60,5,5,3,2,3,1
60,6,5,7,7,8,0
60,7,5,6,4,6,1
60,8,5,6,1,6,1
60,9,5,5,3,5,1
60,10,5,2,1,2,1
60,11,5,7,3,7,1
60,12,5,6,3,6,1
60,13,5,7,1,7,1
60,14,5,4,1,4,1
60,15,5,5,2,5,1
60,16,5,5,1,5,1
60,17,5,7,5,7,1
60,18,5,7,6,7,1
60,19,5,8,2,8,1
60,20,5,8,3,8,1
60,21,5,8,1,8,1
60,22,5,7,2,7,1
60,23,5,8,4,8,1
60,24,5,5,4,5,1
60,25,5,8,6,8,1
60,26,5,6,2,6,1
60,27,5,4,2,4,1
60,28,5,8,5,8,1
60,1,6,6,2,6,1
60,2,6,5,5,8,0
60,3,6,4,2,4,1
60,4,6,6,4,6,1
60,5,6,5,2,5,1
60,6,6,7,3,7,1
60,7,6,7,4,7,1
60,8,6,8,2,8,1
60,9,6,4,3,4,1
60,10,6,7,2,7,1
60,11,6,7,1,7,1
60,12,6,8,4,8,1
60,13,6,7,7,8,0
60,14,6,5,4,5,1
60,15,6,5,5,6,0
60,16,6,5,3,5,1
60,17,6,4,1,4,1
60,18,6,7,6,7,1
60,19,6,6,3,6,1
60,20,6,8,3,8,1
60,21,6,3,1,3,1
60,22,6,2,1,2,1
60,23,6,8,6,8,1
60,24,6,7,5,7,1
60,25,6,3,2,3,1
60,26,6,8,1,8,1
60,27,6,6,1,6,1
60,28,6,5,1,5,1
60,1,7,7,5,7,1
60,2,7,6,2,6,1
60,3,7,8,6,8,1
60,4,7,5,4,5,1
60,5,7,8,1,8,1
60,6,7,3,1,3,1
60,7,7,5,1,5,1
60,8,7,5,3,5,1
60,9,7,6,3,6,1
60,10,7,5,5,6,0
60,11,7,6,4,6,1
60,12,7,4,1,4,1
60,13,7,4,2,4,1
60,14,7,2,1,2,1
60,15,7,8,2,8,1
60,16,7,8,5,8,1
60,17,7,7,7,8,0
60,18,7,7,2,7,1
60,19,7,7,4,7,1
60,20,7,6,1,6,1
60,21,7,8,4,8,1
60,22,7,4,3,4,1
60,23,7,5,2,5,1
60,24,7,7,3,7,1
60,25,7,7,1,7,1
60,26,7,3,2,3,1
60,27,7,7,6,7,1
60,28,7,8,3,8,1
60,1,8,2,1,2,1
60,2,8,4,2,4,1
60,3,8,8,4,8,1
60,4,8,8,1,8,1
60,5,8,4,1,4,1
60,6,8,3,2,3,1
60,7,8,7,3,7,1
60,8,8,6,2,6,1
60,9,8,8,2,8,1
60,10,8,7,7,8,0
60,11,8,8,3,8,1
60,12,8,8,6,8,1
60,13,8,7,2,7,1
60,14,8,5,1,5,1
60,15,8,7,5,7,1
60,16,8,6,1,6,1
60,17,8,7,4,7,1
60,18,8,7,1,7,1
60,19,8,6,4,6,1
60,20,8,5,5,6,0
60,21,8,6,3,6,1
60,22,8,8,5,8,1
60,23,8,5,3,5,1
60,24,8,5,2,5,1
60,25,8,3,1,3,1
60,26,8,7,6,7,1
60,27,8,4,3,4,1
60,28,8,5,4,5,1
60,1,9,3,2,3,1
60,2,9,6,1,6,1
60,3,9,3,1,3,1
60,4,9,8,5,8,1
60,5,9,7,2,7,1
60,6,9,8,1,8,1
60,7,9,7,6,7,1
60,8,9,5,1,5,1
60,9,9,4,1,4,1
60,10,9,5,3,5,1
60,11,9,6,4,6,1
60,12,9,4,2,4,1
60,13,9,5,5,6,0
60,14,9,5,4,5,1
60,15,9,7,4,7,1
60,16,9,2,1,2,1
60,17,9,7,5,7,1
60,18,9,8,2,8,1
60,19,9,8,3,8,1
60,20,9,7,3,7,1
60,21,9,7,7,8,0
60,22,9,5,2,5,1
60,23,9,6,3,6,1
60,24,9,6,2,6,1
60,25,9,8,6,8,1
60,26,9,8,4,8,1
60,27,9,4,3,4,1
60,28,9,7,1,7,1
60,1,10,7,6,7,1
60,2,10,8,6,8,1
60,3,10,7,7,8,0
60,4,10,6,4,6,1
60,5,10,5,5,6,0
60,6,10,4,1,4,1
60,7,10,5,1,5,1
60,8,10,6,1,6,1
60,9,10,7,2,7,1
60,10,10,8,5,8,1
60,11,10,4,2,4,1
60,12,10,6,3,6,1
60,13,10,8,2,8,1
60,14,10,7,4,7,1
60,15,10,3,1,3,1
60,16,10,7,5,7,1
60,17,10,5,4,5,1
60,18,10,2,1,2,1
60,19,10,4,3,4,1
60,20,10,5,2,5,1
60,21,10,6,2,6,1
60,22,10,8,1,8,1
60,23,10,8,3,8,1
60,24,10,3,2,3,1
60,25,10,5,3,5,1
60,26,10,8,4,8,1
60,27,10,7,1,7,1
60,28,10,7,3,7,1
61,1,1,5,4,5,1
61,2,1,6,2,6,1
61,3,1,8,1,8,1
61,4,1,6,1,6,1
61,5,1,2,1,2,1
61,6,1,8,4,8,1
61,7,1,3,1,3,1
61,8,1,4,1,4,1
61,9,1,7,4,7,1
61,10,1,2,2,4,0
61,11,1,5,3,5,1
61,12,1,3,3,6,0
61,13,1,5,5,7,0
61,14,1,7,2,7,1
61,15,1,8,3,8,1
61,16,1,8,5,8,1
61,17,1,3,2,3,1
61,18,1,5,2,5,1
61,19,1,8,7,8,1
61,20,1,6,4,6,1
61,21,1,7,3,7,1
61,22,1,7,1,7,1
61,23,1,8,6,8,1
61,24,1,7,6,7,1
61,25,1,8,2,8,1
61,26,1,5,5,6,0
61,27,1,3,3,4,0
61,28,1,5,1,5,1
61,1,2,8,1,8,1
61,2,2,8,5,8,1
61,3,2,7,2,7,1
61,4,2,7,6,7,1
61,5,2,8,6,8,1
61,6,2,5,4,5,1
61,7,2,3,3,6,0
61,8,2,6,2,6,1
61,9,2,4,2,4,1
61,10,2,6,1,6,1
61,11,2,7,5,7,1
61,12,2,2,1,2,1
61,13,2,3,1,3,1
61,14,2,7,3,7,1
61,15,2,4,1,4,1
61,16,2,3,3,4,0
61,17,2,5,5,6,0
61,18,2,5,1,5,1
61,19,2,7,4,7,1
61,20,2,8,4,8,1
61,21,2,8,3,8,1
61,22,2,5,3,5,1
61,23,2,6,4,6,1
61,24,2,8,7,8,1
61,25,2,7,1,7,1
61,26,2,8,2,8,1
61,27,2,3,2,3,1
61,28,2,5,2,5,1
61,1,3,4,1,4,1
61,2,3,7,1,7,1
61,3,3,8,1,8,1
61,4,3,5,3,5,1
61,5,3,6,1,6,1
61,6,3,5,4,5,1
61,7,3,8,5,8,1
61,8,3,5,2,5,1
61,9,3,7,3,7,1
61,10,3,7,4,7,1
61,11,3,2,2,4,0
61,12,3,8,6,8,1
61,13,3,5,1,5,1
61,14,3,6,4,6,1
61,15,3,2,1,2,1
61,16,3,8,7,8,1
61,17,3,8,2,8,1
61,18,3,6,3,6,1
61,19,3,3,2,3,1
61,20,3,7,2,7,1
61,21,3,8,3,8,1
61,22,3,3,3,4,0
61,23,3,7,5,7,1
61,24,3,3,1,3,1
61,25,3,8,4,8,1
61,26,3,7,6,7,1
61,27,3,5,5,6,0
61,28,3,6,2,6,1
61,1,4,5,1,5,1
61,2,4,8,7,8,1
61,3,4,2,2,4,0
61,4,4,7,5,7,1
61,5,4,8,3,8,1
61,6,4,7,2,7,1
61,7,4,6,3,6,1
61,8,4,4,1,4,1
61,9,4,5,5,6,0
61,10,4,3,2,3,1
61,11,4,2,1,2,1
61,12,4,7,4,7,1
61,13,4,5,3,5,1
61,14,4,8,5,8,1
61,15,4,7,1,7,1
61,16,4,7,6,7,1
61,17,4,8,6,8,1
61,18,4,8,2,8,1
61,19,4,7,3,7,1
61,20,4,8,1,8,1
61,21,4,6,4,6,1
61,22,4,6,2,6,1
61,23,4,8,4,8,1
61,24,4,3,1,3,1
61,25,4,3,3,4,0
61,26,4,5,2,5,1
61,27,4,5,4,5,1
61,28,4,6,1,6,1
61,1,5,7,6,7,1
61,2,5,3,3,4,0
61,3,5,8,5,8,1
61,4,5,2,1,2,1
61,5,5,5,4,5,1
61,6,5,6,2,6,1
61,7,5,3,2,3,1
61,8,5,7,3,7,1
61,9,5,6,4,6,1
61,10,5,1,1,4,0
61,11,5,7,1,7,1
61,12,5,3,1,3,1
61,13,5,6,1,6,1
61,14,5,5,5,6,0
61,15,5,8,1,8,1
61,16,5,7,2,7,1
61,17,5,6,3,6,1
61,18,5,5,1,5,1
61,19,5,8,2,8,1
61,20,5,7,5,7,1
61,21,5,2,2,4,0
61,22,5,8,6,8,1
61,23,5,5,3,5,1
61,24,5,7,4,7,1
61,25,5,8,7,8,1
61,26,5,5,2,5,1
61,27,5,8,3,8,1
61,28,5,8,4,8,1
61,1,6,3,3,6,0
61,2,6,7,4,7,1
61,3,6,5,1,5,1
61,4,6,3,2,3,1
61,5,6,7,2,7,1
61,6,6,7,5,7,1
61,7,6,6,1,6,1
61,8,6,8,6,8,1
61,9,6,7,1,7,1
61,10,6,5,2,5,1
61,11,6,2,2,4,0
61,12,6,5,3,5,1
61,13,6,8,1,8,1
61,14,6,8,4,8,1
61,15,6,8,3,8,1
61,16,6,7,6,7,1
61,17,6,1,1,4,0
61,18,6,2,1,2,1
61,19,6,3,3,4,0
61,20,6,5,5,6,0
61,21,6,8,2,8,1
61,22,6,6,4,6,1
61,23,6,6,2,6,1
61,24,6,5,4,5,1
61,25,6,8,7,8,1
61,26,6,7,3,7,1
61,27,6,3,1,3,1
61,28,6,8,5,8,1
61,1,7,7,4,7,1
61,2,7,7,5,7,1
61,3,7,5,4,5,1
61,4,7,7,2,7,1
61,5,7,7,1,7,1
61,6,7,8,6,8,1
61,7,7,5,2,5,1
61,8,7,2,1,2,1
61,9,7,5,5,6,0
61,10,7,8,1,8,1
61,11,7,3,1,3,1
61,12,7,8,3,8,1
61,13,7,6,2,6,1
61,14,7,7,3,7,1
61,15,7,3,3,4,0
61,16,7,8,7,8,1
61,17,7,5,3,5,1
61,18,7,7,6,7,1
61,19,7,8,4,8,1
61,20,7,1,1,4,0
61,21,7,3,2,3,1
61,22,7,6,4,6,1
61,23,7,8,5,8,1
61,24,7,2,2,4,0
61,25,7,6,1,6,1
61,26,7,8,2,8,1
61,27,7,5,1,5,1
61,28,7,6,3,6,1
61,1,8,1,1,4,0
61,2,8,8,2,8,1
61,3,8,6,1,6,1
61,4,8,6,4,6,1
61,5,8,3,3,6,0
61,6,8,8,7,8,1
61,7,8,5,4,5,1
61,8,8,7,6,7,1
61,9,8,5,2,5,1
61,10,8,8,6,8,1
61,11,8,5,5,6,0
61,12,8,5,3,5,1
61,13,8,7,3,7,1
61,14,8,7,1,7,1
61,15,8,8,5,8,1
61,16,8,8,3,8,1
61,17,8,5,1,5,1
61,18,8,2,1,2,1
61,19,8,8,4,8,1
61,20,8,7,5,7,1
61,21,8,3,1,3,1
61,22,8,3,2,3,1
61,23,8,7,2,7,1
61,24,8,6,2,6,1
61,25,8,7,4,7,1
61,26,8,3,3,4,0
61,27,8,8,1,8,1
61,28,8,2,2,4,0
61,1,9,7,2,7,1
61,2,9,5,4,5,1
61,3,9,7,4,7,1
61,4,9,5,2,5,1
61,5,9,5,5,7,0
61,6,9,2,1,2,1
61,7,9,5,5,6,0
61,8,9,8,7,8,1
61,9,9,8,2,8,1
61,10,9,3,3,4,0
61,11,9,3,2,3,1
61,12,9,7,6,7,1
61,13,9,5,1,5,1
61,14,9,1,1,4,0
61,15,9,6,1,6,1
61,16,9,6,4,6,1
61,17,9,2,2,6,0
61,18,9,8,1,8,1
61,19,9,7,3,7,1
61,20,9,2,2,4,0
61,21,9,5,3,5,1
61,22,9,3,1,3,1
61,23,9,8,6,8,1
61,24,9,7,1,7,1
61,25,9,8,3,8,1
61,26,9,8,4,8,1
61,27,9,3,3,6,0
61,28,9,8,5,8,1
61,1,10,7,3,7,1
61,2,10,5,2,5,1
61,3,10,8,7,8,1
61,4,10,8,1,8,1
61,5,10,8,2,8,1
61,6,10,6,1,6,1
61,7,10,3,1,3,1
61,8,10,8,3,8,1
61,9,10,5,3,5,1
61,10,10,2,2,4,0
61,11,10,7,5,7,1
61,12,10,5,1,5,1
61,13,10,3,3,4,0
61,14,10,3,3,6,0
61,15,10,7,1,7,1
61,16,10,7,4,7,1
61,17,10,7,2,7,1
61,18,10,8,6,8,1
61,19,10,2,1,2,1
61,20,10,8,5,8,1
61,21,10,1,1,4,0
61,22,10,6,2,6,1
61,23,10,6,4,6,1
61,24,10,7,6,7,1
61,25,10,8,4,8,1
61,26,10,5,4,5,1
61,27,10,5,5,6,0
61,28,10,3,2,3,1
62,1,1,3,2,3,1
62,2,1,7,3,7,1
62,3,1,6,2,6,1
62,4,1,4,3,4,1
62,5,1,6,4,6,1
62,6,1,6,3,6,1
62,7,1,7,4,7,1
62,8,1,8,4,8,1
62,9,1,5,1,5,1
62,10,1,8,7,8,1
62,11,1,8,6,8,1
62,12,1,8,5,8,1
62,13,1,6,1,6,1
62,14,1,2,1,2,1
62,15,1,7,2,7,1
62,16,1,8,3,8,1
62,17,1,7,6,7,1
62,18,1,7,1,7,1
62,19,1,8,1,8,1
62,20,1,4,1,4,1
62,21,1,8,2,8,1
62,22,1,7,5,7,1
62,23,1,4,2,4,1
62,24,1,6,5,6,1
62,25,1,3,1,3,1
62,26,1,4,4,5,0
62,27,1,5,3,5,1
62,28,1,5,2,5,1
62,1,2,4,1,4,1
62,2,2,8,6,8,1
62,3,2,8,3,8,1
62,4,2,2,1,2,1
62,5,2,6,4,6,1
62,6,2,8,2,8,1
62,7,2,4,3,4,1
62,8,2,3,1,3,1
62,9,2,6,3,6,1
62,10,2,7,6,7,1
62,11,2,6,2,6,1
62,12,2,7,3,7,1
62,13,2,5,3,5,1
62,14,2,8,4,8,1
62,15,2,2,2,3,0
62,16,2,8,1,8,1
62,17,2,5,4,5,1
62,18,2,8,5,8,1
62,19,2,8,7,8,1
62,20,2,6,1,6,1
62,21,2,7,5,7,1
62,22,2,7,2,7,1
62,23,2,5,2,5,1
62,24,2,7,4,7,1
62,25,2,5,1,5,1
62,26,2,7,1,7,1
62,27,2,4,2,4,1
62,28,2,5,5,6,0
62,1,3,3,2,3,1
62,2,3,7,5,7,1
62,3,3,4,2,4,1
62,4,3,8,6,8,1
62,5,3,8,5,8,1
62,6,3,8,4,8,1
62,7,3,6,3,6,1
62,8,3,4,3,4,1
62,9,3,6,4,6,1
62,10,3,7,2,7,1
62,11,3,8,7,8,1
62,12,3,5,1,5,1
62,13,3,8,1,8,1
62,14,3,3,1,3,1
62,15,3,4,4,5,0
62,16,3,6,1,6,1
62,17,3,7,4,7,1
62,18,3,7,3,7,1
62,19,3,7,1,7,1
62,20,3,5,3,5,1
62,21,3,7,6,7,1
62,22,3,8,2,8,1
62,23,3,2,1,2,1
62,24,3,3,3,8,0
62,25,3,6,5,6,1
62,26,3,4,1,4,1
62,27,3,6,2,6,1
62,28,3,5,2,5,1
62,1,4,4,3,4,1
62,2,4,8,7,8,1
62,3,4,5,4,5,1
62,4,4,7,6,7,1
62,5,4,8,6,8,1
62,6,4,3,2,3,1
62,7,4,6,3,6,1
62,8,4,8,3,8,1
62,9,4,7,3,7,1
62,10,4,2,1,2,1
62,11,4,3,1,3,1
62,12,4,6,4,6,1
62,13,4,5,3,5,1
62,14,4,5,1,5,1
62,15,4,4,2,4,1
62,16,4,7,1,7,1
62,17,4,6,1,6,1
62,18,4,7,5,7,1
62,19,4,6,2,6,1
62,20,4,8,2,8,1
62,21,4,7,2,7,1
62,22,4,4,1,4,1
62,23,4,8,5,8,1
62,24,4,8,1,8,1
62,25,4,7,4,7,1
62,26,4,6,5,6,1
62,27,4,8,4,8,1
62,28,4,5,2,5,1
62,1,5,5,5,6,0
62,2,5,4,2,4,1
62,3,5,4,3,4,1
62,4,5,7,6,7,1
62,5,5,5,1,5,1
62,6,5,3,2,3,1
62,7,5,4,1,4,1
62,8,5,7,3,7,1
62,9,5,8,7,8,1
62,10,5,8,2,8,1
62,11,5,7,1,7,1
62,12,5,4,4,5,0
62,13,5,6,4,6,1
62,14,5,6,3,6,1
62,15,5,6,2,6,1
62,16,5,8,6,8,1
62,17,5,3,1,3,1
62,18,5,5,2,5,1
62,19,5,8,3,8,1
62,20,5,8,4,8,1
62,21,5,8,5,8,1
62,22,5,6,1,6,1
62,23,5,7,2,7,1
62,24,5,7,5,7,1
62,25,5,2,1,2,1
62,26,5,3,3,5,0
62,27,5,1,1,8,0
62,28,5,7,4,7,1
62,1,6,8,3,8,1
62,2,6,4,3,4,1
62,3,6,4,1,4,1
62,4,6,4,4,7,0
62,5,6,6,2,6,1
62,6,6,6,4,6,1
62,7,6,8,4,8,1
62,8,6,5,2,5,1
62,9,6,7,3,7,1
62,10,6,5,3,5,1
62,11,6,5,4,5,1
62,12,6,5,1,5,1
62,13,6,3,2,3,1
62,14,6,8,1,8,1
62,15,6,7,2,7,1
62,16,6,7,6,7,1
62,17,6,7,1,7,1
62,18,6,6,1,6,1
62,19,6,3,1,3,1
62,20,6,8,7,8,1
62,21,6,6,5,6,1
62,22,6,2,1,2,1
62,23,6,4,2,4,1
62,24,6,8,6,8,1
62,25,6,8,2,8,1
62,26,6,7,5,7,1
62,27,6,8,5,8,1
62,28,6,6,3,6,1
62,1,7,4,2,4,1
62,2,7,4,4,5,0
62,3,7,4,3,4,1
62,4,7,7,2,7,1
62,5,7,7,6,7,1
62,6,7,5,1,5,1
62,7,7,8,1,8,1
62,8,7,6,2,6,1
62,9,7,7,1,7,1
62,10,7,7,4,7,1
62,11,7,3,2,3,1
62,12,7,2,1,2,1
62,13,7,5,3,5,1
62,14,7,8,2,8,1
62,15,7,5,2,5,1
62,16,7,6,4,6,1
62,17,7,8,3,8,1
62,18,7,7,5,7,1
62,19,7,3,1,3,1
62,20,7,6,3,6,1
62,21,7,6,5,6,1
62,22,7,8,4,8,1
62,23,7,8,7,8,1
62,24,7,8,6,8,1
62,25,7,8,5,8,1
62,26,7,6,1,6,1
62,27,7,7,3,7,1
62,28,7,4,1,4,1
62,1,8,7,3,7,1
62,2,8,6,4,6,1
62,3,8,8,1,8,1
62,4,8,2,1,2,1
62,5,8,8,3,8,1
62,6,8,7,1,7,1
62,7,8,7,5,7,1
62,8,8,3,1,3,1
62,9,8,5,3,5,1
62,10,8,4,2,4,1
62,11,8,3,2,3,1
62,12,8,8,4,8,1
62,13,8,6,2,6,1
62,14,8,7,4,7,1
62,15,8,7,2,7,1
62,16,8,7,6,7,1
62,17,8,4,1,4,1
62,18,8,8,7,8,1
62,19,8,6,1,6,1
62,20,8,4,3,4,1
62,21,8,6,5,6,1
62,22,8,5,2,5,1
62,23,8,8,6,8,1
62,24,8,6,3,6,1
62,25,8,8,2,8,1
62,26,8,5,1,5,1
62,27,8,8,5,8,1
62,28,8,5,4,5,1
62,1,9,7,2,7,1
62,2,9,5,2,5,1
62,3,9,6,5,6,1
62,4,9,6,2,6,1
62,5,9,8,5,8,1
62,6,9,6,4,6,1
62,7,9,8,4,8,1
62,8,9,8,1,8,1
62,9,9,8,6,8,1
62,10,9,8,7,8,1
62,11,9,6,3,6,1
62,12,9,5,4,5,1
62,13,9,4,3,4,1
62,14,9,7,3,7,1
62,15,9,6,1,6,1
62,16,9,3,2,3,1
62,17,9,8,2,8,1
62,18,9,4,1,4,1
62,19,9,8,3,8,1
62,20,9,3,1,3,1
62,21,9,4,2,4,1
62,22,9,7,5,7,1
62,23,9,7,4,7,1
62,24,9,5,1,5,1
62,25,9,7,1,7,1
62,26,9,5,3,5,1
62,27,9,7,6,7,1
62,28,9,2,1,2,1
62,1,10,8,6,8,1
62,2,10,8,4,8,1
62,3,10,2,1,2,1
62,4,10,5,4,5,1
62,5,10,7,3,7,1
62,6,10,7,2,7,1
62,7,10,4,2,4,1
62,8,10,8,3,8,1
62,9,10,6,2,6,1
62,10,10,8,1,8,1
62,11,10,8,5,8,1
62,12,10,5,3,5,1
62,13,10,6,1,6,1
62,14,10,8,2,8,1
62,15,10,4,3,4,1
62,16,10,3,2,3,1
62,17,10,4,1,4,1
62,18,10,7,4,7,1
62,19,10,7,6,7,1
62,20,10,5,2,5,1
62,21,10,5,1,5,1
62,22,10,5,5,6,0
62,23,10,8,7,8,1
62,24,10,7,5,7,1
62,25,10,7,1,7,1
62,26,10,3,1,3,1
62,27,10,6,4,6,1
62,28,10,6,3,6,1
63,1,1,5,2,5,1
63,2,1,4,4,8,0
63,3,1,7,2,7,1
63,4,1,6,6,7,0
63,5,1,7,4,7,1
63,6,1,7,3,7,1
63,7,1,6,2,6,1
63,8,1,1,1,2,0
63,9,1,8,2,8,1
63,10,1,8,5,8,1
63,11,1,4,4,5,0
63,12,1,5,3,5,1
63,13,1,1,1,5,0
63,14,1,6,4,6,1
63,15,1,7,5,7,1
63,16,1,7,7,8,0
63,17,1,3,2,3,1
63,18,1,6,3,6,1
63,19,1,4,1,4,1
63,20,1,1,1,3,0
63,21,1,4,3,4,1
63,22,1,4,2,4,1
63,23,1,6,1,6,1
63,24,1,6,6,8,0
63,25,1,8,1,8,1
63,26,1,6,5,6,1
63,27,1,7,1,7,1
63,28,1,8,3,8,1
63,1,2,5,3,5,1
63,2,2,4,2,4,1
63,3,2,4,4,5,0
63,4,2,8,3,8,1
63,5,2,8,5,8,1
63,6,2,7,3,7,1
63,7,2,3,2,3,1
63,8,2,6,5,6,1
63,9,2,7,1,7,1
63,10,2,1,1,5,0
63,11,2,4,3,4,1
63,12,2,4,1,4,1
63,13,2,8,1,8,1
63,14,2,6,6,8,0
63,15,2,7,2,7,1
63,16,2,7,5,7,1
63,17,2,6,3,6,1
63,18,2,4,4,7,0
63,19,2,5,2,5,1
63,20,2,6,1,6,1
63,21,2,1,1,2,0
63,22,2,6,2,6,1
63,23,2,6,6,7,0
63,24,2,4,4,8,0
63,25,2,7,7,8,0
63,26,2,1,1,3,0
63,27,2,6,4,6,1
63,28,2,8,2,8,1
63,1,3,4,4,8,0
63,2,3,8,3,8,1
63,3,3,1,1,2,0
63,4,3,6,2,6,1
63,5,3,6,4,6,1
63,6,3,2,2,3,0
63,7,3,7,1,7,1
63,8,3,8,1,8,1
63,9,3,6,6,7,0
63,10,3,1,1,3,0
63,11,3,1,1,5,0
63,12,3,7,2,7,1
63,13,3,8,5,8,1
63,14,3,4,3,4,1
63,15,3,4,4,7,0
63,16,3,4,4,5,0
63,17,3,4,2,4,1
63,18,3,6,5,6,1
63,19,3,4,1,4,1
63,20,3,8,2,8,1
63,21,3,7,3,7,1
63,22,3,6,6,8,0
63,23,3,6,1,6,1
63,24,3,5,3,5,1
63,25,3,7,7,8,0
63,26,3,6,3,6,1
63,27,3,7,5,7,1
63,28,3,5,2,5,1
63,1,4,7,1,7,1
63,2,4,8,2,8,1
63,3,4,3,2,3,1
63,4,4,5,2,5,1
63,5,4,8,1,8,1
63,6,4,7,7,8,0
63,7,4,4,1,4,1
63,8,4,7,2,7,1
63,9,4,4,4,5,0
63,10,4,7,5,7,1
63,11,4,6,1,6,1
63,12,4,4,3,4,1
63,13,4,1,1,3,0
63,14,4,5,3,5,1
63,15,4,7,3,7,1
63,16,4,8,3,8,1
63,17,4,6,4,6,1
63,18,4,6,5,6,1
63,19,4,6,6,7,0
63,20,4,1,1,2,0
63,21,4,4,2,4,1
63,22,4,6,2,6,1
63,23,4,6,6,8,0
63,24,4,8,5,8,1
63,25,4,4,4,8,0
63,26,4,7,4,7,1
63,27,4,6,3,6,1
63,28,4,1,1,5,0
63,1,5,4,2,4,1
63,2,5,4,3,4,1
63,3,5,6,5,6,1
63,4,5,1,1,2,0
63,5,5,7,7,8,0
63,6,5,1,1,3,0
63,7,5,6,6,7,0
63,8,5,7,5,7,1
63,9,5,4,4,8,0
63,10,5,7,3,7,1
63,11,5,5,3,5,1
63,12,5,7,2,7,1
63,13,5,7,4,7,1
63,14,5,6,3,6,1
63,15,5,4,1,4,1
63,16,5,7,1,7,1
63,17,5,1,1,5,0
63,18,5,6,1,6,1
63,19,5,6,6,8,0
63,20,5,8,2,8,1
63,21,5,8,3,8,1
63,22,5,6,2,6,1
63,23,5,6,4,6,1
63,24,5,8,1,8,1
63,25,5,8,5,8,1
63,26,5,5,2,5,1
63,27,5,3,2,3,1
63,28,5,4,4,5,0
63,1,6,6,1,6,1
63,2,6,8,5,8,1
63,3,6,1,1,2,0
63,4,6,5,3,5,1
63,5,6,7,1,7,1
63,6,6,4,3,4,1
63,7,6,6,6,8,0
63,8,6,4,4,5,0
63,9,6,1,1,3,0
63,10,6,8,2,8,1
63,11,6,8,1,8,1
63,12,6,3,2,3,1
63,13,6,1,1,5,0
63,14,6,4,1,4,1
63,15,6,4,4,8,0
63,16,6,8,3,8,1
63,17,6,7,3,7,1
63,18,6,7,5,7,1
63,19,6,6,2,6,1
63,20,6,7,7,8,0
63,21,6,7,4,7,1
63,22,6,6,6,7,0
63,23,6,6,3,6,1
63,24,6,6,4,6,1
63,25,6,6,5,6,1
63,26,6,4,2,4,1
63,27,6,7,2,7,1
63,28,6,5,2,5,1
63,1,7,5,3,5,1
63,2,7,4,4,7,0
63,3,7,8,3,8,1
63,4,7,7,7,8,0
63,5,7,4,3,4,1
63,6,7,5,2,5,1
63,7,7,6,4,6,1
63,8,7,8,5,8,1
63,9,7,6,6,7,0
63,10,7,4,4,5,0
63,11,7,6,6,8,0
63,12,7,7,3,7,1
63,13,7,6,3,6,1
63,14,7,7,2,7,1
63,15,7,4,2,4,1
63,16,7,1,1,3,0
63,17,7,3,2,3,1
63,18,7,8,1,8,1
63,19,7,1,1,2,0
63,20,7,6,5,6,1
63,21,7,8,2,8,1
63,22,7,7,5,7,1
63,23,7,6,2,6,1
63,24,7,6,1,6,1
63,25,7,1,1,4,0
63,26,7,4,4,8,0
63,27,7,7,1,7,1
63,28,7,1,1,5,0
63,1,8,6,4,6,1
63,2,8,4,3,4,1
63,3,8,1,1,3,0
63,4,8,6,3,6,1
63,5,8,7,7,8,0
63,6,8,4,4,8,0
63,7,8,7,4,7,1
63,8,8,8,1,8,1
63,9,8,6,6,8,0
63,10,8,8,5,8,1
63,11,8,4,4,5,0
63,12,8,6,5,6,1
63,13,8,7,3,7,1
63,14,8,6,2,6,1
63,15,8,7,5,7,1
63,16,8,6,6,7,0
63,17,8,5,3,5,1
63,18,8,7,1,7,1
63,19,8,1,1,2,0
63,20,8,5,2,5,1
63,21,8,8,3,8,1
63,22,8,7,2,7,1
63,23,8,4,2,4,1
63,24,8,6,1,6,1
63,25,8,3,2,3,1
63,26,8,4,1,4,1
63,27,8,8,2,8,1
63,28,8,5,1,5,1
63,1,9,1,1,5,0
63,2,9,8,1,8,1
63,3,9,3,2,3,1
63,4,9,7,5,7,1
63,5,9,7,7,8,0
63,6,9,8,4,8,1
63,7,9,6,3,6,1
63,8,9,6,2,6,1
63,9,9,1,1,2,0
63,10,9,6,6,8,0
63,11,9,8,2,8,1
63,12,9,7,2,7,1
63,13,9,7,4,7,1
63,14,9,1,1,4,0
63,15,9,4,3,4,1
63,16,9,8,3,8,1
63,17,9,7,1,7,1
63,18,9,4,2,4,1
63,19,9,6,5,6,1
63,20,9,4,4,5,0
63,21,9,1,1,3,0
63,22,9,6,1,6,1
63,23,9,5,2,5,1
63,24,9,6,6,7,0
63,25,9,8,5,8,1
63,26,9,7,3,7,1
63,27,9,5,3,5,1
63,28,9,6,4,6,1
63,1,10,6,1,6,1
63,2,10,4,3,4,1
63,3,10,6,6,8,0
63,4,10,7,2,7,1
63,5,10,6,3,6,1
63,6,10,7,5,7,1
63,7,10,8,5,8,1
63,8,10,1,1,3,0
63,9,10,3,2,3,1
63,10,10,4,4,5,0
63,11,10,7,1,7,1
63,12,10,7,7,8,0
63,13,10,4,4,8,0
63,14,10,8,1,8,1
63,15,10,6,4,6,1
63,16,10,7,4,7,1
63,17,10,8,2,8,1
63,18,10,1,1,5,0
63,19,10,4,1,4,1
63,20,10,6,2,6,1
63,21,10,6,5,6,1
63,22,10,5,3,5,1
63,23,10,1,1,2,0
63,24,10,8,3,8,1
63,25,10,4,2,4,1
63,26,10,5,2,5,1
63,27,10,6,6,7,0
63,28,10,7,3,7,1
64,1,1,4,3,4,1
64,2,1,1,1,5,0
64,3,1,7,6,7,1
64,4,1,6,2,6,1
64,5,1,6,5,6,1
64,6,1,4,4,5,0
64,7,1,8,5,8,1
64,8,1,8,3,8,1
64,9,1,7,5,7,1
64,10,1,6,3,6,1
64,11,1,7,4,7,1
64,12,1,7,3,7,1
64,13,1,8,2,8,1
64,14,1,6,4,6,1
64,15,1,6,1,6,1
64,16,1,3,1,3,1
64,17,1,8,6,8,1
64,18,1,7,2,7,1
64,19,1,7,1,7,1
64,20,1,2,1,2,1
64,21,1,8,1,8,1
64,22,1,4,1,4,1
64,23,1,4,2,4,1
64,24,1,8,4,8,1
64,25,1,5,2,5,1
64,26,1,3,3,5,0
64,27,1,7,7,8,0
64,28,1,3,2,3,1
64,1,2,5,2,5,1
64,2,2,5,3,5,1
64,3,2,8,6,8,1
64,4,2,8,7,8,1
64,5,2,4,3,4,1
64,6,2,7,6,7,1
64,7,2,3,2,3,1
64,8,2,7,5,7,1
64,9,2,4,4,6,0
64,10,2,8,4,8,1
64,11,2,6,2,6,1
64,12,2,7,1,7,1
64,13,2,5,1,5,1
64,14,2,7,3,7,1
64,15,2,2,1,2,1
64,16,2,8,3,8,1
64,17,2,7,2,7,1
64,18,2,8,2,8,1
64,19,2,7,4,7,1
64,20,2,6,3,6,1
64,21,2,6,5,6,1
64,22,2,6,1,6,1
64,23,2,3,1,3,1
64,24,2,8,1,8,1
64,25,2,8,5,8,1
64,26,2,4,4,5,0
64,27,2,4,1,4,1
64,28,2,4,2,4,1
64,1,3,4,1,4,1
64,2,3,8,7,8,1
64,3,3,5,2,5,1
64,4,3,3,1,3,1
64,5,3,8,3,8,1
64,6,3,8,6,8,1
64,7,3,7,5,7,1
64,8,3,5,1,5,1
64,9,3,7,1,7,1
64,10,3,3,3,6,0
64,11,3,8,1,8,1
64,12,3,7,2,7,1
64,13,3,7,4,7,1
64,14,3,8,2,8,1
64,15,3,7,3,7,1
64,16,3,7,6,7,1
64,17,3,2,1,2,1
64,18,3,4,4,5,0
64,19,3,3,2,3,1
64,20,3,6,2,6,1
64,21,3,8,4,8,1
64,22,3,6,1,6,1
64,23,3,4,3,4,1
64,24,3,8,5,8,1
64,25,3,6,5,6,1
64,26,3,4,2,4,1
64,27,3,5,3,5,1
64,28,3,4,4,6,0
64,1,4,3,3,5,0
64,2,4,4,3,4,1
64,3,4,5,2,5,1
64,4,4,6,2,6,1
64,5,4,8,2,8,1
64,6,4,4,2,4,1
64,7,4,4,4,6,0
64,8,4,7,2,7,1
64,9,4,7,1,7,1
64,10,4,8,1,8,1
64,11,4,7,4,7,1
64,12,4,6,5,6,1
64,13,4,2,1,2,1
64,14,4,5,4,5,1
64,15,4,3,1,3,1
64,16,4,8,3,8,1
64,17,4,8,7,8,1
64,18,4,5,1,5,1
64,19,4,8,6,8,1
64,20,4,7,5,7,1
64,21,4,3,2,3,1
64,22,4,7,3,7,1
64,23,4,3,3,6,0
64,24,4,7,6,7,1
64,25,4,4,1,4,1
64,26,4,8,5,8,1
64,27,4,8,4,8,1
64,28,4,6,1,6,1
64,1,5,7,1,7,1
64,2,5,2,1,2,1
64,3,5,6,1,6,1
64,4,5,7,2,7,1
64,5,5,3,3,4,0
64,6,5,7,6,7,1
64,7,5,3,2,3,1
64,8,5,4,2,4,1
64,9,5,5,2,5,1
64,10,5,6,2,6,1
64,11,5,8,1,8,1
64,12,5,8,2,8,1
64,13,5,8,5,8,1
64,14,5,7,4,7,1
64,15,5,5,1,5,1
64,16,5,8,3,8,1
64,17,5,7,3,7,1
64,18,5,4,1,4,1
64,19,5,8,6,8,1
64,20,5,5,5,6,0
64,21,5,7,5,7,1
64,22,5,8,7,8,1
64,23,5,3,3,6,0
64,24,5,5,4,5,1
64,25,5,3,1,3,1
64,26,5,4,4,6,0
64,27,5,5,3,5,1
64,28,5,8,4,8,1
64,1,6,8,5,8,1
64,2,6,7,5,7,1
64,3,6,5,2,5,1
64,4,6,8,3,8,1
64,5,6,8,6,8,1
64,6,6,3,2,3,1
64,7,6,5,4,5,1
64,8,6,4,1,4,1
64,9,6,5,3,5,1
64,10,6,4,3,4,1
64,11,6,6,4,6,1
64,12,6,5,1,5,1
64,13,6,7,1,7,1
64,14,6,8,7,8,1
64,15,6,5,5,6,0
64,16,6,7,4,7,1
64,17,6,7,2,7,1
64,18,6,7,6,7,1
64,19,6,7,3,7,1
64,20,6,4,2,4,1
64,21,6,2,1,2,1
64,22,6,8,4,8,1
64,23,6,6,1,6,1
64,24,6,3,1,3,1
64,25,6,8,2,8,1
64,26,6,6,2,6,1
64,27,6,6,3,6,1
64,28,6,8,1,8,1
64,1,7,7,2,7,1
64,2,7,8,7,8,1
64,3,7,6,2,6,1
64,4,7,3,1,3,1
64,5,7,5,1,5,1
64,6,7,7,4,7,1
64,7,7,6,3,6,1
64,8,7,7,6,7,1
64,9,7,6,4,6,1
64,10,7,8,3,8,1
64,11,7,3,2,3,1
64,12,7,7,3,7,1
64,13,7,4,3,4,1
64,14,7,8,1,8,1
64,15,7,4,2,4,1
64,16,7,8,2,8,1
64,17,7,2,1,2,1
64,18,7,8,6,8,1
64,19,7,5,4,5,1
64,20,7,7,5,7,1
64,21,7,6,1,6,1
64,22,7,5,2,5,1
64,23,7,5,5,6,0
64,24,7,7,1,7,1
64,25,7,8,4,8,1
64,26,7,4,1,4,1
64,27,7,5,3,5,1
64,28,7,8,5,8,1
64,1,8,5,1,5,1
64,2,8,6,4,6,1
64,3,8,5,2,5,1
64,4,8,8,6,8,1
64,5,8,5,3,5,1
64,6,8,7,1,7,1
64,7,8,7,6,7,1
64,8,8,7,2,7,1
64,9,8,8,4,8,1
64,10,8,7,5,7,1
64,11,8,2,1,2,1
64,12,8,3,1,3,1
64,13,8,4,3,4,1
64,14,8,5,4,5,1
64,15,8,8,5,8,1
64,16,8,6,2,6,1
64,17,8,4,1,4,1
64,18,8,8,3,8,1
64,19,8,7,4,7,1
64,20,8,4,2,4,1
64,21,8,6,3,6,1
64,22,8,7,3,7,1
64,23,8,8,1,8,1
64,24,8,3,2,3,1
64,25,8,8,2,8,1
64,26,8,6,1,6,1
64,27,8,5,5,6,0
64,28,8,8,7,8,1
64,1,9,8,2,8,1
64,2,9,6,2,6,1
64,3,9,8,3,8,1
64,4,9,6,3,6,1
64,5,9,6,4,6,1
64,6,9,4,3,4,1
64,7,9,8,5,8,1
64,8,9,3,1,3,1
64,9,9,4,2,4,1
64,10,9,7,2,7,1
64,11,9,4,1,4,1
64,12,9,7,4,7,1
64,13,9,5,3,5,1
64,14,9,5,5,6,0
64,15,9,3,2,3,1
64,16,9,7,3,7,1
64,17,9,5,4,5,1
64,18,9,8,7,8,1
64,19,9,6,1,6,1
64,20,9,7,5,7,1
64,21,9,5,2,5,1
64,22,9,7,1,7,1
64,23,9,2,1,2,1
64,24,9,8,4,8,1
64,25,9,8,6,8,1
64,26,9,5,1,5,1
64,27,9,8,1,8,1
64,28,9,7,6,7,1
64,1,10,6,4,6,1
64,2,10,7,1,7,1
64,3,10,8,4,8,1
64,4,10,5,2,5,1
64,5,10,2,1,2,1
64,6,10,5,5,6,0
64,7,10,3,2,3,1
64,8,10,4,2,4,1
64,9,10,6,1,6,1
64,10,10,7,6,7,1
64,11,10,5,3,5,1
64,12,10,4,1,4,1
64,13,10,3,1,3,1
64,14,10,8,7,8,1
64,15,10,8,6,8,1
64,16,10,8,5,8,1
64,17,10,7,2,7,1
64,18,10,8,2,8,1
64,19,10,5,1,5,1
64,20,10,7,5,7,1
64,21,10,6,2,6,1
64,22,10,8,1,8,1
64,23,10,7,4,7,1
64,24,10,4,3,4,1
64,25,10,8,3,8,1
64,26,10,7,3,7,1
64,27,10,6,3,6,1
64,28,10,5,4,5,1
65,1,1,8,1,8,1
65,2,1,8,2,8,1
65,3,1,2,1,2,1
65,4,1,7,2,7,1
65,5,1,6,5,6,1
65,6,1,6,3,6,1
65,7,1,8,6,8,1
65,8,1,7,1,7,1
65,9,1,6,2,6,1
65,10,1,8,7,8,1
65,11,1,7,6,7,1
65,12,1,7,4,7,1
65,13,1,5,2,5,1
65,14,1,8,5,8,1
65,15,1,4,1,4,1
65,16,1,3,3,4,0
65,17,1,8,4,8,1
65,18,1,3,2,3,1
65,19,1,7,5,7,1
65,20,1,3,3,5,0
65,21,1,5,1,5,1
65,22,1,4,4,5,0
65,23,1,8,3,8,1
65,24,1,7,3,7,1
65,25,1,3,1,3,1
65,26,1,4,2,4,1
65,27,1,6,1,6,1
65,28,1,6,4,6,1
65,1,2,3,3,4,0
65,2,2,7,5,7,1
65,3,2,7,3,7,1
65,4,2,7,1,7,1
65,5,2,8,7,8,1
65,6,2,8,2,8,1
65,7,2,4,4,5,0
65,8,2,8,5,8,1
65,9,2,8,1,8,1
65,10,2,5,2,5,1
65,11,2,3,1,3,1
65,12,2,5,1,5,1
65,13,2,7,6,7,1
65,14,2,6,5,6,1
65,15,2,6,1,6,1
65,16,2,8,3,8,1
65,17,2,2,1,2,1
65,18,2,8,4,8,1
65,19,2,6,4,6,1
65,20,2,7,2,7,1
65,21,2,4,2,4,1
65,22,2,7,4,7,1
65,23,2,3,2,3,1
65,24,2,8,6,8,1
65,25,2,6,2,6,1
65,26,2,4,1,4,1
65,27,2,3,3,5,0
65,28,2,6,3,6,1
65,1,3,6,1,6,1
65,2,3,6,3,6,1
65,3,3,4,2,4,1
65,4,3,3,1,3,1
65,5,3,7,3,7,1
65,6,3,2,1,2,1
65,7,3,5,2,5,1
65,8,3,3,2,3,1
65,9,3,8,5,8,1
65,10,3,4,4,5,0
65,11,3,6,4,6,1
65,12,3,8,6,8,1
65,13,3,8,7,8,1
65,14,3,5,1,5,1
65,15,3,8,4,8,1
65,16,3,8,3,8,1
65,17,3,3,3,5,0
65,18,3,7,4,7,1
65,19,3,7,2,7,1
65,20,3,3,3,4,0
65,21,3,7,6,7,1
65,22,3,7,5,7,1
65,23,3,8,1,8,1
65,24,3,6,5,6,1
65,25,3,1,1,4,0
65,26,3,8,2,8,1
65,27,3,6,2,6,1
65,28,3,7,1,7,1
65,1,4,8,6,8,1
65,2,4,8,2,8,1
65,3,4,6,5,6,1
65,4,4,2,1,2,1
65,5,4,7,5,7,1
65,6,4,6,4,6,1
65,7,4,8,1,8,1
65,8,4,5,1,5,1
65,9,4,6,3,6,1
65,10,4,7,6,7,1
65,11,4,8,5,8,1
65,12,4,3,1,3,1
65,13,4,4,1,4,1
65,14,4,7,2,7,1
65,15,4,3,3,4,0
65,16,4,7,3,7,1
65,17,4,6,1,6,1
65,18,4,4,4,5,0
65,19,4,5,2,5,1
65,20,4,6,2,6,1
65,21,4,8,7,8,1
65,22,4,8,4,8,1
65,23,4,3,2,3,1
65,24,4,3,3,5,0
65,25,4,7,4,7,1
65,26,4,4,2,4,1
65,27,4,8,3,8,1
65,28,4,7,1,7,1
65,1,5,7,2,7,1
65,2,5,3,2,3,1
65,3,5,6,4,6,1
65,4,5,3,3,4,0
65,5,5,8,3,8,1
65,6,5,4,1,4,1
65,7,5,8,4,8,1
65,8,5,7,4,7,1
65,9,5,5,1,5,1
65,10,5,7,6,7,1
65,11,5,7,1,7,1
65,12,5,8,6,8,1
65,13,5,2,1,2,1
65,14,5,3,1,3,1
65,15,5,8,2,8,1
65,16,5,6,2,6,1
65,17,5,8,5,8,1
65,18,5,7,3,7,1
65,19,5,6,1,6,1
65,20,5,7,5,7,1
65,21,5,6,3,6,1
65,22,5,4,2,4,1
65,23,5,4,4,5,0
65,24,5,8,7,8,1
65,25,5,6,5,6,1
65,26,5,8,1,8,1
65,27,5,3,3,5,0
65,28,5,5,2,5,1
65,1,6,7,6,7,1
65,2,6,3,1,3,1
65,3,6,4,4,5,0
65,4,6,3,3,4,0
65,5,6,7,2,7,1
65,6,6,6,2,6,1
65,7,6,7,1,7,1
65,8,6,8,1,8,1
65,9,6,3,2,3,1
65,10,6,4,1,4,1
65,11,6,5,2,5,1
65,12,6,8,2,8,1
65,13,6,6,5,6,1
65,14,6,5,1,5,1
65,15,6,8,6,8,1
65,16,6,8,3,8,1
65,17,6,8,4,8,1
65,18,6,6,3,6,1
65,19,6,6,1,6,1
65,20,6,8,5,8,1
65,21,6,6,4,6,1
65,22,6,3,3,5,0
65,23,6,7,5,7,1
65,24,6,7,3,7,1
65,25,6,4,2,4,1
65,26,6,7,4,7,1
65,27,6,2,1,2,1
65,28,6,8,7,8,1
65,1,7,7,5,7,1
65,2,7,5,2,5,1
65,3,7,5,1,5,1
65,4,7,7,6,7,1
65,5,7,6,3,6,1
65,6,7,7,2,7,1
65,7,7,3,3,4,0
65,8,7,8,4,8,1
65,9,7,3,1,3,1
65,10,7,8,6,8,1
65,11,7,8,7,8,1
65,12,7,6,5,6,1
65,13,7,6,2,6,1
65,14,7,6,4,6,1
65,15,7,4,1,4,1
65,16,7,7,1,7,1
65,17,7,8,1,8,1
65,18,7,4,2,4,1
65,19,7,7,3,7,1
65,20,7,3,2,3,1
65,21,7,8,2,8,1
65,22,7,2,1,2,1
65,23,7,6,1,6,1
65,24,7,7,4,7,1
65,25,7,8,5,8,1
65,26,7,4,4,5,0
65,27,7,3,3,5,0
65,28,7,8,3,8,1
65,1,8,2,1,2,1
65,2,8,7,6,7,1
65,3,8,8,7,8,1
65,4,8,6,2,6,1
65,5,8,6,4,6,1
65,6,8,3,2,3,1
65,7,8,8,5,8,1
65,8,8,6,1,6,1
65,9,8,7,1,7,1
65,10,8,3,3,5,0
65,11,8,4,2,4,1
65,12,8,5,1,5,1
65,13,8,7,4,7,1
65,14,8,8,2,8,1
65,15,8,7,5,7,1
65,16,8,6,3,6,1
65,17,8,4,1,4,1
65,18,8,7,2,7,1
65,19,8,5,2,5,1
65,20,8,8,6,8,1
65,21,8,3,3,4,0
65,22,8,8,3,8,1
65,23,8,4,4,5,0
65,24,8,7,3,7,1
65,25,8,8,4,8,1
65,26,8,3,1,3,1
65,27,8,8,1,8,1
65,28,8,6,5,6,1
65,1,9,6,4,6,1
65,2,9,6,3,6,1
65,3,9,7,2,7,1
65,4,9,7,5,7,1
65,5,9,8,7,8,1
65,6,9,7,4,7,1
65,7,9,8,3,8,1
65,8,9,6,5,6,1
65,9,9,5,1,5,1
65,10,9,5,2,5,1
65,11,9,8,2,8,1
65,12,9,7,1,7,1
65,13,9,4,1,4,1
65,14,9,7,3,7,1
65,15,9,4,4,5,0
65,16,9,8,6,8,1
65,17,9,6,1,6,1
65,18,9,3,2,3,1
65,19,9,3,3,4,0
65,20,9,3,1,3,1
65,21,9,2,1,2,1
65,22,9,8,5,8,1
65,23,9,8,1,8,1
65,24,9,4,2,4,1
65,25,9,7,6,7,1
65,26,9,8,4,8,1
65,27,9,3,3,5,0
65,28,9,6,2,6,1
65,1,10,6,2,6,1
65,2,10,7,2,7,1
65,3,10,7,3,7,1
65,4,10,7,4,7,1
65,5,10,7,5,7,1
65,6,10,4,2,4,1
65,7,10,7,6,7,1
65,8,10,4,4,5,0
65,9,10,8,4,8,1
65,10,10,3,3,4,0
65,11,10,8,3,8,1
65,12,10,5,2,5,1
65,13,10,8,6,8,1
65,14,10,4,1,4,1
65,15,10,7,1,7,1
65,16,10,2,1,2,1
65,17,10,3,2,3,1
65,18,10,8,7,8,1
65,19,10,3,1,3,1
65,20,10,6,4,6,1
65,21,10,6,1,6,1
65,22,10,8,1,8,1
65,23,10,8,2,8,1
65,24,10,8,5,8,1
65,25,10,5,1,5,1
65,26,10,6,5,6,1
65,27,10,3,3,5,0
65,28,10,6,3,6,1
66,1,1,5,5,6,0
66,2,1,8,4,8,1
66,3,1,8,1,8,1
66,4,1,8,7,8,1
66,5,1,7,1,7,1
66,6,1,8,3,8,1
66,7,1,4,4,7,0
66,8,1,7,6,7,1
66,9,1,4,1,4,1
66,10,1,3,1,3,1
66,11,1,5,4,5,1
66,12,1,5,5,7,0
66,13,1,3,2,3,1
66,14,1,7,3,7,1
66,15,1,3,3,4,0
66,16,1,5,2,5,1
66,17,1,5,3,5,1
66,18,1,6,1,6,1
66,19,1,7,2,7,1
66,20,1,3,3,6,0
66,21,1,5,1,5,1
66,22,1,2,2,4,0
66,23,1,8,6,8,1
66,24,1,8,5,8,1
66,25,1,2,2,6,0
66,26,1,4,4,6,0
66,27,1,2,1,2,1
66,28,1,8,2,8,1
66,1,2,7,6,7,1
66,2,2,8,7,8,1
66,3,2,3,3,7,0
66,4,2,5,5,7,0
66,5,2,4,4,6,0
66,6,2,8,2,8,1
66,7,2,5,1,5,1
66,8,2,7,4,7,1
66,9,2,2,2,4,0
66,10,2,2,2,6,0
66,11,2,6,1,6,1
66,12,2,3,3,6,0
66,13,2,5,5,6,0
66,14,2,3,2,3,1
66,15,2,8,3,8,1
66,16,2,3,1,3,1
66,17,2,8,5,8,1
66,18,2,5,4,5,1
66,19,2,4,1,4,1
66,20,2,8,6,8,1
66,21,2,2,1,2,1
66,22,2,3,3,4,0
66,23,2,5,2,5,1
66,24,2,8,4,8,1
66,25,2,7,2,7,1
66,26,2,8,1,8,1
66,27,2,7,1,7,1
66,28,2,5,3,5,1
66,1,3,4,1,4,1
66,2,3,8,6,8,1
66,3,3,6,1,6,1
66,4,3,2,1,2,1
66,5,3,2,2,4,0
66,6,3,3,3,4,0
66,7,3,8,5,8,1
66,8,3,3,3,6,0
66,9,3,2,2,7,0
66,10,3,3,2,3,1
66,11,3,5,1,5,1
66,12,3,8,3,8,1
66,13,3,3,1,3,1
66,14,3,7,1,7,1
66,15,3,5,3,5,1
66,16,3,4,4,6,0
66,17,3,8,1,8,1
66,18,3,5,2,5,1
66,19,3,5,5,6,0
66,20,3,8,7,8,1
66,21,3,7,6,7,1
66,22,3,5,4,5,1
66,23,3,8,2,8,1
66,24,3,8,4,8,1
66,25,3,2,2,6,0
66,26,3,5,5,7,0
66,27,3,7,4,7,1
66,28,3,3,3,7,0
66,1,4,5,2,5,1
66,2,4,8,3,8,1
66,3,4,2,1,2,1
66,4,4,2,2,4,0
66,5,4,8,6,8,1
66,6,4,4,1,4,1
66,7,4,2,2,6,0
66,8,4,5,4,5,1
66,9,4,8,4,8,1
66,10,4,8,5,8,1
66,11,4,5,3,5,1
66,12,4,3,1,3,1
66,13,4,5,1,5,1
66,14,4,3,3,4,0
66,15,4,2,2,7,0
66,16,4,3,3,6,0
66,17,4,7,4,7,1
66,18,4,7,6,7,1
66,19,4,5,5,7,0
66,20,4,7,1,7,1
66,21,4,1,1,6,0
66,22,4,5,5,6,0
66,23,4,4,4,6,0
66,24,4,8,1,8,1
66,25,4,7,3,7,1
66,26,4,2,2,3,0
66,27,4,8,7,8,1
66,28,4,8,2,8,1
66,1,5,3,3,4,0
66,2,5,4,1,4,1
66,3,5,3,3,6,0
66,4,5,5,1,5,1
66,5,5,3,3,7,0
66,6,5,4,4,6,0
66,7,5,8,3,8,1
66,8,5,7,6,7,1
66,9,5,8,5,8,1
66,10,5,5,5,7,0
66,11,5,3,1,3,1
66,12,5,6,1,6,1
66,13,5,2,2,4,0
66,14,5,2,2,7,0
66,15,5,5,2,5,1
66,16,5,7,4,7,1
66,17,5,5,4,5,1
66,18,5,5,3,5,1
66,19,5,8,2,8,1
66,20,5,8,1,8,1
66,21,5,5,5,6,0
66,22,5,2,2,3,0
66,23,5,7,1,7,1
66,24,5,8,6,8,1
66,25,5,8,4,8,1
66,26,5,8,7,8,1
66,27,5,2,2,6,0
66,28,5,2,1,2,1
66,1,6,8,3,8,1
66,2,6,2,2,6,0
66,3,6,8,5,8,1
66,4,6,6,4,6,1
66,5,6,5,1,5,1
66,6,6,6,1,6,1
66,7,6,4,1,4,1
66,8,6,3,1,3,1
66,9,6,2,2,7,0
66,10,6,5,5,7,0
66,11,6,5,5,6,0
66,12,6,8,1,8,1
66,13,6,8,7,8,1
66,14,6,8,4,8,1
66,15,6,8,6,8,1
66,16,6,3,3,4,0
66,17,6,3,3,7,0
66,18,6,3,3,6,0
66,19,6,5,2,5,1
66,20,6,7,6,7,1
66,21,6,2,2,4,0
66,22,6,7,1,7,1
66,23,6,5,3,5,1
66,24,6,8,2,8,1
66,25,6,7,4,7,1
66,26,6,5,4,5,1
66,27,6,2,2,3,0
66,28,6,2,1,2,1
66,1,7,8,7,8,1
66,2,7,2,2,4,0
66,3,7,2,2,8,0
66,4,7,7,6,7,1
66,5,7,3,1,3,1
66,6,7,6,1,6,1
66,7,7,8,6,8,1
66,8,7,5,1,5,1
66,9,7,7,4,7,1
66,10,7,8,4,8,1
66,11,7,2,1,2,1
66,12,7,5,5,7,0
66,13,7,2,2,7,0
66,14,7,4,1,4,1
66,15,7,5,5,6,0
66,16,7,2,2,6,0
66,17,7,2,2,3,0
66,18,7,6,4,6,1
66,19,7,3,3,6,0
66,20,7,7,1,7,1
66,21,7,8,3,8,1
66,22,7,8,1,8,1
66,23,7,5,3,5,1
66,24,7,7,3,7,1
66,25,7,4,3,4,1
66,26,7,5,4,5,1
66,27,7,5,2,5,1
66,28,7,8,5,8,1
66,1,8,8,2,8,1
66,2,8,8,6,8,1
66,3,8,8,4,8,1
66,4,8,2,2,7,0
66,5,8,3,2,3,1
66,6,8,1,1,5,0
66,7,8,4,4,6,0
66,8,8,5,5,6,0
66,9,8,8,3,8,1
66,10,8,7,4,7,1
66,11,8,2,2,4,0
66,12,8,8,1,8,1
66,13,8,8,7,8,1
66,14,8,6,1,6,1
66,15,8,6,6,7,0
66,16,8,2,1,2,1
66,17,8,5,2,5,1
66,18,8,3,3,7,0
66,19,8,8,5,8,1
66,20,8,5,5,7,0
66,21,8,5,3,5,1
66,22,8,4,1,4,1
66,23,8,3,3,6,0
66,24,8,3,1,3,1
66,25,8,3,3,4,0
66,26,8,7,1,7,1
66,27,8,6,2,6,1
66,28,8,5,4,5,1
66,1,9,7,4,7,1
66,2,9,6,1,6,1
66,3,9,7,1,7,1
66,4,9,5,3,5,1
66,5,9,8,1,8,1
66,6,9,6,2,6,1
66,7,9,8,2,8,1
66,8,9,7,6,7,1
66,9,9,2,2,4,0
66,10,9,8,3,8,1
66,11,9,8,6,8,1
66,12,9,3,3,7,0
66,13,9,8,5,8,1
66,14,9,5,2,5,1
66,15,9,3,2,3,1
66,16,9,4,4,6,0
66,17,9,5,1,5,1
66,18,9,3,1,3,1
66,19,9,3,3,4,0
66,20,9,5,5,6,0
66,21,9,2,1,2,1
66,22,9,8,7,8,1
66,23,9,8,4,8,1
66,24,9,5,4,5,1
66,25,9,3,3,6,0
66,26,9,4,1,4,1
66,27,9,5,5,7,0
66,28,9,7,2,7,1
66,1,10,5,5,7,0
66,2,10,7,1,7,1
66,3,10,3,2,3,1
66,4,10,5,4,5,1
66,5,10,2,1,2,1
66,6,10,8,4,8,1
66,7,10,4,1,4,1
66,8,10,7,2,7,1
66,9,10,5,2,5,1
66,10,10,8,3,8,1
66,11,10,8,7,8,1
66,12,10,8,5,8,1
66,13,10,4,4,6,0
66,14,10,8,1,8,1
66,15,10,7,4,7,1
66,16,10,5,1,5,1
66,17,10,7,6,7,1
66,18,10,6,1,6,1
66,19,10,3,3,4,0
66,20,10,8,6,8,1
66,21,10,3,3,7,0
66,22,10,2,2,6,0
66,23,10,3,1,3,1
66,24,10,8,2,8,1
66,25,10,5,3,5,1
66,26,10,3,3,6,0
66,27,10,5,5,6,0
66,28,10,2,2,4,0
67,1,1,8,7,8,1
67,2,1,4,3,4,1
67,3,1,6,4,6,1
67,4,1,8,2,8,1
67,5,1,5,5,7,0
67,6,1,7,6,7,1
67,7,1,5,4,5,1
67,8,1,2,1,2,1
67,9,1,6,1,6,1
67,10,1,5,1,5,1
67,11,1,3,2,3,1
67,12,1,2,2,4,0
67,13,1,8,3,8,1
67,14,1,5,2,5,1
67,15,1,7,1,7,1
67,16,1,8,4,8,1
67,17,1,8,5,8,1
67,18,1,4,1,4,1
67,19,1,5,5,6,0
67,20,1,2,2,6,0
67,21,1,8,1,8,1
67,22,1,3,1,3,1
67,23,1,7,4,7,1
67,24,1,3,3,7,0
67,25,1,8,6,8,1
67,26,1,3,3,6,0
67,27,1,2,2,7,0
67,28,1,5,3,5,1
67,1,2,3,3,7,0
67,2,2,3,3,4,0
67,3,2,3,3,6,0
67,4,2,3,1,3,1
67,5,2,6,1,6,1
67,6,2,5,1,5,1
67,7,2,2,2,4,0
67,8,2,5,5,7,0
67,9,2,7,1,7,1
67,10,2,5,2,5,1
67,11,2,8,1,8,1
67,12,2,2,2,6,0
67,13,2,3,2,3,1
67,14,2,8,6,8,1
67,15,2,4,1,4,1
67,16,2,2,1,2,1
67,17,2,5,4,5,1
67,18,2,5,5,6,0
67,19,2,8,3,8,1
67,20,2,8,5,8,1
67,21,2,8,4,8,1
67,22,2,7,4,7,1
67,23,2,2,2,7,0
67,24,2,8,2,8,1
67,25,2,7,6,7,1
67,26,2,5,3,5,1
67,27,2,6,4,6,1
67,28,2,8,7,8,1
67,1,3,7,6,7,1
67,2,3,4,1,4,1
67,3,3,8,4,8,1
67,4,3,3,2,3,1
67,5,3,2,2,6,0
67,6,3,2,2,7,0
67,7,3,2,1,2,1
67,8,3,3,3,4,0
67,9,3,3,3,6,0
67,10,3,2,2,4,0
67,11,3,8,3,8,1
67,12,3,8,7,8,1
67,13,3,4,4,6,0
67,14,3,8,6,8,1
67,15,3,5,2,5,1
67,16,3,7,1,7,1
67,17,3,3,1,3,1
67,18,3,5,5,7,0
67,19,3,5,3,5,1
67,20,3,8,5,8,1
67,21,3,7,4,7,1
67,22,3,5,1,5,1
67,23,3,6,1,6,1
67,24,3,3,3,7,0
67,25,3,8,2,8,1
67,26,3,5,5,6,0
67,27,3,5,4,5,1
67,28,3,8,1,8,1
67,1,4,2,2,6,0
67,2,4,3,1,3,1
67,3,4,2,1,2,1
67,4,4,4,1,4,1
67,5,4,8,3,8,1
67,6,4,8,7,8,1
67,7,4,5,4,5,1
67,8,4,8,5,8,1
67,9,4,6,4,6,1
67,10,4,5,1,5,1
67,11,4,7,1,7,1
67,12,4,5,3,5,1
67,13,4,8,1,8,1
67,14,4,7,6,7,1
67,15,4,2,2,4,0
67,16,4,3,3,6,0
67,17,4,8,2,8,1
67,18,4,6,1,6,1
67,19,4,8,4,8,1
67,20,4,3,3,4,0
67,21,4,7,4,7,1
67,22,4,3,2,3,1
67,23,4,5,2,5,1
67,24,4,5,5,6,0
67,25,4,3,3,7,0
67,26,4,5,5,7,0
67,27,4,8,6,8,1
67,28,4,2,2,7,0
67,1,5,5,3,5,1
67,2,5,7,4,7,1
67,3,5,2,2,4,0
67,4,5,8,5,8,1
67,5,5,8,2,8,1
67,6,5,5,4,5,1
67,7,5,5,2,5,1
67,8,5,4,1,4,1
67,9,5,8,1,8,1
67,10,5,8,4,8,1
67,11,5,8,3,8,1
67,12,5,3,3,4,0
67,13,5,5,1,5,1
67,14,5,2,2,7,0
67,15,5,6,1,6,1
67,16,5,2,1,2,1
67,17,5,8,6,8,1
67,18,5,2,2,6,0
67,19,5,7,6,7,1
67,20,5,3,2,3,1
67,21,5,3,1,3,1
67,22,5,7,1,7,1
67,23,5,5,5,6,0
67,24,5,8,7,8,1
67,25,5,3,3,7,0
67,26,5,3,3,6,0
67,27,5,6,4,6,1
67,28,5,5,5,7,0
67,1,6,3,3,4,0
67,2,6,4,1,4,1
67,3,6,5,5,7,0
67,4,6,3,3,7,0
67,5,6,6,1,6,1
67,6,6,5,3,5,1
67,7,6,2,1,2,1
67,8,6,5,2,5,1
67,9,6,5,5,6,0
67,10,6,7,4,7,1
67,11,6,2,2,7,0
67,12,6,8,3,8,1
67,13,6,2,2,6,0
67,14,6,8,2,8,1
67,15,6,8,6,8,1
67,16,6,3,1,3,1
67,17,6,2,2,4,0
67,18,6,3,3,6,0
67,19,6,7,1,7,1
67,20,6,8,4,8,1
67,21,6,8,1,8,1
67,22,6,8,5,8,1
67,23,6,7,6,7,1
67,24,6,5,1,5,1
67,25,6,6,4,6,1
67,26,6,8,7,8,1
67,27,6,5,4,5,1
67,28,6,3,2,3,1
67,1,7,8,7,8,1
67,2,7,8,6,8,1
67,3,7,5,1,5,1
67,4,7,5,5,6,0
67,5,7,8,1,8,1
67,6,7,8,4,8,1
67,7,7,2,2,4,0
67,8,7,5,3,5,1
67,9,7,3,3,7,0
67,10,7,6,4,6,1
67,11,7,3,3,4,0
67,12,7,8,2,8,1
67,13,7,7,4,7,1
67,14,7,3,1,3,1
67,15,7,3,3,6,0
67,16,7,4,1,4,1
67,17,7,3,2,3,1
67,18,7,5,2,5,1
67,19,7,5,5,7,0
67,20,7,6,1,6,1
67,21,7,7,6,7,1
67,22,7,7,1,7,1
67,23,7,2,1,2,1
67,24,7,5,4,5,1
67,25,7,2,2,6,0
67,26,7,2,2,7,0
67,27,7,8,5,8,1
67,28,7,8,3,8,1
67,1,8,8,5,8,1
67,2,8,3,3,6,0
67,3,8,5,1,5,1
67,4,8,3,3,7,0
67,5,8,6,1,6,1
67,6,8,7,1,7,1
67,7,8,5,4,5,1
67,8,8,3,3,4,0
67,9,8,6,4,6,1
67,10,8,8,2,8,1
67,11,8,3,2,3,1
67,12,8,2,2,4,0
67,13,8,4,1,4,1
67,14,8,7,6,7,1
67,15,8,3,1,3,1
67,16,8,8,1,8,1
67,17,8,7,4,7,1
67,18,8,5,3,5,1
67,19,8,8,4,8,1
67,20,8,5,5,6,0
67,21,8,5,5,7,0
67,22,8,8,6,8,1
67,23,8,2,2,7,0
67,24,8,5,2,5,1
67,25,8,2,1,2,1
67,26,8,2,2,6,0
67,27,8,8,7,8,1
67,28,8,8,3,8,1
67,1,9,7,1,7,1
67,2,9,5,3,5,1
67,3,9,3,1,3,1
67,4,9,3,3,6,0
67,5,9,8,2,8,1
67,6,9,6,1,6,1
67,7,9,5,5,6,0
67,8,9,3,2,3,1
67,9,9,8,6,8,1
67,10,9,8,5,8,1
67,11,9,8,7,8,1
67,12,9,2,2,7,0
67,13,9,6,4,6,1
67,14,9,5,5,7,0
67,15,9,4,1,4,1
67,16,9,7,4,7,1
67,17,9,8,4,8,1
67,18,9,3,3,4,0
67,19,9,8,1,8,1
67,20,9,5,4,5,1
67,21,9,5,1,5,1
67,22,9,3,3,7,0
67,23,9,2,2,4,0
67,24,9,2,2,6,0
67,25,9,8,3,8,1
67,26,9,2,1,2,1
67,27,9,5,2,5,1
67,28,9,7,6,7,1
67,1,10,8,1,8,1
67,2,10,5,5,6,0
67,3,10,8,5,8,1
67,4,10,2,2,4,0
67,5,10,3,3,7,0
67,6,10,7,1,7,1
67,7,10,3,3,6,0
67,8,10,8,2,8,1
67,9,10,6,4,6,1
67,10,10,7,4,7,1
67,11,10,5,4,5,1
67,12,10,7,6,7,1
67,13,10,5,3,5,1
67,14,10,8,7,8,1
67,15,10,8,4,8,1
67,16,10,5,1,5,1
67,17,10,6,1,6,1
67,18,10,2,2,6,0
67,19,10,3,2,3,1
67,20,10,8,6,8,1
67,21,10,2,2,7,0
67,22,10,4,1,4,1
67,23,10,2,1,2,1
67,24,10,8,3,8,1
67,25,10,5,2,5,1
67,26,10,3,1,3,1
67,27,10,5,5,7,0
67,28,10,3,3,4,0
68,1,1,6,6,7,0
68,2,1,8,5,8,1
68,3,1,7,1,7,1
68,4,1,1,1,5,0
68,5,1,8,2,8,1
68,6,1,7,7,8,0
68,7,1,8,3,8,1
68,8,1,1,1,4,0
68,9,1,7,5,7,1
68,10,1,6,2,6,1
68,11,1,6,3,6,1
68,12,1,6,1,6,1
68,13,1,5,2,5,1
68,14,1,3,2,3,1
68,15,1,4,2,4,1
68,16,1,7,4,7,1
68,17,1,6,4,6,1
68,18,1,5,3,5,1
68,19,1,6,5,6,1
68,20,1,8,1,8,1
68,21,1,1,1,2,0
68,22,1,4,3,4,1
68,23,1,1,1,3,0
68,24,1,8,4,8,1
68,25,1,4,4,5,0
68,26,1,7,2,7,1
68,27,1,7,3,7,1
68,28,1,6,6,8,0
68,1,2,1,1,5,0
68,2,2,7,2,7,1
68,3,2,4,3,4,1
68,4,2,8,5,8,1
68,5,2,7,4,7,1
68,6,2,6,2,6,1
68,7,2,7,7,8,0
68,8,2,6,5,6,1
68,9,2,1,1,3,0
68,10,2,7,5,7,1
68,11,2,7,3,7,1
68,12,2,6,4,6,1
68,13,2,6,3,6,1
68,14,2,3,2,3,1
68,15,2,4,4,5,0
68,16,2,5,2,5,1
68,17,2,5,3,5,1
68,18,2,1,1,4,0
68,19,2,7,1,7,1
68,20,2,6,6,7,0
68,21,2,4,2,4,1
68,22,2,8,2,8,1
68,23,2,8,4,8,1
68,24,2,6,1,6,1
68,25,2,8,3,8,1
68,26,2,6,6,8,0
68,27,2,1,1,8,0
68,28,2,1,1,2,0
68,1,3,8,3,8,1
68,2,3,7,4,7,1
68,3,3,2,2,3,0
68,4,3,6,5,6,1
68,5,3,4,3,4,1
68,6,3,6,3,6,1
68,7,3,1,1,5,0
68,8,3,4,4,5,0
68,9,3,8,4,8,1
68,10,3,5,2,5,1
68,11,3,7,3,7,1
68,12,3,7,7,8,0
68,13,3,1,1,2,0
68,14,3,7,2,7,1
68,15,3,4,2,4,1
68,16,3,6,6,8,0
68,17,3,8,2,8,1
68,18,3,5,3,5,1
68,19,3,7,1,7,1
68,20,3,1,1,3,0
68,21,3,7,5,7,1
68,22,3,6,1,6,1
68,23,3,1,1,4,0
68,24,3,6,4,6,1
68,25,3,1,1,8,0
68,26,3,8,5,8,1
68,27,3,6,2,6,1
68,28,3,7,6,7,1
68,1,4,1,1,5,0
68,2,4,6,2,6,1
68,3,4,7,1,7,1
68,4,4,7,6,7,1
68,5,4,3,2,3,1
68,6,4,7,7,8,0
68,7,4,1,1,3,0
68,8,4,4,2,4,1
68,9,4,1,1,4,0
68,10,4,8,3,8,1
68,11,4,8,1,8,1
68,12,4,7,5,7,1
68,13,4,6,6,8,0
68,14,4,6,5,6,1
68,15,4,6,3,6,1
68,16,4,5,2,5,1
68,17,4,5,5,8,0
68,18,4,8,4,8,1
68,19,4,7,4,7,1
68,20,4,1,1,6,0
68,21,4,5,4,5,1
68,22,4,5,3,5,1
68,23,4,8,2,8,1
68,24,4,7,3,7,1
68,25,4,1,1,2,0
68,26,4,4,3,4,1
68,27,4,6,4,6,1
68,28,4,7,2,7,1
68,1,5,6,6,7,0
68,2,5,6,6,8,0
68,3,5,8,2,8,1
68,4,5,3,2,3,1
68,5,5,4,3,4,1
68,6,5,5,4,5,1
68,7,5,5,3,5,1
68,8,5,8,4,8,1
68,9,5,7,2,7,1
68,10,5,6,1,6,1
68,11,5,8,3,8,1
68,12,5,5,2,5,1
68,13,5,5,1,5,1
68,14,5,8,5,8,1
68,15,5,7,7,8,0
68,16,5,7,3,7,1
68,17,5,7,1,7,1
68,18,5,1,1,4,0
68,19,5,1,1,8,0
68,20,5,7,4,7,1
68,21,5,1,1,3,0
68,22,5,6,3,6,1
68,23,5,4,2,4,1
68,24,5,6,4,6,1
68,25,5,6,2,6,1
68,26,5,7,5,7,1
68,27,5,1,1,2,0
68,28,5,6,5,6,1
68,1,6,5,3,5,1
68,2,6,7,4,7,1
68,3,6,4,4,8,0
68,4,6,7,1,7,1
68,5,6,1,1,3,0
68,6,6,8,3,8,1
68,7,6,6,1,6,1
68,8,6,8,1,8,1
68,9,6,5,2,5,1
68,10,6,1,1,2,0
68,11,6,5,1,5,1
68,12,6,6,3,6,1
68,13,6,5,5,8,0
68,14,6,1,1,4,0
68,15,6,7,2,7,1
68,16,6,7,7,8,0
68,17,6,2,2,3,0
68,18,6,4,2,4,1
68,19,6,7,6,7,1
68,20,6,5,4,5,1
68,21,6,6,4,6,1
68,22,6,7,5,7,1
68,23,6,7,3,7,1
68,24,6,8,2,8,1
68,25,6,4,3,4,1
68,26,6,6,2,6,1
68,27,6,6,5,6,1
68,28,6,6,6,8,0
68,1,7,5,1,5,1
68,2,7,7,1,7,1
68,3,7,1,1,3,0
68,4,7,6,4,6,1
68,5,7,4,4,5,0
68,6,7,1,1,4,0
68,7,7,7,5,7,1
68,8,7,8,5,8,1
68,9,7,5,3,5,1
68,10,7,7,7,8,0
68,11,7,7,2,7,1
68,12,7,6,1,6,1
68,13,7,7,3,7,1
68,14,7,4,2,4,1
68,15,7,6,6,8,0
68,16,7,8,1,8,1
68,17,7,7,4,7,1
68,18,7,2,2,3,0
68,19,7,8,2,8,1
68,20,7,6,2,6,1
68,21,7,1,1,2,0
68,22,7,4,3,4,1
68,23,7,5,2,5,1
68,24,7,6,5,6,1
68,25,7,7,6,7,1
68,26,7,6,3,6,1
68,27,7,8,3,8,1
68,28,7,8,4,8,1
68,1,8,8,5,8,1
68,2,8,8,2,8,1
68,3,8,6,6,8,0
68,4,8,4,2,4,1
68,5,8,5,2,5,1
68,6,8,8,4,8,1
68,7,8,7,4,7,1
68,8,8,7,7,8,0
68,9,8,8,3,8,1
68,10,8,8,1,8,1
68,11,8,4,3,4,1
68,12,8,6,1,6,1
68,13,8,5,3,5,1
68,14,8,6,3,6,1
68,15,8,7,3,7,1
68,16,8,5,4,5,1
68,17,8,6,5,6,1
68,18,8,7,2,7,1
68,19,8,7,6,7,1
68,20,8,7,1,7,1
68,21,8,1,1,4,0
68,22,8,6,4,6,1
68,23,8,5,1,5,1
68,24,8,3,2,3,1
68,25,8,1,1,2,0
68,26,8,7,5,7,1
68,27,8,1,1,3,0
68,28,8,6,2,6,1
68,1,9,1,1,4,0
68,2,9,7,3,7,1
68,3,9,4,2,4,1
68,4,9,5,5,7,0
68,5,9,6,5,6,1
68,6,9,7,1,7,1
68,7,9,4,3,4,1
68,8,9,6,6,7,0
68,9,9,8,3,8,1
68,10,9,4,4,5,0
68,11,9,1,1,2,0
68,12,9,8,7,8,1
68,13,9,5,2,5,1
68,14,9,8,4,8,1
68,15,9,7,4,7,1
68,16,9,6,6,8,0
68,17,9,1,1,3,0
68,18,9,7,2,7,1
68,19,9,8,5,8,1
68,20,9,8,1,8,1
68,21,9,8,2,8,1
68,22,9,6,3,6,1
68,23,9,6,1,6,1
68,24,9,6,4,6,1
68,25,9,6,2,6,1
68,26,9,3,2,3,1
68,27,9,5,3,5,1
68,28,9,1,1,5,0
68,1,10,7,4,7,1
68,2,10,4,3,4,1
68,3,10,8,4,8,1
68,4,10,6,2,6,1
68,5,10,6,4,6,1
68,6,10,4,4,5,0
68,7,10,1,1,2,0
68,8,10,6,6,8,0
68,9,10,8,5,8,1
68,10,10,4,1,4,1
68,11,10,5,2,5,1
68,12,10,4,2,4,1
68,13,10,7,3,7,1
68,14,10,6,5,6,1
68,15,10,8,1,8,1
68,16,10,7,1,7,1
68,17,10,7,2,7,1
68,18,10,8,3,8,1
68,19,10,7,5,7,1
68,20,10,6,3,6,1
68,21,10,7,6,7,1
68,22,10,8,2,8,1
68,23,10,5,3,5,1
68,24,10,1,1,3,0
68,25,10,1,1,5,0
68,26,10,7,7,8,0
68,27,10,6,1,6,1
68,28,10,2,2,3,0
69,1,1,5,2,5,1
69,2,1,2,1,2,1
69,3,1,3,2,3,1
69,4,1,5,5,6,0
69,5,1,8,2,8,1
69,6,1,3,1,3,1
69,7,1,8,7,8,1
69,8,1,8,4,8,1
69,9,1,5,5,7,0
69,10,1,4,1,4,1
69,11,1,2,2,7,0
69,12,1,4,2,4,1
69,13,1,2,2,6,0
69,14,1,3,3,7,0
69,15,1,7,4,7,1
69,16,1,8,5,8,1
69,17,1,5,4,5,1
69,18,1,4,4,6,0
69,19,1,5,1,5,1
69,20,1,3,3,4,0
69,21,1,7,1,7,1
69,22,1,7,6,7,1
69,23,1,8,1,8,1
69,24,1,3,3,6,0
69,25,1,8,6,8,1
69,26,1,8,3,8,1
69,27,1,6,1,6,1
69,28,1,5,3,5,1
69,1,2,5,3,5,1
69,2,2,5,1,5,1
69,3,2,7,4,7,1
69,4,2,4,2,4,1
69,5,2,7,1,7,1
69,6,2,8,6,8,1
69,7,2,8,2,8,1
69,8,2,8,4,8,1
69,9,2,2,1,2,1
69,10,2,4,1,4,1
69,11,2,3,3,4,0
69,12,2,3,3,6,0
69,13,2,5,5,6,0
69,14,2,7,2,7,1
69,15,2,3,2,3,1
69,16,2,3,1,3,1
69,17,2,8,1,8,1
69,18,2,7,6,7,1
69,19,2,7,3,7,1
69,20,2,4,4,6,0
69,21,2,8,5,8,1
69,22,2,5,2,5,1
69,23,2,5,5,7,0
69,24,2,8,7,8,1
69,25,2,8,3,8,1
69,26,2,6,2,6,1
69,27,2,5,4,5,1
69,28,2,6,1,6,1
69,1,3,7,4,7,1
69,2,3,6,3,6,1
69,3,3,8,6,8,1
69,4,3,7,3,7,1
69,5,3,7,2,7,1
69,6,3,7,1,7,1
69,7,3,2,1,2,1
69,8,3,5,3,5,1
69,9,3,5,4,5,1
69,10,3,8,2,8,1
69,11,3,6,1,6,1
69,12,3,7,6,7,1
69,13,3,4,1,4,1
69,14,3,4,3,4,1
69,15,3,8,5,8,1
69,16,3,3,1,3,1
69,17,3,5,1,5,1
69,18,3,8,1,8,1
69,19,3,4,2,4,1
69,20,3,6,2,6,1
69,21,3,3,2,3,1
69,22,3,8,7,8,1
69,23,3,8,3,8,1
69,24,3,5,5,7,0
69,25,3,4,4,6,0
69,26,3,8,4,8,1
69,27,3,5,5,6,0
69,28,3,5,2,5,1
69,1,4,8,4,8,1
69,2,4,3,1,3,1
69,3,4,5,1,5,1
69,4,4,7,4,7,1
69,5,4,8,1,8,1
69,6,4,6,1,6,1
69,7,4,5,3,5,1
69,8,4,8,3,8,1
69,9,4,8,6,8,1
69,10,4,6,6,7,0
69,11,4,6,3,6,1
69,12,4,8,5,8,1
69,13,4,4,3,4,1
69,14,4,5,5,6,0
69,15,4,6,4,6,1
69,16,4,7,1,7,1
69,17,4,4,1,4,1
69,18,4,7,3,7,1
69,19,4,2,1,2,1
69,20,4,8,7,8,1
69,21,4,5,5,7,0
69,22,4,5,2,5,1
69,23,4,7,2,7,1
69,24,4,3,2,3,1
69,25,4,4,2,4,1
69,26,4,8,2,8,1
69,27,4,6,2,6,1
69,28,4,5,4,5,1
69,1,5,8,6,8,1
69,2,5,5,1,5,1
69,3,5,4,1,4,1
69,4,5,8,4,8,1
69,5,5,4,4,7,0
69,6,5,5,5,6,0
69,7,5,4,2,4,1
69,8,5,5,2,5,1
69,9,5,8,7,8,1
69,10,5,5,5,7,0
69,11,5,3,2,3,1
69,12,5,3,3,5,0
69,13,5,8,3,8,1
69,14,5,6,3,6,1
69,15,5,7,2,7,1
69,16,5,6,1,6,1
69,17,5,7,3,7,1
69,18,5,2,1,2,1
69,19,5,7,6,7,1
69,20,5,6,4,6,1
69,21,5,6,2,6,1
69,22,5,8,1,8,1
69,23,5,8,5,8,1
69,24,5,4,3,4,1
69,25,5,5,4,5,1
69,26,5,7,1,7,1
69,27,5,3,1,3,1
69,28,5,8,2,8,1
69,1,6,3,2,3,1
69,2,6,8,4,8,1
69,3,6,5,3,5,1
69,4,6,7,5,7,1
69,5,6,4,2,4,1
69,6,6,7,2,7,1
69,7,6,8,5,8,1
69,8,6,7,4,7,1
69,9,6,8,1,8,1
69,10,6,8,3,8,1
69,11,6,7,3,7,1
69,12,6,5,2,5,1
69,13,6,4,3,4,1
69,14,6,7,1,7,1
69,15,6,5,4,5,1
69,16,6,6,4,6,1
69,17,6,6,3,6,1
69,18,6,2,1,2,1
69,19,6,3,1,3,1
69,20,6,5,1,5,1
69,21,6,6,1,6,1
69,22,6,8,7,8,1
69,23,6,6,2,6,1
69,24,6,6,6,8,0
69,25,6,6,5,6,1
69,26,6,4,1,4,1
69,27,6,8,2,8,1
69,28,6,7,6,7,1
69,1,7,5,1,5,1
69,2,7,4,1,4,1
69,3,7,3,3,6,0
69,4,7,8,4,8,1
69,5,7,5,5,7,0
69,6,7,7,1,7,1
69,7,7,4,2,4,1
69,8,7,7,4,7,1
69,9,7,4,3,4,1
69,10,7,6,1,6,1
69,11,7,8,7,8,1
69,12,7,8,6,8,1
69,13,7,5,5,6,0
69,14,7,5,3,5,1
69,15,7,2,1,2,1
69,16,7,6,2,6,1
69,17,7,8,2,8,1
69,18,7,7,3,7,1
69,19,7,3,2,3,1
69,20,7,3,1,3,1
69,21,7,6,4,6,1
69,22,7,5,2,5,1
69,23,7,7,6,7,1
69,24,7,8,1,8,1
69,25,7,8,3,8,1
69,26,7,8,5,8,1
69,27,7,5,4,5,1
69,28,7,7,2,7,1
69,1,8,8,4,8,1
69,2,8,6,2,6,1
69,3,8,4,4,6,0
69,4,8,3,2,3,1
69,5,8,8,1,8,1
69,6,8,2,1,2,1
69,7,8,8,3,8,1
69,8,8,7,6,7,1
69,9,8,5,4,5,1
69,10,8,3,1,3,1
69,11,8,6,1,6,1
69,12,8,7,5,7,1
69,13,8,5,3,5,1
69,14,8,8,7,8,1
69,15,8,4,4,7,0
69,16,8,7,1,7,1
69,17,8,7,2,7,1
69,18,8,5,2,5,1
69,19,8,5,1,5,1
69,20,8,8,6,8,1
69,21,8,6,3,6,1
69,22,8,5,5,6,0
69,23,8,4,2,4,1
69,24,8,4,3,4,1
69,25,8,8,5,8,1
69,26,8,4,1,4,1
69,27,8,7,3,7,1
69,28,8,8,2,8,1
69,1,9,3,1,3,1
69,2,9,8,4,8,1
69,3,9,3,2,3,1
69,4,9,7,3,7,1
69,5,9,5,4,5,1
69,6,9,4,1,4,1
69,7,9,6,4,6,1
69,8,9,5,5,7,0
69,9,9,7,4,7,1
69,10,9,8,7,8,1
69,11,9,6,5,6,1
69,12,9,5,1,5,1
69,13,9,5,2,5,1
69,14,9,8,2,8,1
69,15,9,6,2,6,1
69,16,9,8,5,8,1
69,17,9,6,1,6,1
69,18,9,8,1,8,1
69,19,9,8,3,8,1
69,20,9,7,1,7,1
69,21,9,5,3,5,1
69,22,9,2,1,2,1
69,23,9,7,6,7,1
69,24,9,4,2,4,1
69,25,9,7,2,7,1
69,26,9,4,3,4,1
69,27,9,6,3,6,1
69,28,9,8,6,8,1
69,1,10,2,1,2,1
69,2,10,5,3,5,1
69,3,10,7,1,7,1
69,4,10,8,5,8,1
69,5,10,6,1,6,1
69,6,10,7,2,7,1
69,7,10,8,2,8,1
69,8,10,3,1,3,1
69,9,10,5,2,5,1
69,10,10,6,3,6,1
69,11,10,6,2,6,1
69,12,10,3,2,3,1
69,13,10,4,1,4,1
69,14,10,4,2,4,1
69,15,10,8,4,8,1
69,16,10,8,3,8,1
69,17,10,7,5,7,1
69,18,10,5,1,5,1
69,19,10,8,6,8,1
69,20,10,6,6,7,0
69,21,10,5,4,5,1
69,22,10,6,4,6,1
69,23,10,7,3,7,1
69,24,10,5,5,6,0
69,25,10,4,3,4,1
69,26,10,8,1,8,1
69,27,10,8,7,8,1
69,28,10,7,4,7,1
70,1,1,8,3,8,1
70,2,1,8,7,8,1
70,3,1,8,1,8,1
70,4,1,2,1,2,1
70,5,1,7,3,7,1
70,6,1,5,2,5,1
70,7,1,7,2,7,1
70,8,1,5,1,5,1
70,9,1,5,4,5,1
70,10,1,4,2,4,1
70,11,1,7,5,7,1
70,12,1,6,3,6,1
70,13,1,3,1,3,1
70,14,1,6,6,7,0
70,15,1,4,1,4,1
70,16,1,8,2,8,1
70,17,1,7,1,7,1
70,18,1,6,5,6,1
70,19,1,3,2,3,1
70,20,1,6,2,6,1
70,21,1,8,5,8,1
70,22,1,6,1,6,1
70,23,1,8,4,8,1
70,24,1,7,4,7,1
70,25,1,6,4,6,1
70,26,1,8,6,8,1
70,27,1,3,3,5,0
70,28,1,4,3,4,1
70,1,2,7,6,7,1
70,2,2,7,2,7,1
70,3,2,4,1,4,1
70,4,2,5,2,5,1
70,5,2,5,4,5,1
70,6,2,8,5,8,1
70,7,2,6,3,6,1
70,8,2,6,5,6,1
70,9,2,8,3,8,1
70,10,2,5,1,5,1
70,11,2,5,3,5,1
70,12,2,4,2,4,1
70,13,2,8,2,8,1
70,14,2,4,3,4,1
70,15,2,8,1,8,1
70,16,2,8,7,8,1
70,17,2,3,1,3,1
70,18,2,6,4,6,1
70,19,2,7,1,7,1
70,20,2,8,6,8,1
70,21,2,6,1,6,1
70,22,2,2,2,6,0
70,23,2,7,4,7,1
70,24,2,8,4,8,1
70,25,2,7,3,7,1
70,26,2,2,1,2,1
70,27,2,3,2,3,1
70,28,2,7,5,7,1
70,1,3,4,3,4,1
70,2,3,8,6,8,1
70,3,3,6,3,6,1
70,4,3,4,2,4,1
70,5,3,8,5,8,1
70,6,3,8,3,8,1
70,7,3,4,1,4,1
70,8,3,5,3,5,1
70,9,3,5,1,5,1
70,10,3,2,1,2,1
70,11,3,7,2,7,1
70,12,3,5,2,5,1
70,13,3,7,4,7,1
70,14,3,8,2,8,1
70,15,3,7,5,7,1
70,16,3,7,1,7,1
70,17,3,3,1,3,1
70,18,3,8,7,8,1
70,19,3,6,4,6,1
70,20,3,8,4,8,1
70,21,3,6,5,6,1
70,22,3,6,2,6,1
70,23,3,3,2,3,1
70,24,3,6,1,6,1
70,25,3,8,1,8,1
70,26,3,5,4,5,1
70,27,3,7,6,7,1
70,28,3,7,3,7,1
70,1,4,7,4,7,1
70,2,4,7,2,7,1
70,3,4,8,3,8,1
70,4,4,6,4,6,1
70,5,4,3,1,3,1
70,6,4,6,1,6,1
70,7,4,7,5,7,1
70,8,4,7,3,7,1
70,9,4,6,5,6,1
70,10,4,8,6,8,1
70,11,4,8,1,8,1
70,12,4,4,1,4,1
70,13,4,7,1,7,1
70,14,4,8,5,8,1
70,15,4,5,3,5,1
70,16,4,7,6,7,1
70,17,4,5,2,5,1
70,18,4,4,3,4,1
70,19,4,6,3,6,1
70,20,4,2,1,2,1
70,21,4,8,4,8,1
70,22,4,5,1,5,1
70,23,4,3,2,3,1
70,24,4,4,2,4,1
70,25,4,5,4,5,1
70,26,4,8,2,8,1
70,27,4,8,7,8,1
70,28,4,6,2,6,1
70,1,5,7,5,7,1
70,2,5,5,1,5,1
70,3,5,3,2,3,1
70,4,5,6,1,6,1
70,5,5,7,6,7,1
70,6,5,6,3,6,1
70,7,5,6,2,6,1
70,8,5,8,5,8,1
70,9,5,8,2,8,1
70,10,5,6,5,6,1
70,11,5,4,3,4,1
70,12,5,8,3,8,1
70,13,5,8,6,8,1
70,14,5,2,1,2,1
70,15,5,5,2,5,1
70,16,5,7,2,7,1
70,17,5,4,2,4,1
70,18,5,3,1,3,1
70,19,5,8,1,8,1
70,20,5,8,7,8,1
70,21,5,7,1,7,1
70,22,5,7,4,7,1
70,23,5,5,4,5,1
70,24,5,8,4,8,1
70,25,5,7,3,7,1
70,26,5,4,1,4,1
70,27,5,5,3,5,1
70,28,5,6,4,6,1
70,1,6,8,4,8,1
70,2,6,8,3,8,1
70,3,6,8,2,8,1
70,4,6,2,1,2,1
70,5,6,7,1,7,1
70,6,6,8,1,8,1
70,7,6,5,2,5,1
70,8,6,6,4,6,1
70,9,6,7,4,7,1
70,10,6,5,4,5,1
70,11,6,3,3,4,0
70,12,6,6,5,6,1
70,13,6,8,6,8,1
70,14,6,3,2,3,1
70,15,6,8,7,8,1
70,16,6,7,5,7,1
70,17,6,5,3,5,1
70,18,6,7,2,7,1
70,19,6,4,2,4,1
70,20,6,3,1,3,1
70,21,6,7,3,7,1
70,22,6,6,2,6,1
70,23,6,6,1,6,1
70,24,6,8,5,8,1
70,25,6,6,3,6,1
70,26,6,7,6,7,1
70,27,6,4,1,4,1
70,28,6,5,1,5,1
70,1,7,4,2,4,1
70,2,7,5,1,5,1
70,3,7,6,4,6,1
70,4,7,8,6,8,1
70,5,7,6,2,6,1
70,6,7,6,5,6,1
70,7,7,8,2,8,1
70,8,7,8,7,8,1
70,9,7,7,3,7,1
70,10,7,5,4,5,1
70,11,7,7,2,7,1
70,12,7,6,3,6,1
70,13,7,4,1,4,1
70,14,7,8,1,8,1
70,15,7,8,5,8,1
70,16,7,8,4,8,1
70,17,7,6,1,6,1
70,18,7,6,6,7,0
70,19,7,7,5,7,1
70,20,7,5,2,5,1
70,21,7,7,4,7,1
70,22,7,8,3,8,1
70,23,7,7,1,7,1
70,24,7,3,2,3,1
70,25,7,2,1,2,1
70,26,7,3,3,4,0
70,27,7,3,1,3,1
70,28,7,5,3,5,1
70,1,8,2,1,2,1
70,2,8,6,4,6,1
70,3,8,4,3,4,1
70,4,8,8,6,8,1
70,5,8,4,1,4,1
70,6,8,4,2,4,1
70,7,8,8,4,8,1
70,8,8,3,2,3,1
70,9,8,7,5,7,1
70,10,8,3,1,3,1
70,11,8,5,1,5,1
70,12,8,8,2,8,1
70,13,8,8,5,8,1
70,14,8,7,1,7,1
70,15,8,8,3,8,1
70,16,8,7,3,7,1
70,17,8,5,2,5,1
70,18,8,8,1,8,1
70,19,8,6,5,6,1
70,20,8,8,7,8,1
70,21,8,6,2,6,1
70,22,8,7,4,7,1
70,23,8,5,3,5,1
70,24,8,6,1,6,1
70,25,8,6,3,6,1
70,26,8,7,6,7,1
70,27,8,7,2,7,1
70,28,8,5,4,5,1
70,1,9,8,2,8,1
70,2,9,4,1,4,1
70,3,9,8,1,8,1
70,4,9,8,3,8,1
70,5,9,3,1,3,1
70,6,9,3,2,3,1
70,7,9,6,4,6,1
70,8,9,5,3,5,1
70,9,9,6,1,6,1
70,10,9,6,5,6,1
70,11,9,7,6,7,1
70,12,9,5,2,5,1
70,13,9,4,2,4,1
70,14,9,7,2,7,1
70,15,9,6,2,6,1
70,16,9,2,1,2,1
70,17,9,7,1,7,1
70,18,9,8,7,8,1
70,19,9,7,5,7,1
70,20,9,7,3,7,1
70,21,9,6,3,6,1
70,22,9,5,1,5,1
70,23,9,8,4,8,1
70,24,9,7,4,7,1
70,25,9,5,4,5,1
70,26,9,8,6,8,1
70,27,9,3,3,4,0
70,28,9,8,5,8,1
70,1,10,6,6,7,0
70,2,10,5,3,5,1
70,3,10,7,3,7,1
70,4,10,6,5,6,1
70,5,10,7,5,7,1
70,6,10,7,1,7,1
70,7,10,2,1,2,1
70,8,10,8,7,8,1
70,9,10,8,3,8,1
70,10,10,4,2,4,1
70,11,10,8,5,8,1
70,12,10,3,3,4,0
70,13,10,3,2,3,1
70,14,10,5,2,5,1
70,15,10,7,4,7,1
70,16,10,6,2,6,1
70,17,10,5,1,5,1
70,18,10,8,6,8,1
70,19,10,6,3,6,1
70,20,10,8,2,8,1
70,21,10,8,4,8,1
70,22,10,5,4,5,1
70,23,10,4,1,4,1
70,24,10,8,1,8,1
70,25,10,7,2,7,1
70,26,10,6,1,6,1
70,27,10,3,1,3,1
70,28,10,6,4,6,1
71,1,1,7,1,7,1
71,2,1,7,7,8,0
71,3,1,8,1,8,1
71,4,1,4,2,4,1
71,5,1,4,1,4,1
71,6,1,3,3,8,0
71,7,1,5,1,5,1
71,8,1,7,4,7,1
71,9,1,7,5,7,1
71,10,1,8,2,8,1
71,11,1,7,2,7,1
71,12,1,8,5,8,1
71,13,1,4,4,5,0
71,14,1,3,3,5,0
71,15,1,8,6,8,1
71,16,1,3,1,3,1
71,17,1,3,3,4,0
71,18,1,4,4,6,0
71,19,1,5,2,5,1
71,20,1,6,3,6,1
71,21,1,4,4,8,0
71,22,1,2,1,2,1
71,23,1,6,1,6,1
71,24,1,5,5,6,0
71,25,1,3,2,3,1
71,26,1,7,3,7,1
71,27,1,7,6,7,1
71,28,1,2,2,6,0
71,1,2,8,4,8,1
71,2,2,8,5,8,1
71,3,2,4,4,6,0
71,4,2,7,7,8,0
71,5,2,7,3,7,1
71,6,2,8,6,8,1
71,7,2,7,4,7,1
71,8,2,4,1,4,1
71,9,2,8,2,8,1
71,10,2,2,2,4,0
71,11,2,5,2,5,1
71,12,2,5,5,6,0
71,13,2,3,3,6,0
71,14,2,3,2,3,1
71,15,2,3,1,3,1
71,16,2,5,1,5,1
71,17,2,5,4,5,1
71,18,2,7,2,7,1
71,19,2,7,5,7,1
71,20,2,7,1,7,1
71,21,2,7,6,7,1
71,22,2,8,3,8,1
71,23,2,6,2,6,1
71,24,2,4,3,4,1
71,25,2,2,1,2,1
71,26,2,3,3,5,0
71,27,2,8,1,8,1
71,28,2,6,1,6,1
71,1,3,5,5,7,0
71,2,3,7,3,7,1
71,3,3,4,4,6,0
71,4,3,8,1,8,1
71,5,3,4,1,4,1
71,6,3,6,6,7,0
71,7,3,3,3,5,0
71,8,3,3,2,3,1
71,9,3,3,3,6,0
71,10,3,7,1,7,1
71,11,3,3,3,4,0
71,12,3,2,1,2,1
71,13,3,2,2,4,0
71,14,3,2,2,5,0
71,15,3,5,1,5,1
71,16,3,6,1,6,1
71,17,3,8,6,8,1
71,18,3,8,4,8,1
71,19,3,8,5,8,1
71,20,3,7,2,7,1
71,21,3,2,2,6,0
71,22,3,7,4,7,1
71,23,3,3,1,3,1
71,24,3,8,2,8,1
71,25,3,4,4,5,0
71,26,3,7,7,8,0
71,27,3,6,5,6,1
71,28,3,3,3,8,0
71,1,4,8,2,8,1
71,2,4,7,3,7,1
71,3,4,8,3,8,1
71,4,4,8,4,8,1
71,5,4,6,5,6,1
71,6,4,5,4,5,1
71,7,4,7,6,7,1
71,8,4,4,2,4,1
71,9,4,6,1,6,1
71,10,4,3,3,4,0
71,11,4,8,6,8,1
71,12,4,3,1,3,1
71,13,4,7,1,7,1
71,14,4,3,3,6,0
71,15,4,2,1,2,1
71,16,4,8,5,8,1
71,17,4,7,2,7,1
71,18,4,8,1,8,1
71,19,4,4,1,4,1
71,20,4,2,2,6,0
71,21,4,7,7,8,0
71,22,4,4,4,6,0
71,23,4,7,4,7,1
71,24,4,7,5,7,1
71,25,4,5,1,5,1
71,26,4,3,3,5,0
71,27,4,3,2,3,1
71,28,4,2,2,5,0
71,1,5,1,1,5,0
71,2,5,6,2,6,1
71,3,5,7,2,7,1
71,4,5,7,5,7,1
71,5,5,7,1,7,1
71,6,5,7,6,7,1
71,7,5,5,2,5,1
71,8,5,8,5,8,1
71,9,5,7,3,7,1
71,10,5,4,4,6,0
71,11,5,5,3,5,1
71,12,5,5,5,6,0
71,13,5,4,2,4,1
71,14,5,4,3,4,1
71,15,5,3,2,3,1
71,16,5,8,6,8,1
71,17,5,3,3,6,0
71,18,5,6,1,6,1
71,19,5,8,1,8,1
71,20,5,4,4,7,0
71,21,5,8,2,8,1
71,22,5,8,3,8,1
71,23,5,3,1,3,1
71,24,5,8,4,8,1
71,25,5,4,1,4,1
71,26,5,8,7,8,1
71,27,5,4,4,5,0
71,28,5,2,1,2,1
71,1,6,6,1,6,1
71,2,6,3,3,4,0
71,3,6,7,4,7,1
71,4,6,7,5,7,1
71,5,6,4,1,4,1
71,6,6,4,4,6,0
71,7,6,7,1,7,1
71,8,6,2,1,2,1
71,9,6,7,6,7,1
71,10,6,7,7,8,0
71,11,6,8,3,8,1
71,12,6,8,2,8,1
71,13,6,2,2,5,0
71,14,6,8,6,8,1
71,15,6,2,2,6,0
71,16,6,8,5,8,1
71,17,6,4,4,5,0
71,18,6,3,1,3,1
71,19,6,4,2,4,1
71,20,6,8,4,8,1
71,21,6,6,5,6,1
71,22,6,3,2,3,1
71,23,6,3,3,6,0
71,24,6,5,1,5,1
71,25,6,8,1,8,1
71,26,6,7,3,7,1
71,27,6,7,2,7,1
71,28,6,3,3,5,0
71,1,7,8,5,8,1
71,2,7,3,1,3,1
71,3,7,3,2,3,1
71,4,7,2,1,2,1
71,5,7,4,1,4,1
71,6,7,8,6,8,1
71,7,7,4,3,4,1
71,8,7,2,2,6,0
71,9,7,7,3,7,1
71,10,7,7,2,7,1
71,11,7,3,3,6,0
71,12,7,1,1,5,0
71,13,7,6,1,6,1
71,14,7,8,2,8,1
71,15,7,7,6,7,1
71,16,7,7,1,7,1
71,17,7,8,4,8,1
71,18,7,4,4,5,0
71,19,7,5,2,5,1
71,20,7,7,4,7,1
71,21,7,7,5,7,1
71,22,7,8,3,8,1
71,23,7,7,7,8,0
71,24,7,4,2,4,1
71,25,7,8,1,8,1
71,26,7,3,3,5,0
71,27,7,4,4,6,0
71,28,7,5,5,6,0
71,1,8,5,5,6,0
71,2,8,8,5,8,1
71,3,8,8,6,8,1
71,4,8,6,1,6,1
71,5,8,3,3,5,0
71,6,8,4,2,4,1
71,7,8,7,5,7,1
71,8,8,4,1,4,1
71,9,8,3,1,3,1
71,10,8,4,4,5,0
71,11,8,7,4,7,1
71,12,8,7,6,7,1
71,13,8,8,4,8,1
71,14,8,1,1,2,0
71,15,8,4,4,6,0
71,16,8,7,2,7,1
71,17,8,7,7,8,0
71,18,8,8,1,8,1
71,19,8,7,3,7,1
71,20,8,3,3,6,0
71,21,8,4,3,4,1
71,22,8,5,1,5,1
71,23,8,2,2,6,0
71,24,8,5,2,5,1
71,25,8,7,1,7,1
71,26,8,8,3,8,1
71,27,8,8,2,8,1
71,28,8,3,2,3,1
71,1,9,8,6,8,1
71,2,9,7,3,7,1
71,3,9,4,4,5,0
71,4,9,8,1,8,1
71,5,9,7,7,8,0
71,6,9,4,1,4,1
71,7,9,2,2,5,0
71,8,9,7,6,7,1
71,9,9,4,4,6,0
71,10,9,3,3,4,0
71,11,9,8,5,8,1
71,12,9,6,1,6,1
71,13,9,7,5,7,1
71,14,9,8,4,8,1
71,15,9,5,1,5,1
71,16,9,2,1,2,1
71,17,9,5,5,6,0
71,18,9,2,2,4,0
71,19,9,2,2,6,0
71,20,9,7,4,7,1
71,21,9,8,3,8,1
71,22,9,3,1,3,1
71,23,9,8,2,8,1
71,24,9,7,2,7,1
71,25,9,3,3,5,0
71,26,9,7,1,7,1
71,27,9,6,3,6,1
71,28,9,3,2,3,1
71,1,10,7,7,8,0
71,2,10,6,3,6,1
71,3,10,3,1,3,1
71,4,10,5,2,5,1
71,5,10,8,2,8,1
71,6,10,3,3,5,0
71,7,10,3,3,8,0
71,8,10,7,5,7,1
71,9,10,8,6,8,1
71,10,10,5,5,6,0
71,11,10,4,4,6,0
71,12,10,3,2,3,1
71,13,10,5,1,5,1
71,14,10,2,1,2,1
71,15,10,4,1,4,1
71,16,10,7,2,7,1
71,17,10,7,3,7,1
71,18,10,7,4,7,1
71,19,10,8,4,8,1
71,20,10,3,3,4,0
71,21,10,8,5,8,1
71,22,10,8,1,8,1
71,23,10,4,2,4,1
71,24,10,7,1,7,1
71,25,10,4,4,5,0
71,26,10,2,2,6,0
71,27,10,7,6,7,1
71,28,10,6,1,6,1
72,1,1,4,2,4,1
72,2,1,6,1,6,1
72,3,1,3,1,3,1
72,4,1,8,3,8,1
72,5,1,2,2,3,0
72,6,1,8,1,8,1
72,7,1,5,4,5,1
72,8,1,7,2,7,1
72,9,1,4,1,4,1
72,10,1,8,5,8,1
72,11,1,5,5,7,0
72,12,1,8,7,8,1
72,13,1,7,1,7,1
72,14,1,6,4,6,1
72,15,1,3,3,7,0
72,16,1,3,3,6,0
72,17,1,5,1,5,1
72,18,1,5,3,5,1
72,19,1,2,1,2,1
72,20,1,6,6,7,0
72,21,1,4,4,7,0
72,22,1,3,3,4,0
72,23,1,8,4,8,1
72,24,1,5,5,6,0
72,25,1,5,2,5,1
72,26,1,8,2,8,1
72,27,1,2,2,6,0
72,28,1,8,6,8,1
72,1,2,8,6,8,1
72,2,2,5,5,7,0
72,3,2,8,5,8,1
72,4,2,8,1,8,1
72,5,2,3,3,6,0
72,6,2,3,3,4,0
72,7,2,4,1,4,1
72,8,2,2,2,3,0
72,9,2,6,1,6,1
72,10,2,2,2,7,0
72,11,2,4,4,7,0
72,12,2,3,1,3,1
72,13,2,5,2,5,1
72,14,2,8,7,8,1
72,15,2,4,2,4,1
72,16,2,5,4,5,1
72,17,2,4,4,6,0
72,18,2,5,3,5,1
72,19,2,7,1,7,1
72,20,2,6,6,7,0
72,21,2,8,2,8,1
72,22,2,8,4,8,1
72,23,2,2,2,6,0
72,24,2,8,3,8,1
72,25,2,3,3,7,0
72,26,2,2,1,2,1
72,27,2,5,1,5,1
72,28,2,5,5,6,0
72,1,3,3,3,7,0
72,2,3,8,3,8,1
72,3,3,8,6,8,1
72,4,3,4,4,6,0
72,5,3,1,1,7,0
72,6,3,2,2,7,0
72,7,3,6,6,7,0
72,8,3,5,3,5,1
72,9,3,8,5,8,1
72,10,3,8,7,8,1
72,11,3,3,3,4,0
72,12,3,5,5,7,0
72,13,3,8,4,8,1
72,14,3,4,1,4,1
72,15,3,5,4,5,1
72,16,3,5,5,6,0
72,17,3,3,1,3,1
72,18,3,3,3,6,0
72,19,3,4,2,4,1
72,20,3,3,2,3,1
72,21,3,4,4,7,0
72,22,3,2,2,6,0
72,23,3,8,1,8,1
72,24,3,5,1,5,1
72,25,3,1,1,2,0
72,26,3,6,1,6,1
72,27,3,8,2,8,1
72,28,3,5,2,5,1
72,1,4,8,5,8,1
72,2,4,4,4,7,0
72,3,4,8,2,8,1
72,4,4,8,7,8,1
72,5,4,2,2,6,0
72,6,4,8,3,8,1
72,7,4,5,1,5,1
72,8,4,5,5,7,0
72,9,4,3,1,3,1
72,10,4,3,3,7,0
72,11,4,5,3,5,1
72,12,4,6,1,6,1
72,13,4,4,4,6,0
72,14,4,4,2,4,1
72,15,4,8,4,8,1
72,16,4,5,2,5,1
72,17,4,6,6,7,0
72,18,4,2,2,7,0
72,19,4,2,1,2,1
72,20,4,5,4,5,1
72,21,4,3,2,3,1
72,22,4,4,1,4,1
72,23,4,1,1,7,0
72,24,4,5,5,6,0
72,25,4,8,6,8,1
72,26,4,3,3,4,0
72,27,4,3,3,6,0
72,28,4,8,1,8,1
72,1,5,4,1,4,1
72,2,5,3,3,4,0
72,3,5,4,4,6,0
72,4,5,5,4,5,1
72,5,5,3,2,3,1
72,6,5,5,1,5,1
72,7,5,5,2,5,1
72,8,5,1,1,7,0
72,9,5,4,4,7,0
72,10,5,2,2,6,0
72,11,5,6,1,6,1
72,12,5,8,5,8,1
72,13,5,5,5,7,0
72,14,5,4,2,4,1
72,15,5,8,3,8,1
72,16,5,8,1,8,1
72,17,5,2,1,2,1
72,18,5,3,3,7,0
72,19,5,5,3,5,1
72,20,5,2,2,7,0
72,21,5,3,1,3,1
72,22,5,5,5,6,0
72,23,5,3,3,6,0
72,24,5,6,6,7,0
72,25,5,8,7,8,1
72,26,5,8,6,8,1
72,27,5,8,2,8,1
72,28,5,8,4,8,1
72,1,6,5,5,6,0
72,2,6,6,6,7,0
72,3,6,8,6,8,1
72,4,6,3,3,6,0
72,5,6,4,2,4,1
72,6,6,3,3,4,0
72,7,6,4,4,6,0
72,8,6,5,4,5,1
72,9,6,8,3,8,1
72,10,6,4,1,4,1
72,11,6,8,4,8,1
72,12,6,5,3,5,1
72,13,6,3,2,3,1
72,14,6,8,1,8,1
72,15,6,8,2,8,1
72,16,6,5,1,5,1
72,17,6,2,2,7,0
72,18,6,8,7,8,1
72,19,6,4,4,7,0
72,20,6,8,5,8,1
72,21,6,3,1,3,1
72,22,6,2,1,2,1
72,23,6,3,3,7,0
72,24,6,1,1,6,0
72,25,6,2,2,6,0
72,26,6,1,1,7,0
72,27,6,5,5,7,0
72,28,6,5,2,5,1
72,1,7,6,6,7,0
72,2,7,5,5,7,0
72,3,7,8,1,8,1
72,4,7,4,4,6,0
72,5,7,5,1,5,1
72,6,7,3,3,4,0
72,7,7,8,5,8,1
72,8,7,4,4,7,0
72,9,7,8,6,8,1
72,10,7,4,2,4,1
72,11,7,2,1,2,1
72,12,7,8,4,8,1
72,13,7,8,3,8,1
72,14,7,3,1,3,1
72,15,7,2,2,7,0
72,16,7,3,3,6,0
72,17,7,3,2,3,1
72,18,7,5,4,5,1
72,19,7,1,1,6,0
72,20,7,3,3,7,0
72,21,7,8,7,8,1
72,22,7,2,2,6,0
72,23,7,5,3,5,1
72,24,7,4,1,4,1
72,25,7,1,1,7,0
72,26,7,5,5,6,0
72,27,7,8,2,8,1
72,28,7,5,2,5,1
72,1,8,4,1,4,1
72,2,8,1,1,6,0
72,3,8,4,4,7,0
72,4,8,1,1,7,0
72,5,8,5,3,5,1
72,6,8,4,2,4,1
72,7,8,2,2,7,0
72,8,8,5,5,6,0
72,9,8,5,1,5,1
72,10,8,5,2,5,1
72,11,8,3,3,6,0
72,12,8,8,7,8,1
72,13,8,3,1,3,1
72,14,8,8,1,8,1
72,15,8,8,4,8,1
72,16,8,5,4,5,1
72,17,8,3,3,4,0
72,18,8,2,1,2,1
72,19,8,4,4,6,0
72,20,8,2,2,6,0
72,21,8,3,2,3,1
72,22,8,8,2,8,1
72,23,8,8,6,8,1
72,24,8,8,5,8,1
72,25,8,8,3,8,1
72,26,8,6,6,7,0
72,27,8,3,3,7,0
72,28,8,5,5,7,0
72,1,9,6,6,7,0
72,2,9,8,3,8,1
72,3,9,3,3,4,0
72,4,9,4,4,6,0
72,5,9,4,2,4,1
72,6,9,8,7,8,1
72,7,9,5,4,5,1
72,8,9,2,2,6,0
72,9,9,5,5,6,0
72,10,9,4,1,4,1
72,11,9,5,1,5,1
72,12,9,5,3,5,1
72,13,9,3,2,3,1
72,14,9,1,1,6,0
72,15,9,8,4,8,1
72,16,9,3,3,6,0
72,17,9,1,1,7,0
72,18,9,4,4,7,0
72,19,9,2,2,7,0
72,20,9,5,2,5,1
72,21,9,3,3,7,0
72,22,9,8,1,8,1
72,23,9,2,1,2,1
72,24,9,3,1,3,1
72,25,9,8,6,8,1
72,26,9,8,5,8,1
72,27,9,5,5,7,0
72,28,9,8,2,8,1
72,1,10,8,7,8,1
72,2,10,2,2,7,0
72,3,10,5,2,5,1
72,4,10,3,3,6,0
72,5,10,1,1,7,0
72,6,10,6,2,6,1
72,7,10,3,1,3,1
72,8,10,8,2,8,1
72,9,10,3,2,3,1
72,10,10,3,3,4,0
72,11,10,5,5,6,0
72,12,10,8,1,8,1
72,13,10,8,3,8,1
72,14,10,5,3,5,1
72,15,10,8,4,8,1
72,16,10,4,2,4,1
72,17,10,8,5,8,1
72,18,10,4,4,7,0
72,19,10,3,3,7,0
72,20,10,2,1,2,1
72,21,10,4,1,4,1
72,22,10,1,1,6,0
72,23,10,6,6,7,0
72,24,10,5,4,5,1
72,25,10,8,6,8,1
72,26,10,4,4,6,0
72,27,10,5,5,7,0
72,28,10,5,1,5,1
73,1,1,4,2,4,1
73,2,1,5,2,5,1
73,3,1,3,2,3,1
73,4,1,3,1,3,1
73,5,1,6,4,6,1
73,6,1,4,1,4,1
73,7,1,8,4,8,1
73,8,1,6,3,6,1
73,9,1,6,1,6,1
73,10,1,5,1,5,1
73,11,1,7,6,7,1
73,12,1,5,4,5,1
73,13,1,7,5,7,1
73,14,1,4,3,4,1
73,15,1,7,1,7,1
73,16,1,8,7,8,1
73,17,1,8,2,8,1
73,18,1,6,5,6,1
73,19,1,8,3,8,1
73,20,1,6,2,6,1
73,21,1,7,3,7,1
73,22,1,8,5,8,1
73,23,1,5,3,5,1
73,24,1,2,1,2,1
73,25,1,8,6,8,1
73,26,1,7,4,7,1
73,27,1,7,2,7,1
73,28,1,8,1,8,1
73,1,2,4,3,4,1
73,2,2,4,1,4,1
73,3,2,3,1,3,1
73,4,2,6,2,6,1
73,5,2,2,2,4,0
73,6,2,8,3,8,1
73,7,2,5,5,7,0
73,8,2,6,1,6,1
73,9,2,5,1,5,1
73,10,2,7,2,7,1
73,11,2,5,2,5,1
73,12,2,6,3,6,1
73,13,2,8,2,8,1
73,14,2,8,4,8,1
73,15,2,6,4,6,1
73,16,2,5,3,5,1
73,17,2,3,2,3,1
73,18,2,7,3,7,1
73,19,2,1,1,2,0
73,20,2,7,6,7,1
73,21,2,8,1,8,1
73,22,2,8,7,8,1
73,23,2,5,4,5,1
73,24,2,8,6,8,1
73,25,2,5,5,6,0
73,26,2,7,1,7,1
73,27,2,8,5,8,1
73,28,2,7,4,7,1
73,1,3,5,1,5,1
73,2,3,8,5,8,1
73,3,3,5,2,5,1
73,4,3,8,1,8,1
73,5,3,4,3,4,1
73,6,3,8,3,8,1
73,7,3,4,2,4,1
73,8,3,7,2,7,1
73,9,3,5,3,5,1
73,10,3,6,3,6,1
73,11,3,3,2,3,1
73,12,3,5,5,6,0
73,13,3,8,2,8,1
73,14,3,5,4,5,1
73,15,3,2,1,2,1
73,16,3,6,2,6,1
73,17,3,4,4,6,0
73,18,3,7,1,7,1
73,19,3,4,4,7,0
73,20,3,8,4,8,1
73,21,3,8,7,8,1
73,22,3,5,5,7,0
73,23,3,6,1,6,1
73,24,3,3,1,3,1
73,25,3,8,6,8,1
73,26,3,4,1,4,1
73,27,3,7,6,7,1
73,28,3,7,3,7,1
73,1,4,5,4,5,1
73,2,4,6,3,6,1
73,3,4,7,4,7,1
73,4,4,7,1,7,1
73,5,4,4,2,4,1
73,6,4,4,1,4,1
73,7,4,6,4,6,1
73,8,4,6,2,6,1
73,9,4,5,3,5,1
73,10,4,2,1,2,1
73,11,4,5,1,5,1
73,12,4,8,5,8,1
73,13,4,7,3,7,1
73,14,4,8,3,8,1
73,15,4,5,5,6,0
73,16,4,3,2,3,1
73,17,4,7,5,7,1
73,18,4,3,1,3,1
73,19,4,8,4,8,1
73,20,4,5,2,5,1
73,21,4,8,1,8,1
73,22,4,4,3,4,1
73,23,4,6,1,6,1
73,24,4,7,7,8,0
73,25,4,8,6,8,1
73,26,4,8,2,8,1
73,27,4,7,6,7,1
73,28,4,7,2,7,1
73,1,5,5,4,5,1
73,2,5,8,5,8,1
73,3,5,8,7,8,1
73,4,5,7,6,7,1
73,5,5,7,2,7,1
73,6,5,6,1,6,1
73,7,5,6,3,6,1
73,8,5,8,3,8,1
73,9,5,5,1,5,1
73,10,5,8,1,8,1
73,11,5,4,2,4,1
73,12,5,8,2,8,1
73,13,5,5,3,5,1
73,14,5,3,2,3,1
73,15,5,6,4,6,1
73,16,5,2,1,2,1
73,17,5,5,2,5,1
73,18,5,6,2,6,1
73,19,5,7,1,7,1
73,20,5,3,1,3,1
73,21,5,7,3,7,1
73,22,5,8,6,8,1
73,23,5,4,1,4,1
73,24,5,7,5,7,1
73,25,5,4,3,4,1
73,26,5,5,5,6,0
73,27,5,8,4,8,1
73,28,5,7,4,7,1
73,1,6,7,2,7,1
73,2,6,8,6,8,1
73,3,6,2,2,3,0
73,4,6,7,6,7,1
73,5,6,5,4,5,1
73,6,6,5,3,5,1
73,7,6,4,1,4,1
73,8,6,3,1,3,1
73,9,6,8,4,8,1
73,10,6,5,1,5,1
73,11,6,6,4,6,1
73,12,6,6,3,6,1
73,13,6,2,1,2,1
73,14,6,8,5,8,1
73,15,6,8,7,8,1
73,16,6,4,3,4,1
73,17,6,7,4,7,1
73,18,6,7,1,7,1
73,19,6,4,2,4,1
73,20,6,5,2,5,1
73,21,6,7,3,7,1
73,22,6,8,1,8,1
73,23,6,8,2,8,1
73,24,6,6,2,6,1
73,25,6,8,3,8,1
73,26,6,5,5,6,0
73,27,6,7,5,7,1
73,28,6,6,1,6,1
73,1,7,6,1,6,1
73,2,7,7,1,7,1
73,3,7,3,1,3,1
73,4,7,7,6,7,1
73,5,7,8,7,8,1
73,6,7,8,1,8,1
73,7,7,8,6,8,1
73,8,7,2,1,2,1
73,9,7,5,4,5,1
73,10,7,8,4,8,1
73,11,7,5,1,5,1
73,12,7,8,5,8,1
73,13,7,5,3,5,1
73,14,7,6,3,6,1
73,15,7,4,3,4,1
73,16,7,7,4,7,1
73,17,7,5,2,5,1
73,18,7,8,2,8,1
73,19,7,6,4,6,1
73,20,7,5,5,7,0
73,21,7,7,3,7,1
73,22,7,4,2,4,1
73,23,7,8,3,8,1
73,24,7,1,1,4,0
73,25,7,5,5,6,0
73,26,7,7,2,7,1
73,27,7,3,2,3,1
73,28,7,6,2,6,1
73,1,8,6,2,6,1
73,2,8,7,4,7,1
73,3,8,5,4,5,1
73,4,8,4,1,4,1
73,5,8,4,3,4,1
73,6,8,8,6,8,1
73,7,8,6,1,6,1
73,8,8,2,1,2,1
73,9,8,8,1,8,1
73,10,8,5,2,5,1
73,11,8,5,5,6,0
73,12,8,3,1,3,1
73,13,8,7,1,7,1
73,14,8,7,3,7,1
73,15,8,8,4,8,1
73,16,8,5,1,5,1
73,17,8,6,4,6,1
73,18,8,5,5,7,0
73,19,8,3,2,3,1
73,20,8,7,6,7,1
73,21,8,8,3,8,1
73,22,8,8,2,8,1
73,23,8,5,3,5,1
73,24,8,8,5,8,1
73,25,8,6,3,6,1
73,26,8,4,2,4,1
73,27,8,7,2,7,1
73,28,8,8,7,8,1
73,1,9,8,2,8,1
73,2,9,5,3,5,1
73,3,9,8,1,8,1
73,4,9,4,3,4,1
73,5,9,8,7,8,1
73,6,9,7,3,7,1
73,7,9,5,4,5,1
73,8,9,5,5,7,0
73,9,9,8,4,8,1
73,10,9,8,5,8,1
73,11,9,6,1,6,1
73,12,9,5,1,5,1
73,13,9,8,3,8,1
73,14,9,4,2,4,1
73,15,9,6,3,6,1
73,16,9,3,2,3,1
73,17,9,5,2,5,1
73,18,9,8,6,8,1
73,19,9,7,1,7,1
73,20,9,6,4,6,1
73,21,9,3,1,3,1
73,22,9,7,2,7,1
73,23,9,7,6,7,1
73,24,9,7,4,7,1
73,25,9,5,5,6,0
73,26,9,2,1,2,1
73,27,9,4,1,4,1
73,28,9,6,2,6,1
73,1,10,7,6,7,1
73,2,10,5,2,5,1
73,3,10,8,4,8,1
73,4,10,5,1,5,1
73,5,10,5,4,5,1
73,6,10,4,2,4,1
73,7,10,7,3,7,1
73,8,10,8,6,8,1
73,9,10,7,1,7,1
73,10,10,6,1,6,1
73,11,10,5,5,6,0
73,12,10,3,1,3,1
73,13,10,3,3,4,0
73,14,10,6,2,6,1
73,15,10,4,1,4,1
73,16,10,8,7,8,1
73,17,10,8,5,8,1
73,18,10,6,3,6,1
73,19,10,7,5,7,1
73,20,10,3,2,3,1
73,21,10,8,1,8,1
73,22,10,6,4,6,1
73,23,10,7,4,7,1
73,24,10,8,3,8,1
73,25,10,7,2,7,1
73,26,10,5,3,5,1
73,27,10,2,1,2,1
73,28,10,8,2,8,1
74,1,1,7,1,7,1
74,2,1,6,3,6,1
74,3,1,4,2,4,1
74,4,1,5,3,5,1
74,5,1,5,1,5,1
74,6,1,3,3,4,0
74,7,1,3,2,3,1
74,8,1,8,4,8,1
74,9,1,6,4,6,1
74,10,1,8,1,8,1
74,11,1,8,2,8,1
74,12,1,5,5,7,0
74,13,1,7,2,7,1
74,14,1,3,1,3,1
74,15,1,6,6,7,0
74,16,1,6,2,6,1
74,17,1,4,1,4,1
74,18,1,3,3,7,0
74,19,1,8,3,8,1
74,20,1,6,5,6,1
74,21,1,8,5,8,1
74,22,1,7,4,7,1
74,23,1,6,1,6,1
74,24,1,2,1,2,1
74,25,1,5,4,5,1
74,26,1,5,2,5,1
74,27,1,8,6,8,1
74,28,1,8,7,8,1
74,1,2,8,5,8,1
74,2,2,6,2,6,1
74,3,2,6,1,6,1
74,4,2,8,2,8,1
74,5,2,4,4,7,0
74,6,2,8,7,8,1
74,7,2,5,3,5,1
74,8,2,8,6,8,1
74,9,2,3,2,3,1
74,10,2,6,6,7,0
74,11,2,3,1,3,1
74,12,2,7,1,7,1
74,13,2,7,2,7,1
74,14,2,5,1,5,1
74,15,2,5,2,5,1
74,16,2,4,1,4,1
74,17,2,8,3,8,1
74,18,2,3,3,4,0
74,19,2,5,4,5,1
74,20,2,5,5,6,0
74,21,2,8,4,8,1
74,22,2,6,3,6,1
74,23,2,4,2,4,1
74,24,2,5,5,7,0
74,25,2,6,4,6,1
74,26,2,3,3,7,0
74,27,2,8,1,8,1
74,28,2,2,1,2,1
74,1,3,4,3,4,1
74,2,3,5,3,5,1
74,3,3,5,1,5,1
74,4,3,6,4,6,1
74,5,3,7,1,7,1
74,6,3,6,6,7,0
74,7,3,5,4,5,1
74,8,3,2,1,2,1
74,9,3,4,2,4,1
74,10,3,3,2,3,1
74,11,3,3,3,7,0
74,12,3,6,3,6,1
74,13,3,7,2,7,1
74,14,3,8,2,8,1
74,15,3,8,4,8,1
74,16,3,5,2,5,1
74,17,3,5,5,6,0
74,18,3,4,1,4,1
74,19,3,8,6,8,1
74,20,3,8,7,8,1
74,21,3,5,5,7,0
74,22,3,8,1,8,1
74,23,3,6,1,6,1
74,24,3,6,2,6,1
74,25,3,8,3,8,1
74,26,3,8,5,8,1
74,27,3,4,4,7,0
74,28,3,3,1,3,1
74,1,4,4,4,7,0
74,2,4,5,5,7,0
74,3,4,6,1,6,1
74,4,4,3,3,7,0
74,5,4,5,2,5,1
74,6,4,8,7,8,1
74,7,4,7,2,7,1
74,8,4,5,4,5,1
74,9,4,5,3,5,1
74,10,4,8,3,8,1
74,11,4,8,4,8,1
74,12,4,4,3,4,1
74,13,4,8,2,8,1
74,14,4,6,3,6,1
74,15,4,8,1,8,1
74,16,4,8,6,8,1
74,17,4,2,1,2,1
74,18,4,4,2,4,1
74,19,4,4,1,4,1
74,20,4,5,1,5,1
74,21,4,8,5,8,1
74,22,4,6,4,6,1
74,23,4,6,6,7,0
74,24,4,3,1,3,1
74,25,4,7,1,7,1
74,26,4,5,5,6,0
74,27,4,6,2,6,1
74,28,4,3,2,3,1
74,1,5,8,2,8,1
74,2,5,4,2,4,1
74,3,5,6,2,6,1
74,4,5,2,1,2,1
74,5,5,3,3,7,0
74,6,5,8,1,8,1
74,7,5,8,7,8,1
74,8,5,5,3,5,1
74,9,5,4,3,4,1
74,10,5,3,2,3,1
74,11,5,5,4,5,1
74,12,5,8,3,8,1
74,13,5,6,1,6,1
74,14,5,4,4,7,0
74,15,5,5,1,5,1
74,16,5,4,1,4,1
74,17,5,5,5,7,0
74,18,5,7,1,7,1
74,19,5,8,5,8,1
74,20,5,6,6,7,0
74,21,5,5,2,5,1
74,22,5,3,1,3,1
74,23,5,6,3,6,1
74,24,5,5,5,6,0
74,25,5,6,4,6,1
74,26,5,8,6,8,1
74,27,5,7,2,7,1
74,28,5,8,4,8,1
74,1,6,6,4,6,1
74,2,6,8,7,8,1
74,3,6,4,4,7,0
74,4,6,7,1,7,1
74,5,6,6,6,7,0
74,6,6,8,6,8,1
74,7,6,6,1,6,1
74,8,6,3,3,7,0
74,9,6,2,1,2,1
74,10,6,6,2,6,1
74,11,6,5,3,5,1
74,12,6,8,2,8,1
74,13,6,6,3,6,1
74,14,6,5,1,5,1
74,15,6,5,2,5,1
74,16,6,4,2,4,1
74,17,6,4,1,4,1
74,18,6,7,2,7,1
74,19,6,8,3,8,1
74,20,6,8,1,8,1
74,21,6,3,1,3,1
74,22,6,8,4,8,1
74,23,6,3,2,3,1
74,24,6,5,4,5,1
74,25,6,4,3,4,1
74,26,6,8,5,8,1
74,27,6,5,5,6,0
74,28,6,5,5,7,0
74,1,7,6,1,6,1
74,2,7,8,6,8,1
74,3,7,8,4,8,1
74,4,7,4,4,7,0
74,5,7,8,1,8,1
74,6,7,5,5,7,0
74,7,7,5,4,5,1
74,8,7,4,3,4,1
74,9,7,7,1,7,1
74,10,7,8,7,8,1
74,11,7,6,4,6,1
74,12,7,3,2,3,1
74,13,7,4,2,4,1
74,14,7,8,3,8,1
74,15,7,4,1,4,1
74,16,7,5,2,5,1
74,17,7,3,1,3,1
74,18,7,8,5,8,1
74,19,7,8,2,8,1
74,20,7,5,5,6,0
74,21,7,5,3,5,1
74,22,7,2,1,2,1
74,23,7,5,1,5,1
74,24,7,3,3,7,0
74,25,7,6,6,7,0
74,26,7,6,3,6,1
74,27,7,2,2,7,0
74,28,7,6,2,6,1
74,1,8,5,5,7,0
74,2,8,3,3,7,0
74,3,8,4,4,6,0
74,4,8,8,4,8,1
74,5,8,8,6,8,1
74,6,8,6,3,6,1
74,7,8,8,5,8,1
74,8,8,7,1,7,1
74,9,8,3,2,3,1
74,10,8,6,1,6,1
74,11,8,8,3,8,1
74,12,8,4,4,7,0
74,13,8,5,2,5,1
74,14,8,3,1,3,1
74,15,8,8,2,8,1
74,16,8,5,4,5,1
74,17,8,4,3,4,1
74,18,8,6,6,7,0
74,19,8,6,2,6,1
74,20,8,8,7,8,1
74,21,8,5,5,6,0
74,22,8,5,1,5,1
74,23,8,4,1,4,1
74,24,8,4,2,4,1
74,25,8,5,3,5,1
74,26,8,2,2,7,0
74,27,8,2,1,2,1
74,28,8,8,1,8,1
74,1,9,3,3,7,0
74,2,9,8,6,8,1
74,3,9,4,4,7,0
74,4,9,7,1,7,1
74,5,9,5,2,5,1
74,6,9,8,1,8,1
74,7,9,6,3,6,1
74,8,9,3,2,3,1
74,9,9,5,4,5,1
74,10,9,4,1,4,1
74,11,9,5,5,6,0
74,12,9,7,2,7,1
74,13,9,2,1,2,1
74,14,9,8,5,8,1
74,15,9,8,7,8,1
74,16,9,6,6,7,0
74,17,9,6,2,6,1
74,18,9,8,3,8,1
74,19,9,6,4,6,1
74,20,9,8,4,8,1
74,21,9,8,2,8,1
74,22,9,5,5,7,0
74,23,9,5,1,5,1
74,24,9,4,2,4,1
74,25,9,3,1,3,1
74,26,9,4,3,4,1
74,27,9,6,1,6,1
74,28,9,5,3,5,1
74,1,10,4,2,4,1
74,2,10,8,2,8,1
74,3,10,3,1,3,1
74,4,10,7,2,7,1
74,5,10,7,1,7,1
74,6,10,8,3,8,1
74,7,10,3,3,7,0
74,8,10,5,5,7,0
74,9,10,6,1,6,1
74,10,10,5,1,5,1
74,11,10,6,4,6,1
74,12,10,5,2,5,1
74,13,10,4,3,4,1
74,14,10,5,5,6,0
74,15,10,6,6,7,0
74,16,10,8,6,8,1
74,17,10,2,1,2,1
74,18,10,5,4,5,1
74,19,10,4,1,4,1
74,20,10,6,2,6,1
74,21,10,8,4,8,1
74,22,10,6,3,6,1
74,23,10,5,3,5,1
74,24,10,8,1,8,1
74,25,10,3,2,3,1
74,26,10,8,7,8,1
74,27,10,4,4,7,0
74,28,10,8,5,8,1
75,1,1,7,6,7,1
75,2,1,8,7,8,1
75,3,1,4,2,4,1
75,4,1,3,2,3,1
75,5,1,8,1,8,1
75,6,1,6,1,6,1
75,7,1,6,3,6,1
75,8,1,3,1,3,1
75,9,1,7,4,7,1
75,10,1,4,1,4,1
75,11,1,8,2,8,1
75,12,1,5,5,6,0
75,13,1,5,4,5,1
75,14,1,7,5,7,1
75,15,1,8,5,8,1
75,16,1,5,2,5,1
75,17,1,7,2,7,1
75,18,1,7,3,7,1
75,19,1,4,3,4,1
75,20,1,8,3,8,1
75,21,1,5,3,5,1
75,22,1,8,6,8,1
75,23,1,2,1,2,1
75,24,1,7,1,7,1
75,25,1,6,2,6,1
75,26,1,8,4,8,1
75,27,1,5,1,5,1
75,28,1,6,4,6,1
75,1,2,5,5,6,0
75,2,2,6,1,6,1
75,3,2,5,2,5,1
75,4,2,6,2,6,1
75,5,2,3,1,3,1
75,6,2,7,1,7,1
75,7,2,5,1,5,1
75,8,2,8,5,8,1
75,9,2,8,2,8,1
75,10,2,3,2,3,1
75,11,2,4,3,4,1
75,12,2,7,6,7,1
75,13,2,8,1,8,1
75,14,2,8,3,8,1
75,15,2,5,3,5,1
75,16,2,7,2,7,1
75,17,2,8,6,8,1
75,18,2,8,4,8,1
75,19,2,5,4,5,1
75,20,2,8,7,8,1
75,21,2,2,1,2,1
75,22,2,7,4,7,1
75,23,2,6,4,6,1
75,24,2,7,3,7,1
75,25,2,7,5,7,1
75,26,2,6,3,6,1
75,27,2,4,1,4,1
75,28,2,4,2,4,1
75,1,3,5,1,5,1
75,2,3,6,3,6,1
75,3,3,8,6,8,1
75,4,3,8,3,8,1
75,5,3,6,1,6,1
75,6,3,6,4,6,1
75,7,3,4,3,4,1
75,8,3,7,3,7,1
75,9,3,7,2,7,1
75,10,3,7,5,7,1
75,11,3,6,2,6,1
75,12,3,8,4,8,1
75,13,3,5,4,5,1
75,14,3,3,2,3,1
75,15,3,4,2,4,1
75,16,3,4,1,4,1
75,17,3,5,5,6,0
75,18,3,7,1,7,1
75,19,3,8,7,8,1
75,20,3,8,5,8,1
75,21,3,3,1,3,1
75,22,3,5,3,5,1
75,23,3,8,2,8,1
75,24,3,2,1,2,1
75,25,3,8,1,8,1
75,26,3,7,6,7,1
75,27,3,5,2,5,1
75,28,3,7,4,7,1
75,1,4,7,5,7,1
75,2,4,8,4,8,1
75,3,4,3,2,3,1
75,4,4,5,1,5,1
75,5,4,8,3,8,1
75,6,4,6,2,6,1
75,7,4,5,5,6,0
75,8,4,6,3,6,1
75,9,4,7,4,7,1
75,10,4,5,4,5,1
75,11,4,7,3,7,1
75,12,4,8,7,8,1
75,13,4,8,2,8,1
75,14,4,5,3,5,1
75,15,4,7,6,7,1
75,16,4,4,1,4,1
75,17,4,3,1,3,1
75,18,4,6,4,6,1
75,19,4,8,6,8,1
75,20,4,4,3,4,1
75,21,4,5,2,5,1
75,22,4,8,5,8,1
75,23,4,7,2,7,1
75,24,4,7,1,7,1
75,25,4,4,2,4,1
75,26,4,2,1,2,1
75,27,4,6,1,6,1
75,28,4,8,1,8,1
75,1,5,6,4,6,1
75,2,5,7,4,7,1
75,3,5,8,2,8,1
75,4,5,1,1,2,0
75,5,5,6,3,6,1
75,6,5,6,2,6,1
75,7,5,5,5,6,0
75,8,5,8,4,8,1
75,9,5,8,6,8,1
75,10,5,8,1,8,1
75,11,5,8,3,8,1
75,12,5,7,5,7,1
75,13,5,8,7,8,1
75,14,5,3,1,3,1
75,15,5,5,2,5,1
75,16,5,4,2,4,1
75,17,5,7,1,7,1
75,18,5,4,1,4,1
75,19,5,5,3,5,1
75,20,5,5,1,5,1
75,21,5,7,3,7,1
75,22,5,4,3,4,1
75,23,5,6,1,6,1
75,24,5,8,5,8,1
75,25,5,7,2,7,1
75,26,5,7,6,7,1
75,27,5,3,2,3,1
75,28,5,5,4,5,1
75,1,6,8,5,8,1
75,2,6,7,1,7,1
75,3,6,4,2,4,1
75,4,6,6,2,6,1
75,5,6,3,2,3,1
75,6,6,7,5,7,1
75,7,6,6,4,6,1
75,8,6,8,1,8,1
75,9,6,8,3,8,1
75,10,6,4,1,4,1
75,11,6,8,6,8,1
75,12,6,5,1,5,1
75,13,6,2,1,2,1
75,14,6,5,3,5,1
75,15,6,7,2,7,1
75,16,6,7,4,7,1
75,17,6,5,4,5,1
75,18,6,3,1,3,1
75,19,6,8,7,8,1
75,20,6,6,1,6,1
75,21,6,5,2,5,1
75,22,6,4,3,4,1
75,23,6,8,2,8,1
75,24,6,7,3,7,1
75,25,6,8,4,8,1
75,26,6,5,5,6,0
75,27,6,6,3,6,1
75,28,6,7,6,7,1
75,1,7,3,1,3,1
75,2,7,4,3,4,1
75,3,7,7,5,7,1
75,4,7,5,4,5,1
75,5,7,6,4,6,1
75,6,7,5,5,6,0
75,7,7,4,2,4,1
75,8,7,7,1,7,1
75,9,7,8,5,8,1
75,10,7,3,2,3,1
75,11,7,5,2,5,1
75,12,7,8,6,8,1
75,13,7,6,2,6,1
75,14,7,8,1,8,1
75,15,7,7,4,7,1
75,16,7,5,3,5,1
75,17,7,8,3,8,1
75,18,7,8,2,8,1
75,19,7,6,3,6,1
75,20,7,2,1,2,1
75,21,7,7,3,7,1
75,22,7,4,1,4,1
75,23,7,5,1,5,1
75,24,7,8,7,8,1
75,25,7,7,2,7,1
75,26,7,6,6,7,0
75,27,7,8,4,8,1
75,28,7,6,1,6,1
75,1,8,5,3,5,1
75,2,8,8,6,8,1
75,3,8,5,1,5,1
75,4,8,3,2,3,1
75,5,8,6,3,6,1
75,6,8,6,4,6,1
75,7,8,8,7,8,1
75,8,8,5,4,5,1
75,9,8,4,3,4,1
75,10,8,8,5,8,1
75,11,8,7,6,7,1
75,12,8,2,1,2,1
75,13,8,6,2,6,1
75,14,8,7,1,7,1
75,15,8,4,1,4,1
75,16,8,5,2,5,1
75,17,8,5,5,6,0
75,18,8,7,5,7,1
75,19,8,3,1,3,1
75,20,8,8,1,8,1
75,21,8,8,3,8,1
75,22,8,7,3,7,1
75,23,8,7,2,7,1
75,24,8,8,4,8,1
75,25,8,7,4,7,1
75,26,8,4,2,4,1
75,27,8,6,1,6,1
75,28,8,8,2,8,1
75,1,9,6,3,6,1
75,2,9,8,2,8,1
75,3,9,5,1,5,1
75,4,9,7,3,7,1
75,5,9,7,4,7,1
75,6,9,2,1,2,1
75,7,9,5,3,5,1
75,8,9,6,1,6,1
75,9,9,8,1,8,1
75,10,9,6,2,6,1
75,11,9,6,4,6,1
75,12,9,3,1,3,1
75,13,9,8,7,8,1
75,14,9,5,2,5,1
75,15,9,5,5,6,0
75,16,9,4,2,4,1
75,17,9,8,3,8,1
75,18,9,7,5,7,1
75,19,9,8,5,8,1
75,20,9,7,1,7,1
75,21,9,4,1,4,1
75,22,9,4,3,4,1
75,23,9,5,4,5,1
75,24,9,7,2,7,1
75,25,9,8,4,8,1
75,26,9,8,6,8,1
75,27,9,7,6,7,1
75,28,9,3,2,3,1
75,1,10,8,7,8,1
75,2,10,3,1,3,1
75,3,10,8,6,8,1
75,4,10,4,2,4,1
75,5,10,3,2,3,1
75,6,10,5,1,5,1
75,7,10,6,3,6,1
75,8,10,4,1,4,1
75,9,10,5,2,5,1
75,10,10,5,5,6,0
75,11,10,4,3,4,1
75,12,10,7,6,7,1
75,13,10,7,5,7,1
75,14,10,7,2,7,1
75,15,10,8,4,8,1
75,16,10,8,1,8,1
75,17,10,6,1,6,1
75,18,10,8,3,8,1
75,19,10,7,1,7,1
75,20,10,5,3,5,1
75,21,10,7,4,7,1
75,22,10,8,5,8,1
75,23,10,6,2,6,1
75,24,10,5,4,5,1
75,25,10,2,1,2,1
75,26,10,8,2,8,1
75,27,10,7,3,7,1
75,28,10,6,4,6,1
76,1,1,8,2,8,1
76,2,1,8,5,8,1
76,3,1,6,5,6,1
76,4,1,4,2,4,1
76,5,1,3,1,3,1
76,6,1,5,2,5,1
76,7,1,3,3,5,0
76,8,1,8,7,8,1
76,9,1,6,6,8,0
76,10,1,3,2,3,1
76,11,1,4,4,5,0
76,12,1,6,6,7,0
76,13,1,8,4,8,1
76,14,1,5,1,5,1
76,15,1,3,3,6,0
76,16,1,8,1,8,1
76,17,1,5,5,7,0
76,18,1,4,3,4,1
76,19,1,6,4,6,1
76,20,1,7,1,7,1
76,21,1,6,1,6,1
76,22,1,4,1,4,1
76,23,1,4,4,7,0
76,24,1,7,2,7,1
76,25,1,3,3,8,0
76,26,1,2,1,2,1
76,27,1,7,3,7,1
76,28,1,6,2,6,1
76,1,2,1,1,4,0
76,2,2,6,4,6,1
76,3,2,6,5,6,1
76,4,2,4,4,5,0
76,5,2,5,1,5,1
76,6,2,6,2,6,1
76,7,2,4,2,4,1
76,8,2,7,4,7,1
76,9,2,8,5,8,1
76,10,2,8,3,8,1
76,11,2,7,3,7,1
76,12,2,4,4,8,0
76,13,2,7,1,7,1
76,14,2,8,1,8,1
76,15,2,2,2,3,0
76,16,2,4,3,4,1
76,17,2,6,6,7,0
76,18,2,6,3,6,1
76,19,2,5,3,5,1
76,20,2,2,1,2,1
76,21,2,5,5,7,0
76,22,2,6,1,6,1
76,23,2,7,2,7,1
76,24,2,6,6,8,0
76,25,2,5,2,5,1
76,26,2,7,7,8,0
76,27,2,8,2,8,1
76,28,2,3,1,3,1
76,1,3,8,7,8,1
76,2,3,7,3,7,1
76,3,3,3,2,3,1
76,4,3,5,2,5,1
76,5,3,3,3,4,0
76,6,3,6,1,6,1
76,7,3,3,1,3,1
76,8,3,6,6,7,0
76,9,3,4,2,4,1
76,10,3,5,4,5,1
76,11,3,7,2,7,1
76,12,3,7,4,7,1
76,13,3,6,2,6,1
76,14,3,6,4,6,1
76,15,3,8,2,8,1
76,16,3,7,1,7,1
76,17,3,5,1,5,1
76,18,3,8,4,8,1
76,19,3,8,5,8,1
76,20,3,8,3,8,1
76,21,3,8,1,8,1
76,22,3,6,5,6,1
76,23,3,5,3,5,1
76,24,3,8,6,8,1
76,25,3,6,3,6,1
76,26,3,5,5,7,0
76,27,3,2,1,2,1
76,28,3,4,1,4,1
76,1,4,3,2,3,1
76,2,4,6,3,6,1
76,3,4,5,5,7,0
76,4,4,5,3,5,1
76,5,4,8,3,8,1
76,6,4,6,2,6,1
76,7,4,6,5,6,1
76,8,4,4,3,4,1
76,9,4,4,2,4,1
76,10,4,6,4,6,1
76,11,4,7,3,7,1
76,12,4,2,1,2,1
76,13,4,8,1,8,1
76,14,4,5,1,5,1
76,15,4,6,6,8,0
76,16,4,7,2,7,1
76,17,4,6,1,6,1
76,18,4,5,4,5,1
76,19,4,6,6,7,0
76,20,4,8,2,8,1
76,21,4,5,2,5,1
76,22,4,4,1,4,1
76,23,4,8,4,8,1
76,24,4,5,5,8,0
76,25,4,7,1,7,1
76,26,4,3,1,3,1
76,27,4,7,7,8,0
76,28,4,7,4,7,1
76,1,5,5,3,5,1
76,2,5,5,1,5,1
76,3,5,6,4,6,1
76,4,5,8,2,8,1
76,5,5,7,1,7,1
76,6,5,7,3,7,1
76,7,5,6,5,6,1
76,8,5,5,4,5,1
76,9,5,6,1,6,1
76,10,5,7,7,8,0
76,11,5,6,6,8,0
76,12,5,3,2,3,1
76,13,5,5,2,5,1
76,14,5,4,2,4,1
76,15,5,8,4,8,1
76,16,5,8,5,8,1
76,17,5,6,6,7,0
76,18,5,4,1,4,1
76,19,5,8,1,8,1
76,20,5,2,1,2,1
76,21,5,3,1,3,1
76,22,5,6,2,6,1
76,23,5,4,3,4,1
76,24,5,4,4,7,0
76,25,5,5,5,7,0
76,26,5,8,3,8,1
76,27,5,2,2,7,0
76,28,5,6,3,6,1
76,1,6,6,1,6,1
76,2,6,7,4,7,1
76,3,6,8,2,8,1
76,4,6,6,3,6,1
76,5,6,6,4,6,1
76,6,6,7,2,7,1
76,7,6,5,1,5,1
76,8,6,8,7,8,1
76,9,6,8,1,8,1
76,10,6,6,6,7,0
76,11,6,3,1,3,1
76,12,6,2,2,4,0
76,13,6,8,4,8,1
76,14,6,3,2,3,1
76,15,6,6,6,8,0
76,16,6,4,3,4,1
76,17,6,5,5,7,0
76,18,6,3,3,5,0
76,19,6,4,4,5,0
76,20,6,5,2,5,1
76,21,6,8,5,8,1
76,22,6,6,2,6,1
76,23,6,4,1,4,1
76,24,6,7,1,7,1
76,25,6,6,5,6,1
76,26,6,2,1,2,1
76,27,6,7,3,7,1
76,28,6,8,3,8,1
76,1,7,7,2,7,1
76,2,7,2,1,2,1
76,3,7,7,1,7,1
76,4,7,5,2,5,1
76,5,7,6,4,6,1
76,6,7,5,5,7,0
76,7,7,6,3,6,1
76,8,7,8,5,8,1
76,9,7,6,6,7,0
76,10,7,8,2,8,1
76,11,7,4,4,7,0
76,12,7,5,4,5,1
76,13,7,6,1,6,1
76,14,7,7,3,7,1
76,15,7,5,1,5,1
76,16,7,3,3,5,0
76,17,7,4,1,4,1
76,18,7,8,1,8,1
76,19,7,8,3,8,1
76,20,7,6,5,6,1
76,21,7,6,2,6,1
76,22,7,8,4,8,1
76,23,7,3,2,3,1
76,24,7,3,3,4,0
76,25,7,3,1,3,1
76,26,7,8,7,8,1
76,27,7,6,6,8,0
76,28,7,4,2,4,1
76,1,8,6,6,7,0
76,2,8,3,3,7,0
76,3,8,6,3,6,1
76,4,8,5,4,5,1
76,5,8,6,5,6,1
76,6,8,3,1,3,1
76,7,8,3,2,3,1
76,8,8,5,2,5,1
76,9,8,6,6,8,0
76,10,8,8,1,8,1
76,11,8,8,2,8,1
76,12,8,6,1,6,1
76,13,8,7,1,7,1
76,14,8,7,5,7,1
76,15,8,7,2,7,1
76,16,8,8,4,8,1
76,17,8,4,4,7,0
76,18,8,8,3,8,1
76,19,8,3,3,4,0
76,20,8,5,3,5,1
76,21,8,4,1,4,1
76,22,8,7,7,8,0
76,23,8,2,2,4,0
76,24,8,6,2,6,1
76,25,8,2,1,2,1
76,26,8,8,5,8,1
76,27,8,6,4,6,1
76,28,8,5,1,5,1
76,1,9,6,1,6,1
76,2,9,6,6,7,0
76,3,9,6,2,6,1
76,4,9,4,3,4,1
76,5,9,3,2,3,1
76,6,9,7,3,7,1
76,7,9,4,1,4,1
76,8,9,8,2,8,1
76,9,9,6,5,6,1
76,10,9,8,7,8,1
76,11,9,8,3,8,1
76,12,9,6,3,6,1
76,13,9,8,4,8,1
76,14,9,8,5,8,1
76,15,9,7,4,7,1
76,16,9,4,2,4,1
76,17,9,7,2,7,1
76,18,9,5,2,5,1
76,19,9,6,6,8,0
76,20,9,3,1,3,1
76,21,9,8,1,8,1
76,22,9,7,1,7,1
76,23,9,5,3,5,1
76,24,9,2,1,2,1
76,25,9,5,4,5,1
76,26,9,5,5,7,0
76,27,9,6,4,6,1
76,28,9,5,1,5,1
76,1,10,4,3,4,1
76,2,10,5,5,7,0
76,3,10,8,3,8,1
76,4,10,4,1,4,1
76,5,10,6,2,6,1
76,6,10,6,6,8,0
76,7,10,7,1,7,1
76,8,10,7,4,7,1
76,9,10,4,4,5,0
76,10,10,1,1,2,0
76,11,10,6,4,6,1
76,12,10,3,3,6,0
76,13,10,2,2,8,0
76,14,10,8,1,8,1
76,15,10,7,3,7,1
76,16,10,4,2,4,1
76,17,10,5,5,8,0
76,18,10,5,1,5,1
76,19,10,8,7,8,1
76,20,10,6,6,7,0
76,21,10,2,2,3,0
76,22,10,6,1,6,1
76,23,10,8,4,8,1
76,24,10,5,3,5,1
76,25,10,1,1,3,0
76,26,10,6,5,6,1
76,27,10,7,2,7,1
76,28,10,5,2,5,1
77,1,1,7,2,7,1
77,2,1,6,6,7,0
77,3,1,4,4,5,0
77,4,1,4,3,4,1
77,5,1,4,2,4,1
77,6,1,7,1,7,1
77,7,1,8,5,8,1
77,8,1,1,1,2,0
77,9,1,4,1,4,1
77,10,1,8,3,8,1
77,11,1,8,2,8,1
77,12,1,6,3,6,1
77,13,1,6,2,6,1
77,14,1,8,1,8,1
77,15,1,6,5,6,1
77,16,1,8,4,8,1
77,17,1,5,2,5,1
77,18,1,3,2,3,1
77,19,1,1,1,5,0
77,20,1,7,5,7,1
77,21,1,7,3,7,1
77,22,1,8,7,8,1
77,23,1,6,1,6,1
77,24,1,7,4,7,1
77,25,1,8,6,8,1
77,26,1,6,4,6,1
77,27,1,5,3,5,1
77,28,1,1,1,3,0
77,1,2,5,3,5,1
77,2,2,6,3,6,1
77,3,2,8,1,8,1
77,4,2,1,1,2,0
77,5,2,8,2,8,1
77,6,2,7,3,7,1
77,7,2,1,1,3,0
77,8,2,4,3,4,1
77,9,2,8,5,8,1
77,10,2,5,2,5,1
77,11,2,6,6,7,0
77,12,2,6,1,6,1
77,13,2,8,4,8,1
77,14,2,1,1,5,0
77,15,2,7,5,7,1
77,16,2,4,2,4,1
77,17,2,7,2,7,1
77,18,2,8,7,8,1
77,19,2,6,5,6,1
77,20,2,7,4,7,1
77,21,2,6,2,6,1
77,22,2,8,3,8,1
77,23,2,8,6,8,1
77,24,2,7,1,7,1
77,25,2,4,1,4,1
77,26,2,6,4,6,1
77,27,2,4,4,5,0
77,28,2,3,2,3,1
77,1,3,7,1,7,1
77,2,3,8,7,8,1
77,3,3,6,3,6,1
77,4,3,8,1,8,1
77,5,3,7,4,7,1
77,6,3,4,3,4,1
77,7,3,7,3,7,1
77,8,3,8,6,8,1
77,9,3,6,4,6,1
77,10,3,8,2,8,1
77,11,3,6,1,6,1
77,12,3,1,1,5,0
77,13,3,6,6,7,0
77,14,3,6,2,6,1
77,15,3,1,1,3,0
77,16,3,7,2,7,1
77,17,3,5,2,5,1
77,18,3,4,4,5,0
77,19,3,4,2,4,1
77,20,3,8,3,8,1
77,21,3,4,1,4,1
77,22,3,8,4,8,1
77,23,3,1,1,2,0
77,24,3,7,5,7,1
77,25,3,6,5,6,1
77,26,3,3,2,3,1
77,27,3,5,3,5,1
77,28,3,8,5,8,1
77,1,4,3,2,3,1
77,2,4,1,1,3,0
77,3,4,8,3,8,1
77,4,4,4,4,5,0
77,5,4,7,1,7,1
77,6,4,4,2,4,1
77,7,4,8,7,8,1
77,8,4,5,3,5,1
77,9,4,6,1,6,1
77,10,4,5,2,5,1
77,11,4,7,2,7,1
77,12,4,4,3,4,1
77,13,4,7,3,7,1
77,14,4,8,6,8,1
77,15,4,7,4,7,1
77,16,4,4,1,4,1
77,17,4,7,5,7,1
77,18,4,1,1,2,0
77,19,4,6,6,7,0
77,20,4,8,2,8,1
77,21,4,6,3,6,1
77,22,4,6,5,6,1
77,23,4,1,1,5,0
77,24,4,6,2,6,1
77,25,4,8,1,8,1
77,26,4,6,4,6,1
77,27,4,8,5,8,1
77,28,4,8,4,8,1
77,1,5,1,1,2,0
77,2,5,4,4,5,0
77,3,5,4,2,4,1
77,4,5,8,2,8,1
77,5,5,1,1,3,0
77,6,5,5,2,5,1
77,7,5,7,4,7,1
77,8,5,7,1,7,1
77,9,5,8,3,8,1
77,10,5,6,5,6,1
77,11,5,6,6,7,0
77,12,5,6,2,6,1
77,13,5,7,5,7,1
77,14,5,8,7,8,1
77,15,5,7,3,7,1
77,16,5,6,3,6,1
77,17,5,1,1,5,0
77,18,5,7,2,7,1
77,19,5,6,4,6,1
77,20,5,8,6,8,1
77,21,5,5,3,5,1
77,22,5,4,1,4,1
77,23,5,8,4,8,1
77,24,5,6,1,6,1
77,25,5,8,5,8,1
77,26,5,8,1,8,1
77,27,5,4,3,4,1
77,28,5,3,2,3,1
77,1,6,4,4,5,0
77,2,6,8,3,8,1
77,3,6,5,2,5,1
77,4,6,6,6,7,0
77,5,6,6,2,6,1
77,6,6,3,1,3,1
77,7,6,8,2,8,1
77,8,6,7,4,7,1
77,9,6,7,1,7,1
77,10,6,1,1,5,0
77,11,6,8,7,8,1
77,12,6,8,1,8,1
77,13,6,8,4,8,1
77,14,6,6,3,6,1
77,15,6,8,5,8,1
77,16,6,6,1,6,1
77,17,6,5,3,5,1
77,18,6,4,1,4,1
77,19,6,7,2,7,1
77,20,6,7,3,7,1
77,21,6,7,5,7,1
77,22,6,6,4,6,1
77,23,6,8,6,8,1
77,24,6,3,2,3,1
77,25,6,4,2,4,1
77,26,6,4,3,4,1
77,27,6,1,1,2,0
77,28,6,6,5,6,1
77,1,7,7,4,7,1
77,2,7,8,3,8,1
77,3,7,6,4,6,1
77,4,7,4,1,4,1
77,5,7,8,2,8,1
77,6,7,1,1,5,0
77,7,7,1,1,2,0
77,8,7,4,4,5,0
77,9,7,7,3,7,1
77,10,7,7,2,7,1
77,11,7,6,1,6,1
77,12,7,4,3,4,1
77,13,7,6,3,6,1
77,14,7,8,1,8,1
77,15,7,5,2,5,1
77,16,7,6,5,6,1
77,17,7,7,5,7,1
77,18,7,8,4,8,1
77,19,7,6,2,6,1
77,20,7,8,6,8,1
77,21,7,8,7,8,1
77,22,7,7,1,7,1
77,23,7,1,1,3,0
77,24,7,8,5,8,1
77,25,7,5,3,5,1
77,26,7,4,2,4,1
77,27,7,3,2,3,1
77,28,7,6,6,7,0
77,1,8,8,2,8,1
77,2,8,6,2,6,1
77,3,8,7,1,7,1
77,4,8,4,4,5,0
77,5,8,7,3,7,1
77,6,8,1,1,5,0
77,7,8,8,6,8,1
77,8,8,4,2,4,1
77,9,8,8,7,8,1
77,10,8,6,4,6,1
77,11,8,3,2,3,1
77,12,8,6,5,6,1
77,13,8,4,3,4,1
77,14,8,7,5,7,1
77,15,8,7,2,7,1
77,16,8,8,5,8,1
77,17,8,1,1,2,0
77,18,8,5,3,5,1
77,19,8,8,4,8,1
77,20,8,1,1,3,0
77,21,8,7,4,7,1
77,22,8,6,1,6,1
77,23,8,8,1,8,1
77,24,8,6,3,6,1
77,25,8,4,1,4,1
77,26,8,8,3,8,1
77,27,8,6,6,7,0
77,28,8,5,2,5,1
77,1,9,1,1,5,0
77,2,9,7,3,7,1
77,3,9,8,7,8,1
77,4,9,8,3,8,1
77,5,9,7,4,7,1
77,6,9,6,5,6,1
77,7,9,6,2,6,1
77,8,9,8,6,8,1
77,9,9,6,1,6,1
77,10,9,6,6,7,0
77,11,9,8,5,8,1
77,12,9,7,2,7,1
77,13,9,3,2,3,1
77,14,9,1,1,3,0
77,15,9,4,3,4,1
77,16,9,5,2,5,1
77,17,9,1,1,2,0
77,18,9,8,1,8,1
77,19,9,7,1,7,1
77,20,9,6,4,6,1
77,21,9,7,5,7,1
77,22,9,8,4,8,1
77,23,9,8,2,8,1
77,24,9,6,3,6,1
77,25,9,4,2,4,1
77,26,9,5,3,5,1
77,27,9,4,4,5,0
77,28,9,4,1,4,1
77,1,10,1,1,2,0
77,2,10,7,1,7,1
77,3,10,3,2,3,1
77,4,10,7,2,7,1
77,5,10,6,6,7,0
77,6,10,8,1,8,1
77,7,10,6,2,6,1
77,8,10,6,3,6,1
77,9,10,5,2,5,1
77,10,10,4,2,4,1
77,11,10,1,1,3,0
77,12,10,4,4,5,0
77,13,10,8,7,8,1
77,14,10,6,4,6,1
77,15,10,8,4,8,1
77,16,10,7,5,7,1
77,17,10,8,2,8,1
77,18,10,8,3,8,1
77,19,10,8,5,8,1
77,20,10,1,1,5,0
77,21,10,5,3,5,1
77,22,10,7,3,7,1
77,23,10,8,6,8,1
77,24,10,4,1,4,1
77,25,10,6,1,6,1
77,26,10,7,4,7,1
77,27,10,4,3,4,1
77,28,10,6,5,6,1
