distance,accuracy
1,0.6116883116883118
2,0.707142857142857
3,0.8007792207792205
4,0.920779220779221
5,0.9424242424242424
6,0.9655844155844155
7,0.9922077922077923
