rank_position,accuracy
1,0.9011131725417436
2,0.7348794063079775
3,0.7207792207792206
4,0.7376623376623378
5,0.766790352504638
6,0.794990723562152
7,0.7977736549165122
8,0.8209647495361779
