{
  "human_target_qualitative": {
    "overall_accuracy": "high, learned and nonlearned both above chance",
    "consistent_error_subjects_80pct_ratio": "~0.91 in paper behavioral cohort after exclusion",
    "self_consistency": "mostly self-consistent wrong global rankings",
    "kendall_tau": "low inter-subject similarity"
  },
  "records": [
    {
      "experiment": "prev_D_best_train",
      "overall": 0.6128478679073377,
      "learned": 0.637175326925013,
      "nonlearned": 0.6031168843002676,
      "consistent80": 0.6753246753246753,
      "consistent100": 0.33766233766233766,
      "self_cons_majority": 0.8551948051948053,
      "circular_majority": 2.896103896103896,
      "kendall_tau": 0.23171565276828435,
      "distance_acc": {
        "1": 0.5287569592912476,
        "2": 0.580519483412628,
        "3": 0.6153246764625822,
        "4": 0.6587662336888251,
        "5": 0.7086580103480971,
        "6": 0.7090909082394141,
        "7": 0.7194805212996223
      }
    },
    {
      "experiment": "prev_G_strong_prior_beta16",
      "overall": 0.6418831177429056,
      "learned": 0.6689935072821069,
      "nonlearned": 0.6310389619272251,
      "consistent80": 0.5454545454545454,
      "consistent100": 0.22077922077922077,
      "self_cons_majority": 0.907792207792208,
      "circular_majority": 1.844155844155844,
      "kendall_tau": 0.36158578263841423,
      "distance_acc": {
        "1": 0.5426716169062483,
        "2": 0.5891774913126772,
        "3": 0.6675324695837962,
        "4": 0.700649349454355,
        "5": 0.7502164469136821,
        "6": 0.7487012960694053,
        "7": 0.7506493519652974
      }
    },
    {
      "experiment": "M1_edge_block_balanced",
      "overall": 0.5966604865036891,
      "learned": 0.6183441592041742,
      "nonlearned": 0.587987017423495,
      "consistent80": 0.15584415584415584,
      "consistent100": 0.03896103896103896,
      "self_cons_majority": 0.7207792207792207,
      "circular_majority": 5.584415584415584,
      "kendall_tau": 0.5138658334147056,
      "distance_acc": {
        "1": 0.5493506556152191,
        "2": 0.5735930781569574,
        "3": 0.5927272757345979,
        "4": 0.6194805231961337,
        "5": 0.6316017351109228,
        "6": 0.6461038986196765,
        "7": 0.7909090898253701
      }
    },
    {
      "experiment": "M1_edge_block_balanced_beta30",
      "overall": 0.6485621548829693,
      "learned": 0.6657467547852498,
      "nonlearned": 0.6416883149220571,
      "consistent80": 0.12987012987012986,
      "consistent100": 0.025974025974025976,
      "self_cons_majority": 0.8370129870129871,
      "circular_majority": 3.25974025974026,
      "kendall_tau": 0.6897763890245093,
      "distance_acc": {
        "1": 0.5599257937858853,
        "2": 0.6093073628230012,
        "3": 0.6490909120092144,
        "4": 0.6737013012412694,
        "5": 0.7523809523035437,
        "6": 0.7701298697041227,
        "7": 0.8467532419539118
      }
    },
    {
      "experiment": "M2_strong_forgetting",
      "overall": 0.5577922123026428,
      "learned": 0.5358766276607072,
      "nonlearned": 0.566558446159417,
      "consistent80": 0.4155844155844156,
      "consistent100": 0.1038961038961039,
      "self_cons_majority": 0.6798701298701298,
      "circular_majority": 6.402597402597403,
      "kendall_tau": 0.3485987696514013,
      "distance_acc": {
        "1": 0.5474953669951002,
        "2": 0.5393939436256111,
        "3": 0.5309090958013163,
        "4": 0.5405844212691118,
        "5": 0.5974026010795073,
        "6": 0.6019480541445218,
        "7": 0.7363636381440348
      }
    },
    {
      "experiment": "M2_strong_forgetting_beta30",
      "overall": 0.5544990759398201,
      "learned": 0.5727272761090623,
      "nonlearned": 0.5472077958721232,
      "consistent80": 0.6103896103896104,
      "consistent100": 0.2077922077922078,
      "self_cons_majority": 0.8,
      "circular_majority": 4.0,
      "kendall_tau": 0.5735279757836149,
      "distance_acc": {
        "1": 0.5387755141270404,
        "2": 0.5285714330450023,
        "3": 0.5174026022870819,
        "4": 0.5759740288962018,
        "5": 0.5571428606714005,
        "6": 0.615584417113236,
        "7": 0.7896103858947754
      }
    },
    {
      "experiment": "M3_edge_online",
      "overall": 0.6590445285424562,
      "learned": 0.6977272743310827,
      "nonlearned": 0.6435714302270057,
      "consistent80": 0.19480519480519481,
      "consistent100": 0.012987012987012988,
      "self_cons_majority": 0.9162337662337664,
      "circular_majority": 1.6753246753246753,
      "kendall_tau": 0.8235035641050679,
      "distance_acc": {
        "1": 0.5497217108124041,
        "2": 0.590909095214946,
        "3": 0.666753248773612,
        "4": 0.7477272727417869,
        "5": 0.7909090875031112,
        "6": 0.766233764975876,
        "7": 0.8298701249159776
      }
    },
    {
      "experiment": "M3_edge_online_beta30",
      "overall": 0.6500927664733497,
      "learned": 0.6435064959230942,
      "nonlearned": 0.6527272746934519,
      "consistent80": 0.14285714285714285,
      "consistent100": 0.03896103896103896,
      "self_cons_majority": 0.8441558441558441,
      "circular_majority": 3.116883116883117,
      "kendall_tau": 0.7193145200663998,
      "distance_acc": {
        "1": 0.5640074258086191,
        "2": 0.6134199169807104,
        "3": 0.6303896123519191,
        "4": 0.6860389629403105,
        "5": 0.7341991347538961,
        "6": 0.7980519430590914,
        "7": 0.8792207748084874
      }
    },
    {
      "experiment": "M4_edge_hybrid",
      "overall": 0.6830705020659653,
      "learned": 0.7392857144889119,
      "nonlearned": 0.6605844170967867,
      "consistent80": 0.18181818181818182,
      "consistent100": 0.025974025974025976,
      "self_cons_majority": 0.9181818181818184,
      "circular_majority": 1.6363636363636365,
      "kendall_tau": 0.8003612928424959,
      "distance_acc": {
        "1": 0.5491651261090569,
        "2": 0.6285714311646177,
        "3": 0.7018181825613047,
        "4": 0.760714284398339,
        "5": 0.8225108191564485,
        "6": 0.8272727242150864,
        "7": 0.8363636317965272
      }
    },
    {
      "experiment": "M4_edge_hybrid_beta30",
      "overall": 0.6742578857234491,
      "learned": 0.7373376624634513,
      "nonlearned": 0.6490259750274482,
      "consistent80": 0.45454545454545453,
      "consistent100": 0.12987012987012986,
      "self_cons_majority": 0.9188311688311688,
      "circular_majority": 1.6233766233766234,
      "kendall_tau": 0.8127136021872864,
      "distance_acc": {
        "1": 0.5842300577845998,
        "2": 0.6151515172544496,
        "3": 0.6553246776004891,
        "4": 0.7483766232798625,
        "5": 0.7497835479902498,
        "6": 0.82337662074473,
        "7": 0.9324675256555731
      }
    },
    {
      "experiment": "M5_memory_no_forget",
      "overall": 0.6512059391941011,
      "learned": 0.6694805218124544,
      "nonlearned": 0.6438961061467599,
      "consistent80": 0.2077922077922078,
      "consistent100": 0.03896103896103896,
      "self_cons_majority": 0.888961038961039,
      "circular_majority": 2.220779220779221,
      "kendall_tau": 0.8687139927741432,
      "distance_acc": {
        "1": 0.5825603008546723,
        "2": 0.6043290086896904,
        "3": 0.6270129906666744,
        "4": 0.6889610381482484,
        "5": 0.7047619072647838,
        "6": 0.803246750266521,
        "7": 0.9181818110602242
      }
    },
    {
      "experiment": "prev_F_more_idio_beta16",
      "overall": 0.5916048264431599,
      "learned": 0.6444805217906833,
      "nonlearned": 0.5704545483041507,
      "consistent80": 0.6883116883116883,
      "consistent100": 0.3246753246753247,
      "self_cons_majority": 0.8077922077922078,
      "circular_majority": 3.844155844155844,
      "kendall_tau": 0.3298017771701982,
      "distance_acc": {
        "1": 0.5304267195801566,
        "2": 0.576190479293272,