network_seed,subject,pair_index,item_1,item_2,learned,symbolic_distance,pair_accuracy
2104,0,0,A,B,false,1,0
2104,0,1,A,C,false,2,0
2104,0,2,A,D,false,3,0
2104,0,3,A,E,false,4,0
2104,0,4,A,F,true,5,0
2104,0,5,A,G,false,6,0.8
2104,0,6,A,H,true,7,0.9
2104,0,7,B,C,true,1,0.9
2104,0,8,B,D,false,2,0.6
2104,0,9,B,E,true,3,1
2104,0,10,B,F,false,4,1
2104,0,11,B,G,false,5,1
2104,0,12,B,H,false,6,1
2104,0,13,C,D,false,1,0
2104,0,14,C,E,false,2,1
2104,0,15,C,F,false,3,1
2104,0,16,C,G,true,4,1
2104,0,17,C,H,false,5,1
2104,0,18,D,E,false,1,1
2104,0,19,D,F,true,2,1
2104,0,20,D,G,true,3,1
2104,0,21,D,H,false,4,1
2104,0,22,E,F,false,1,0
2104,0,23,E,G,false,2,1
2104,0,24,E,H,true,3,1
2104,0,25,F,G,false,1,1
2104,0,26,F,H,false,2,1
2104,0,27,G,H,false,1,0.8
2104,1,0,A,B,false,1,0.5
2104,1,1,A,C,false,2,1
2104,1,2,A,D,false,3,1
2104,1,3,A,E,false,4,1
2104,1,4,A,F,true,5,1
2104,1,5,A,G,false,6,1
2104,1,6,A,H,true,7,1
2104,1,7,B,C,true,1,1
2104,1,8,B,D,false,2,1
2104,1,9,B,E,true,3,1
2104,1,10,B,F,false,4,1
2104,1,11,B,G,false,5,1
2104,1,12,B,H,false,6,1
2104,1,13,C,D,false,1,1
2104,1,14,C,E,false,2,0.3
2104,1,15,C,F,false,3,1
2104,1,16,C,G,true,4,1
2104,1,17,C,H,false,5,0.5
2104,1,18,D,E,false,1,0
2104,1,19,D,F,true,2,1
2104,1,20,D,G,true,3,0.6
2104,1,21,D,H,false,4,0.3
2104,1,22,E,F,false,1,1
2104,1,23,E,G,false,2,0.9
2104,1,24,E,H,true,3,0.8
2104,1,25,F,G,false,1,0
2104,1,26,F,H,false,2,0
2104,1,27,G,H,false,1,0.1
2104,2,0,A,B,false,1,0.7
2104,2,1,A,C,false,2,1
2104,2,2,A,D,false,3,0.3
2104,2,3,A,E,false,4,1
2104,2,4,A,F,true,5,1
2104,2,5,A,G,false,6,1
2104,2,6,A,H,true,7,1
2104,2,7,B,C,true,1,0.8
2104,2,8,B,D,false,2,0.9
2104,2,9,B,E,true,3,1
2104,2,10,B,F,false,4,1
2104,2,11,B,G,false,5,1
2104,2,12,B,H,false,6,1
2104,2,13,C,D,false,1,0.4
2104,2,14,C,E,false,2,1
2104,2,15,C,F,false,3,0.8
2104,2,16,C,G,true,4,1
2104,2,17,C,H,false,5,1
2104,2,18,D,E,false,1,0.9
2104,2,19,D,F,true,2,0.8
2104,2,20,D,G,true,3,1
2104,2,21,D,H,false,4,1
2104,2,22,E,F,false,1,0
2104,2,23,E,G,false,2,0.3
2104,2,24,E,H,true,3,1
2104,2,25,F,G,false,1,1
2104,2,26,F,H,false,2,1
2104,2,27,G,H,false,1,1
2104,3,0,A,B,false,1,1
2104,3,1,A,C,false,2,1
2104,3,2,A,D,false,3,1
2104,3,3,A,E,false,4,1
2104,3,4,A,F,true,5,1
2104,3,5,A,G,false,6,1
2104,3,6,A,H,true,7,1
2104,3,7,B,C,true,1,1
2104,3,8,B,D,false,2,1
2104,3,9,B,E,true,3,1
2104,3,10,B,F,false,4,1
2104,3,11,B,G,false,5,1
2104,3,12,B,H,false,6,1
2104,3,13,C,D,false,1,0.8
2104,3,14,C,E,false,2,1
2104,3,15,C,F,false,3,1
2104,3,16,C,G,true,4,1
2104,3,17,C,H,false,5,1
2104,3,18,D,E,false,1,1
2104,3,19,D,F,true,2,1
2104,3,20,D,G,true,3,1
2104,3,21,D,H,false,4,1
2104,3,22,E,F,false,1,0
2104,3,23,E,G,false,2,1
2104,3,24,E,H,true,3,1
2104,3,25,F,G,false,1,1
2104,3,26,F,H,false,2,0.9
2104,3,27,G,H,false,1,0
2104,4,0,A,B,false,1,1
2104,4,1,A,C,false,2,1
2104,4,2,A,D,false,3,1
2104,4,3,A,E,false,4,1
2104,4,4,A,F,true,5,1
2104,4,5,A,G,false,6,1
2104,4,6,A,H,true,7,1
2104,4,7,B,C,true,1,0.7
2104,4,8,B,D,false,2,0.4
2104,4,9,B,E,true,3,1
2104,4,10,B,F,false,4,1
2104,4,11,B,G,false,5,0.9
2104,4,12,B,H,false,6,1
2104,4,13,C,D,false,1,0.5
2104,4,14,C,E,false,2,1
2104,4,15,C,F,false,3,1
2104,4,16,C,G,true,4,1
2104,4,17,C,H,false,5,1
2104,4,18,D,E,false,1,0.9
2104,4,19,D,F,true,2,1
2104,4,20,D,G,true,3,1
2104,4,21,D,H,false,4,1
2104,4,22,E,F,false,1,1
2104,4,23,E,G,false,2,0.9
2104,4,24,E,H,true,3,1
2104,4,25,F,G,false,1,0.3
2104,4,26,F,H,false,2,1
2104,4,27,G,H,false,1,1
2104,5,0,A,B,false,1,0.7
2104,5,1,A,C,false,2,1
2104,5,2,A,D,false,3,0.9
2104,5,3,A,E,false,4,1
2104,5,4,A,F,true,5,0.8
2104,5,5,A,G,false,6,1
2104,5,6,A,H,true,7,1
2104,5,7,B,C,true,1,1
2104,5,8,B,D,false,2,0.8
2104,5,9,B,E,true,3,1
2104,5,10,B,F,false,4,1
2104,5,11,B,G,false,5,1
2104,5,12,B,H,false,6,1
2104,5,13,C,D,false,1,0
2104,5,14,C,E,false,2,0.9
2104,5,15,C,F,false,3,0
2104,5,16,C,G,true,4,0.4
2104,5,17,C,H,false,5,1
2104,5,18,D,E,false,1,1
2104,5,19,D,F,true,2,0.7
2104,5,20,D,G,true,3,1
2104,5,21,D,H,false,4,1
2104,5,22,E,F,false,1,0
2104,5,23,E,G,false,2,0
2104,5,24,E,H,true,3,1
2104,5,25,F,G,false,1,1
2104,5,26,F,H,false,2,1
2104,5,27,G,H,false,1,1
2104,6,0,A,B,false,1,1
2104,6,1,A,C,false,2,1
2104,6,2,A,D,false,3,1
2104,6,3,A,E,false,4,1
2104,6,4,A,F,true,5,1
2104,6,5,A,G,false,6,1
2104,6,6,A,H,true,7,1
2104,6,7,B,C,true,1,1
2104,6,8,B,D,false,2,1
2104,6,9,B,E,true,3,1
2104,6,10,B,F,false,4,1
2104,6,11,B,G,false,5,1
2104,6,12,B,H,false,6,1
2104,6,13,C,D,false,1,0.4
2104,6,14,C,E,false,2,0
2104,6,15,C,F,false,3,1
2104,6,16,C,G,true,4,1
2104,6,17,C,H,false,5,1
2104,6,18,D,E,false,1,0
2104,6,19,D,F,true,2,1
2104,6,20,D,G,true,3,1
2104,6,21,D,H,false,4,1
2104,6,22,E,F,false,1,1
2104,6,23,E,G,false,2,1
2104,6,24,E,H,true,3,1
2104,6,25,F,G,false,1,0
2104,6,26,F,H,false,2,0.8
2104,6,27,G,H,false,1,1
2104,7,0,A,B,false,1,1
2104,7,1,A,C,false,2,1
2104,7,2,A,D,false,3,1
2104,7,3,A,E,false,4,1
2104,7,4,A,F,true,5,1
2104,7,5,A,G,false,6,1
2104,7,6,A,H,true,7,1
2104,7,7,B,C,true,1,1
2104,7,8,B,D,false,2,1
2104,7,9,B,E,true,3,1
2104,7,10,B,F,false,4,1
2104,7,11,B,G,false,5,1
2104,7,12,B,H,false,6,1
2104,7,13,C,D,false,1,1
2104,7,14,C,E,false,2,1
2104,7,15,C,F,false,3,1
2104,7,16,C,G,true,4,1
2104,7,17,C,H,false,5,1
2104,7,18,D,E,false,1,0.9
2104,7,19,D,F,true,2,1
2104,7,20,D,G,true,3,1
2104,7,21,D,H,false,4,0.9
2104,7,22,E,F,false,1,0.6
2104,7,23,E,G,false,2,1
2104,7,24,E,H,true,3,0.5
2104,7,25,F,G,false,1,0.9
2104,7,26,F,H,false,2,0
2104,7,27,G,H,false,1,0.1
2104,8,0,A,B,false,1,0
2104,8,1,A,C,false,2,0.2
2104,8,2,A,D,false,3,0
2104,8,3,A,E,false,4,0.9
2104,8,4,A,F,true,5,0.9
2104,8,5,A,G,false,6,0.7
2104,8,6,A,H,true,7,0.9
2104,8,7,B,C,true,1,1
2104,8,8,B,D,false,2,0.2
2104,8,9,B,E,true,3,1
2104,8,10,B,F,false,4,1
2104,8,11,B,G,false,5,1
2104,8,12,B,H,false,6,1
2104,8,13,C,D,false,1,0
2104,8,14,C,E,false,2,0.8
2104,8,15,C,F,false,3,0.6
2104,8,16,C,G,true,4,0.8
2104,8,17,C,H,false,5,0.6
2104,8,18,D,E,false,1,1
2104,8,19,D,F,true,2,1
2104,8,20,D,G,true,3,1
2104,8,21,D,H,false,4,1
2104,8,22,E,F,false,1,0.1
2104,8,23,E,G,false,2,0.1
2104,8,24,E,H,true,3,0
2104,8,25,F,G,false,1,0.7
2104,8,26,F,H,false,2,0.5
2104,8,27,G,H,false,1,0.2
2104,9,0,A,B,false,1,0
2104,9,1,A,C,false,2,0
2104,9,2,A,D,false,3,0.1
2104,9,3,A,E,false,4,0.4
2104,9,4,A,F,true,5,0
2104,9,5,A,G,false,6,0.7
2104,9,6,A,H,true,7,1
2104,9,7,B,C,true,1,0.8
2104,9,8,B,D,false,2,0.9
2104,9,9,B,E,true,3,1
2104,9,10,B,F,false,4,1
2104,9,11,B,G,false,5,1
2104,9,12,B,H,false,6,1
2104,9,13,C,D,false,1,1
2104,9,14,C,E,false,2,1
2104,9,15,C,F,false,3,0.3
2104,9,16,C,G,true,4,1
2104,9,17,C,H,false,5,1
2104,9,18,D,E,false,1,0.7
2104,9,19,D,F,true,2,0.3
2104,9,20,D,G,true,3,1
2104,9,21,D,H,false,4,1
2104,9,22,E,F,false,1,0
2104,9,23,E,G,false,2,0.9
2104,9,24,E,H,true,3,1
2104,9,25,F,G,false,1,1
2104,9,26,F,H,false,2,1
2104,9,27,G,H,false,1,0.8
2104,10,0,A,B,false,1,1
2104,10,1,A,C,false,2,1
2104,10,2,A,D,false,3,1
2104,10,3,A,E,false,4,1
2104,10,4,A,F,true,5,1
2104,10,5,A,G,false,6,1
2104,10,6,A,H,true,7,1
2104,10,7,B,C,true,1,0.8
2104,10,8,B,D,false,2,1
2104,10,9,B,E,true,3,1
2104,10,10,B,F,false,4,1
2104,10,11,B,G,false,5,1
2104,10,12,B,H,false,6,1
2104,10,13,C,D,false,1,1
2104,10,14,C,E,false,2,0.9
2104,10,15,C,F,false,3,1
2104,10,16,C,G,true,4,1
2104,10,17,C,H,false,5,1
2104,10,18,D,E,false,1,0.4
2104,10,19,D,F,true,2,1
2104,10,20,D,G,true,3,1
2104,10,21,D,H,false,4,0.5
2104,10,22,E,F,false,1,0.8
2104,10,23,E,G,false,2,1
2104,10,24,E,H,true,3,1
2104,10,25,F,G,false,1,1
2104,10,26,F,H,false,2,0.8
2104,10,27,G,H,false,1,0
2104,11,0,A,B,false,1,0.9
2104,11,1,A,C,false,2,1
2104,11,2,A,D,false,3,1
2104,11,3,A,E,false,4,1
2104,11,4,A,F,true,5,1
2104,11,5,A,G,false,6,1
2104,11,6,A,H,true,7,1
2104,11,7,B,C,true,1,0.7
2104,11,8,B,D,false,2,1
2104,11,9,B,E,true,3,1
2104,11,10,B,F,false,4,1
2104,11,11,B,G,false,5,1
2104,11,12,B,H,false,6,1
2104,11,13,C,D,false,1,1
2104,11,14,C,E,false,2,1
2104,11,15,C,F,false,3,1
2104,11,16,C,G,true,4,1
2104,11,17,C,H,false,5,1
2104,11,18,D,E,false,1,0.1
2104,11,19,D,F,true,2,1
2104,11,20,D,G,true,3,1
2104,11,21,D,H,false,4,1
2104,11,22,E,F,false,1,0.8
2104,11,23,E,G,false,2,0.6
2104,11,24,E,H,true,3,1
2104,11,25,F,G,false,1,0
2104,11,26,F,H,false,2,1
2104,11,27,G,H,false,1,1
2104,12,0,A,B,false,1,1
2104,12,1,A,C,false,2,0
2104,12,2,A,D,false,3,1
2104,12,3,A,E,false,4,1
2104,12,4,A,F,true,5,1
2104,12,5,A,G,false,6,1
2104,12,6,A,H,true,7,1
2104,12,7,B,C,true,1,0.4
2104,12,8,B,D,false,2,1
2104,12,9,B,E,true,3,1
2104,12,10,B,F,false,4,1
2104,12,11,B,G,false,5,1
2104,12,12,B,H,false,6,1
2104,12,13,C,D,false,1,1
2104,12,14,C,E,false,2,1
2104,12,15,C,F,false,3,1
2104,12,16,C,G,true,4,1
2104,12,17,C,H,false,5,1
2104,12,18,D,E,false,1,0.6
2104,12,19,D,F,true,2,1
2104,12,20,D,G,true,3,1
2104,12,21,D,H,false,4,1
2104,12,22,E,F,false,1,1
2104,12,23,E,G,false,2,0.8
2104,12,24,E,H,true,3,1
2104,12,25,F,G,false,1,0
2104,12,26,F,H,false,2,0.9
2104,12,27,G,H,false,1,1
2104,13,0,A,B,false,1,1
2104,13,1,A,C,false,2,1
2104,13,2,A,D,false,3,1
2104,13,3,A,E,false,4,1
2104,13,4,A,F,true,5,1
2104,13,5,A,G,false,6,1
2104,13,6,A,H,true,7,1
2104,13,7,B,C,true,1,0.9
2104,13,8,B,D,false,2,0.8
2104,13,9,B,E,true,3,1
2104,13,10,B,F,false,4,1
2104,13,11,B,G,false,5,1
2104,13,12,B,H,false,6,1
2104,13,13,C,D,false,1,0.1
2104,13,14,C,E,false,2,0.7
2104,13,15,C,F,false,3,1
2104,13,16,C,G,true,4,1
2104,13,17,C,H,false,5,1
2104,13,18,D,E,false,1,1
2104,13,19,D,F,true,2,1
2104,13,20,D,G,true,3,1
2104,13,21,D,H,false,4,1
2104,13,22,E,F,false,1,0.8
2104,13,23,E,G,false,2,1
2104,13,24,E,H,true,3,1
2104,13,25,F,G,false,1,1
2104,13,26,F,H,false,2,1
2104,13,27,G,H,false,1,1
2104,14,0,A,B,false,1,1
2104,14,1,A,C,false,2,1
2104,14,2,A,D,false,3,1
2104,14,3,A,E,false,4,1
2104,14,4,A,F,true,5,1
2104,14,5,A,G,false,6,1
2104,14,6,A,H,true,7,1
2104,14,7,B,C,true,1,0.9
2104,14,8,B,D,false,2,0.8
2104,14,9,B,E,true,3,1
2104,14,10,B,F,false,4,1
2104,14,11,B,G,false,5,1
2104,14,12,B,H,false,6,1
2104,14,13,C,D,false,1,0.5
2104,14,14,C,E,false,2,1
2104,14,15,C,F,false,3,1
2104,14,16,C,G,true,4,1
2104,14,17,C,H,false,5,1
2104,14,18,D,E,false,1,1
2104,14,19,D,F,true,2,1
2104,14,20,D,G,true,3,1
2104,14,21,D,H,false,4,1
2104,14,22,E,F,false,1,0
2104,14,23,E,G,false,2,1
2104,14,24,E,H,true,3,1
2104,14,25,F,G,false,1,1
2104,14,26,F,H,false,2,1
2104,14,27,G,H,false,1,1
2104,15,0,A,B,false,1,1
2104,15,1,A,C,false,2,1
2104,15,2,A,D,false,3,1
2104,15,3,A,E,false,4,1
2104,15,4,A,F,true,5,1
2104,15,5,A,G,false,6,1
2104,15,6,A,H,true,7,1
2104,15,7,B,C,true,1,1
2104,15,8,B,D,false,2,1
2104,15,9,B,E,true,3,1
2104,15,10,B,F,false,4,1
2104,15,11,B,G,false,5,1
2104,15,12,B,H,false,6,1
2104,15,13,C,D,false,1,0.3
2104,15,14,C,E,false,2,0
2104,15,15,C,F,false,3,1
2104,15,16,C,G,true,4,1
2104,15,17,C,H,false,5,1
2104,15,18,D,E,false,1,0
2104,15,19,D,F,true,2,1
2104,15,20,D,G,true,3,1
2104,15,21,D,H,false,4,1
2104,15,22,E,F,false,1,1
2104,15,23,E,G,false,2,1
2104,15,24,E,H,true,3,1
2104,15,25,F,G,false,1,0.8
2104,15,26,F,H,false,2,0.8
2104,15,27,G,H,false,1,0.8
2104,16,0,A,B,false,1,0
2104,16,1,A,C,false,2,0.5
2104,16,2,A,D,false,3,0
2104,16,3,A,E,false,4,0
2104,16,4,A,F,true,5,0.8
2104,16,5,A,G,false,6,0.7
2104,16,6,A,H,true,7,1
2104,16,7,B,C,true,1,1
2104,16,8,B,D,false,2,0
2104,16,9,B,E,true,3,0
2104,16,10,B,F,false,4,1
2104,16,11,B,G,false,5,1
2104,16,12,B,H,false,6,1
2104,16,13,C,D,false,1,0
2104,16,14,C,E,false,2,0
2104,16,15,C,F,false,3,0.7
2104,16,16,C,G,true,4,1
2104,16,17,C,H,false,5,0.8
2104,16,18,D,E,false,1,0.8
2104,16,19,D,F,true,2,1
2104,16,20,D,G,true,3,1
2104,16,21,D,H,false,4,1
2104,16,22,E,F,false,1,1
2104,16,23,E,G,false,2,1
2104,16,24,E,H,true,3,1
2104,16,25,F,G,false,1,0.5
2104,16,26,F,H,false,2,0.7
2104,16,27,G,H,false,1,0.6
2104,17,0,A,B,false,1,1
2104,17,1,A,C,false,2,1
2104,17,2,A,D,false,3,1
2104,17,3,A,E,false,4,1
2104,17,4,A,F,true,5,1
2104,17,5,A,G,false,6,1
2104,17,6,A,H,true,7,1
2104,17,7,B,C,true,1,1
2104,17,8,B,D,false,2,1
2104,17,9,B,E,true,3,1
2104,17,10,B,F,false,4,1
2104,17,11,B,G,false,5,1
2104,17,12,B,H,false,6,1
2104,17,13,C,D,false,1,0.2
2104,17,14,C,E,false,2,1
2104,17,15,C,F,false,3,1
2104,17,16,C,G,true,4,1
2104,17,17,C,H,false,5,1
2104,17,18,D,E,false,1,1
2104,17,19,D,F,true,2,1
2104,17,20,D,G,true,3,1
2104,17,21,D,H,false,4,1
2104,17,22,E,F,false,1,0.9
2104,17,23,E,G,false,2,1
2104,17,24,E,H,true,3,1
2104,17,25,F,G,false,1,1
2104,17,26,F,H,false,2,1
2104,17,27,G,H,false,1,0.1
2104,18,0,A,B,false,1,0
2104,18,1,A,C,false,2,0
2104,18,2,A,D,false,3,0
2104,18,3,A,E,false,4,0
2104,18,4,A,F,true,5,0.7
2104,18,5,A,G,false,6,0.8
2104,18,6,A,H,true,7,0.9
2104,18,7,B,C,true,1,0.7
2104,18,8,B,D,false,2,1
2104,18,9,B,E,true,3,1
2104,18,10,B,F,false,4,1
2104,18,11,B,G,false,5,1
2104,18,12,B,H,false,6,1
2104,18,13,C,D,false,1,0.9
2104,18,14,C,E,false,2,1
2104,18,15,C,F,false,3,1
2104,18,16,C,G,true,4,1
2104,18,17,C,H,false,5,1
2104,18,18,D,E,false,1,0.9
2104,18,19,D,F,true,2,1
2104,18,20,D,G,true,3,1
2104,18,21,D,H,false,4,1
2104,18,22,E,F,false,1,1
2104,18,23,E,G,false,2,1
2104,18,24,E,H,true,3,1
2104,18,25,F,G,false,1,1
2104,18,26,F,H,false,2,0.9
2104,18,27,G,H,false,1,0
2104,19,0,A,B,false,1,1
2104,19,1,A,C,false,2,1
2104,19,2,A,D,false,3,1
2104,19,3,A,E,false,4,1
2104,19,4,A,F,true,5,1
2104,19,5,A,G,false,6,1
2104,19,6,A,H,true,7,1
2104,19,7,B,C,true,1,0.5
2104,19,8,B,D,false,2,0.5
2104,19,9,B,E,true,3,0.8
2104,19,10,B,F,false,4,0.7
2104,19,11,B,G,false,5,1
2104,19,12,B,H,false,6,1
2104,19,13,C,D,false,1,1
2104,19,14,C,E,false,2,0.8
2104,19,15,C,F,false,3,1
2104,19,16,C,G,true,4,1
2104,19,17,C,H,false,5,1
2104,19,18,D,E,false,1,0.2
2104,19,19,D,F,true,2,1
2104,19,20,D,G,true,3,1
2104,19,21,D,H,false,4,1
2104,19,22,E,F,false,1,0.7
2104,19,23,E,G,false,2,1
2104,19,24,E,H,true,3,1
2104,19,25,F,G,false,1,1
2104,19,26,F,H,false,2,1
2104,19,27,G,H,false,1,0.9
2104,20,0,A,B,false,1,1
2104,20,1,A,C,false,2,1
2104,20,2,A,D,false,3,1
2104,20,3,A,E,false,4,1
2104,20,4,A,F,true,5,1
2104,20,5,A,G,false,6,1
2104,20,6,A,H,true,7,1
2104,20,7,B,C,true,1,1
2104,20,8,B,D,false,2,1
2104,20,9,B,E,true,3,1
2104,20,10,B,F,false,4,1
2104,20,11,B,G,false,5,1
2104,20,12,B,H,false,6,1
2104,20,13,C,D,false,1,0.5
2104,20,14,C,E,false,2,1
2104,20,15,C,F,false,3,1
2104,20,16,C,G,true,4,1
2104,20,17,C,H,false,5,1
2104,20,18,D,E,false,1,1
2104,20,19,D,F,true,2,1
2104,20,20,D,G,true,3,1
2104,20,21,D,H,false,4,1
2104,20,22,E,F,false,1,0.9
2104,20,23,E,G,false,2,0.9
2104,20,24,E,H,true,3,1
2104,20,25,F,G,false,1,0.4
2104,20,26,F,H,false,2,1
2104,20,27,G,H,false,1,1
2104,21,0,A,B,false,1,1
2104,21,1,A,C,false,2,0.9
2104,21,2,A,D,false,3,0.6
2104,21,3,A,E,false,4,1
2104,21,4,A,F,true,5,1
2104,21,5,A,G,false,6,1
2104,21,6,A,H,true,7,1
2104,21,7,B,C,true,1,0.3
2104,21,8,B,D,false,2,0.1
2104,21,9,B,E,true,3,1
2104,21,10,B,F,false,4,0.2
2104,21,11,B,G,false,5,0.1
2104,21,12,B,H,false,6,1
2104,21,13,C,D,false,1,0.1
2104,21,14,C,E,false,2,1
2104,21,15,C,F,false,3,0.4
2104,21,16,C,G,true,4,0.5
2104,21,17,C,H,false,5,1
2104,21,18,D,E,false,1,1
2104,21,19,D,F,true,2,1
2104,21,20,D,G,true,3,0.9
2104,21,21,D,H,false,4,1
2104,21,22,E,F,false,1,0
2104,21,23,E,G,false,2,0
2104,21,24,E,H,true,3,1
2104,21,25,F,G,false,1,1
2104,21,26,F,H,false,2,1
2104,21,27,G,H,false,1,1
2104,22,0,A,B,false,1,0.9
2104,22,1,A,C,false,2,1
2104,22,2,A,D,false,3,1
2104,22,3,A,E,false,4,1
2104,22,4,A,F,true,5,1
2104,22,5,A,G,false,6,1
2104,22,6,A,H,true,7,1
2104,22,7,B,C,true,1,0.8
2104,22,8,B,D,false,2,1
2104,22,9,B,E,true,3,1
2104,22,10,B,F,false,4,1
2104,22,11,B,G,false,5,1
2104,22,12,B,H,false,6,1
2104,22,13,C,D,false,1,1
2104,22,14,C,E,false,2,1
2104,22,15,C,F,false,3,1
2104,22,16,C,G,true,4,1
2104,22,17,C,H,false,5,1
2104,22,18,D,E,false,1,0.9
2104,22,19,D,F,true,2,1
2104,22,20,D,G,true,3,0.9
2104,22,21,D,H,false,4,1
2104,22,22,E,F,false,1,0.8
2104,22,23,E,G,false,2,1
2104,22,24,E,H,true,3,1
2104,22,25,F,G,false,1,0.8
2104,22,26,F,H,false,2,1
2104,22,27,G,H,false,1,1
2104,23,0,A,B,false,1,0.8
2104,23,1,A,C,false,2,1
2104,23,2,A,D,false,3,1
2104,23,3,A,E,false,4,1
2104,23,4,A,F,true,5,1
2104,23,5,A,G,false,6,1
2104,23,6,A,H,true,7,1
2104,23,7,B,C,true,1,0.7
2104,23,8,B,D,false,2,1
2104,23,9,B,E,true,3,1
2104,23,10,B,F,false,4,1
2104,23,11,B,G,false,5,1
2104,23,12,B,H,false,6,1
2104,23,13,C,D,false,1,1
2104,23,14,C,E,false,2,1
2104,23,15,C,F,false,3,1
2104,23,16,C,G,true,4,1
2104,23,17,C,H,false,5,1
2104,23,18,D,E,false,1,0
2104,23,19,D,F,true,2,1
2104,23,20,D,G,true,3,1
2104,23,21,D,H,false,4,1
2104,23,22,E,F,false,1,1
2104,23,23,E,G,false,2,1
2104,23,24,E,H,true,3,1
2104,23,25,F,G,false,1,0
2104,23,26,F,H,false,2,0
2104,23,27,G,H,false,1,0.4
2104,24,0,A,B,false,1,0.9
2104,24,1,A,C,false,2,1
2104,24,2,A,D,false,3,1
2104,24,3,A,E,false,4,1
2104,24,4,A,F,true,5,1
2104,24,5,A,G,false,6,1
2104,24,6,A,H,true,7,1
2104,24,7,B,C,true,1,0.9
2104,24,8,B,D,false,2,1
2104,24,9,B,E,true,3,1
2104,24,10,B,F,false,4,1
2104,24,11,B,G,false,5,1
2104,24,12,B,H,false,6,1
2104,24,13,C,D,false,1,0.8
2104,24,14,C,E,false,2,1
2104,24,15,C,F,false,3,1
2104,24,16,C,G,true,4,1
2104,24,17,C,H,false,5,1
2104,24,18,D,E,false,1,1
2104,24,19,D,F,true,2,1
2104,24,20,D,G,true,3,1
2104,24,21,D,H,false,4,1
2104,24,22,E,F,false,1,1
2104,24,23,E,G,false,2,0.8
2104,24,24,E,H,true,3,1
2104,24,25,F,G,false,1,0.5
2104,24,26,F,H,false,2,1
2104,24,27,G,H,false,1,1
2104,25,0,A,B,false,1,0.4
2104,25,1,A,C,false,2,1
2104,25,2,A,D,false,3,1
2104,25,3,A,E,false,4,1
2104,25,4,A,F,true,5,1
2104,25,5,A,G,false,6,1
2104,25,6,A,H,true,7,1
2104,25,7,B,C,true,1,1
2104,25,8,B,D,false,2,1
2104,25,9,B,E,true,3,1
2104,25,10,B,F,false,4,1
2104,25,11,B,G,false,5,1
2104,25,12,B,H,false,6,1
2104,25,13,C,D,false,1,1
2104,25,14,C,E,false,2,1
2104,25,15,C,F,false,3,1
2104,25,16,C,G,true,4,1
2104,25,17,C,H,false,5,1
2104,25,18,D,E,false,1,0.6
2104,25,19,D,F,true,2,1
2104,25,20,D,G,true,3,1
2104,25,21,D,H,false,4,1
2104,25,22,E,F,false,1,1
2104,25,23,E,G,false,2,1
2104,25,24,E,H,true,3,1
2104,25,25,F,G,false,1,0.5
2104,25,26,F,H,false,2,1
2104,25,27,G,H,false,1,1
2104,26,0,A,B,false,1,1
2104,26,1,A,C,false,2,1
2104,26,2,A,D,false,3,1
2104,26,3,A,E,false,4,1
2104,26,4,A,F,true,5,1
2104,26,5,A,G,false,6,1
2104,26,6,A,H,true,7,1
2104,26,7,B,C,true,1,0.2
2104,26,8,B,D,false,2,0.1
2104,26,9,B,E,true,3,1
2104,26,10,B,F,false,4,0.9
2104,26,11,B,G,false,5,1
2104,26,12,B,H,false,6,1
2104,26,13,C,D,false,1,0
2104,26,14,C,E,false,2,1
2104,26,15,C,F,false,3,1
2104,26,16,C,G,true,4,1
2104,26,17,C,H,false,5,1
2104,26,18,D,E,false,1,1
2104,26,19,D,F,true,2,1
2104,26,20,D,G,true,3,1
2104,26,21,D,H,false,4,1
2104,26,22,E,F,false,1,0
2104,26,23,E,G,false,2,0.5
2104,26,24,E,H,true,3,1
2104,26,25,F,G,false,1,1
2104,26,26,F,H,false,2,1
2104,26,27,G,H,false,1,1
2104,27,0,A,B,false,1,1
2104,27,1,A,C,false,2,1
2104,27,2,A,D,false,3,0.7
2104,27,3,A,E,false,4,1
2104,27,4,A,F,true,5,1
2104,27,5,A,G,false,6,1
2104,27,6,A,H,true,7,1
2104,27,7,B,C,true,1,1
2104,27,8,B,D,false,2,0
2104,27,9,B,E,true,3,1
2104,27,10,B,F,false,4,0.6
2104,27,11,B,G,false,5,1
2104,27,12,B,H,false,6,1
2104,27,13,C,D,false,1,0
2104,27,14,C,E,false,2,0.5
2104,27,15,C,F,false,3,0
2104,27,16,C,G,true,4,0.9
2104,27,17,C,H,false,5,1
2104,27,18,D,E,false,1,1
2104,27,19,D,F,true,2,1
2104,27,20,D,G,true,3,1
2104,27,21,D,H,false,4,1
2104,27,22,E,F,false,1,0.2
2104,27,23,E,G,false,2,0.5
2104,27,24,E,H,true,3,1
2104,27,25,F,G,false,1,0.9
2104,27,26,F,H,false,2,1
2104,27,27,G,H,false,1,1
2104,28,0,A,B,false,1,0
2104,28,1,A,C,false,2,0.3
2104,28,2,A,D,false,3,0.6
2104,28,3,A,E,false,4,0.5
2104,28,4,A,F,true,5,1
2104,28,5,A,G,false,6,1
2104,28,6,A,H,true,7,0.9
2104,28,7,B,C,true,1,1
2104,28,8,B,D,false,2,1
2104,28,9,B,E,true,3,1
2104,28,10,B,F,false,4,1
2104,28,11,B,G,false,5,1
2104,28,12,B,H,false,6,1
2104,28,13,C,D,false,1,0.6
2104,28,14,C,E,false,2,0.9
2104,28,15,C,F,false,3,1
2104,28,16,C,G,true,4,1
2104,28,17,C,H,false,5,0.9
2104,28,18,D,E,false,1,0.8
2104,28,19,D,F,true,2,1
2104,28,20,D,G,true,3,1
2104,28,21,D,H,false,4,1
2104,28,22,E,F,false,1,1
2104,28,23,E,G,false,2,1
2104,28,24,E,H,true,3,1
2104,28,25,F,G,false,1,0.1
2104,28,26,F,H,false,2,0
2104,28,27,G,H,false,1,0.2
2104,29,0,A,B,false,1,1
2104,29,1,A,C,false,2,1
2104,29,2,A,D,false,3,1
2104,29,3,A,E,false,4,1
2104,29,4,A,F,true,5,1
2104,29,5,A,G,false,6,1
2104,29,6,A,H,true,7,1
2104,29,7,B,C,true,1,0.9
2104,29,8,B,D,false,2,1
2104,29,9,B,E,true,3,1
2104,29,10,B,F,false,4,1
2104,29,11,B,G,false,5,1
2104,29,12,B,H,false,6,1
2104,29,13,C,D,false,1,0.7
2104,29,14,C,E,false,2,1
2104,29,15,C,F,false,3,0.8
2104,29,16,C,G,true,4,1
2104,29,17,C,H,false,5,1
2104,29,18,D,E,false,1,1
2104,29,19,D,F,true,2,0.7
2104,29,20,D,G,true,3,1
2104,29,21,D,H,false,4,1
2104,29,22,E,F,false,1,0
2104,29,23,E,G,false,2,0.6
2104,29,24,E,H,true,3,0.1
2104,29,25,F,G,false,1,1
2104,29,26,F,H,false,2,1
2104,29,27,G,H,false,1,0.1
2104,30,0,A,B,false,1,1
2104,30,1,A,C,false,2,1
2104,30,2,A,D,false,3,1
2104,30,3,A,E,false,4,1
2104,30,4,A,F,true,5,1
2104,30,5,A,G,false,6,1
2104,30,6,A,H,true,7,1
2104,30,7,B,C,true,1,0.3
2104,30,8,B,D,false,2,1
2104,30,9,B,E,true,3,1
2104,30,10,B,F,false,4,1
2104,30,11,B,G,false,5,1
2104,30,12,B,H,false,6,1
2104,30,13,C,D,false,1,1
2104,30,14,C,E,false,2,1
2104,30,15,C,F,false,3,1
2104,30,16,C,G,true,4,1
2104,30,17,C,H,false,5,1
2104,30,18,D,E,false,1,0.5
2104,30,19,D,F,true,2,0.4
2104,30,20,D,G,true,3,1
2104,30,21,D,H,false,4,1
2104,30,22,E,F,false,1,0.8
2104,30,23,E,G,false,2,1
2104,30,24,E,H,true,3,1
2104,30,25,F,G,false,1,0.9
2104,30,26,F,H,false,2,1
2104,30,27,G,H,false,1,1
2104,31,0,A,B,false,1,0.8
2104,31,1,A,C,false,2,0.9
2104,31,2,A,D,false,3,0.5
2104,31,3,A,E,false,4,1
2104,31,4,A,F,true,5,0.9
2104,31,5,A,G,false,6,1
2104,31,6,A,H,true,7,1
2104,31,7,B,C,true,1,0.4
2104,31,8,B,D,false,2,0.5
2104,31,9,B,E,true,3,0.9
2104,31,10,B,F,false,4,0.1
2104,31,11,B,G,false,5,1
2104,31,12,B,H,false,6,1
2104,31,13,C,D,false,1,0.7
2104,31,14,C,E,false,2,0.8
2104,31,15,C,F,false,3,0.5
2104,31,16,C,G,true,4,1
2104,31,17,C,H,false,5,1
2104,31,18,D,E,false,1,0.9
2104,31,19,D,F,true,2,0.3
2104,31,20,D,G,true,3,1
2104,31,21,D,H,false,4,1
2104,31,22,E,F,false,1,0.3
2104,31,23,E,G,false,2,1
2104,31,24,E,H,true,3,1
2104,31,25,F,G,false,1,1
2104,31,26,F,H,false,2,1
2104,31,27,G,H,false,1,0.7
2104,32,0,A,B,false,1,0.8
2104,32,1,A,C,false,2,0.9
2104,32,2,A,D,false,3,1
2104,32,3,A,E,false,4,1
2104,32,4,A,F,true,5,1
2104,32,5,A,G,false,6,1
2104,32,6,A,H,true,7,1
2104,32,7,B,C,true,1,0.5
2104,32,8,B,D,false,2,1
2104,32,9,B,E,true,3,1
2104,32,10,B,F,false,4,1
2104,32,11,B,G,false,5,1
2104,32,12,B,H,false,6,0.8
2104,32,13,C,D,false,1,1
2104,32,14,C,E,false,2,1
2104,32,15,C,F,false,3,1
2104,32,16,C,G,true,4,1
2104,32,17,C,H,false,5,0.5
2104,32,18,D,E,false,1,0
2104,32,19,D,F,true,2,1
2104,32,20,D,G,true,3,1
2104,32,21,D,H,false,4,0
2104,32,22,E,F,false,1,1
2104,32,23,E,G,false,2,1
2104,32,24,E,H,true,3,0.1
2104,32,25,F,G,false,1,0
2104,32,26,F,H,false,2,0
2104,32,27,G,H,false,1,0
2104,33,0,A,B,false,1,0.4
2104,33,1,A,C,false,2,0.7
2104,33,2,A,D,false,3,1
2104,33,3,A,E,false,4,0
2104,33,4,A,F,true,5,1
2104,33,5,A,G,false,6,1
2104,33,6,A,H,true,7,0.9
2104,33,7,B,C,true,1,1
2104,33,8,B,D,false,2,1
2104,33,9,B,E,true,3,0.1
2104,33,10,B,F,false,4,1
2104,33,11,B,G,false,5,1
2104,33,12,B,H,false,6,1
2104,33,13,C,D,false,1,0.5
2104,33,14,C,E,false,2,0
2104,33,15,C,F,false,3,1
2104,33,16,C,G,true,4,1
2104,33,17,C,H,false,5,1
2104,33,18,D,E,false,1,0
2104,33,19,D,F,true,2,1
2104,33,20,D,G,true,3,1
2104,33,21,D,H,false,4,1
2104,33,22,E,F,false,1,1
2104,33,23,E,G,false,2,1
2104,33,24,E,H,true,3,1
2104,33,25,F,G,false,1,0.4
2104,33,26,F,H,false,2,0
2104,33,27,G,H,false,1,0
2104,34,0,A,B,false,1,1
2104,34,1,A,C,false,2,1
2104,34,2,A,D,false,3,1
2104,34,3,A,E,false,4,1
2104,34,4,A,F,true,5,1
2104,34,5,A,G,false,6,1
2104,34,6,A,H,true,7,1
2104,34,7,B,C,true,1,0.7
2104,34,8,B,D,false,2,1
2104,34,9,B,E,true,3,1
2104,34,10,B,F,false,4,1
2104,34,11,B,G,false,5,1
2104,34,12,B,H,false,6,1
2104,34,13,C,D,false,1,0.9
2104,34,14,C,E,false,2,0.9
2104,34,15,C,F,false,3,1
2104,34,16,C,G,true,4,1
2104,34,17,C,H,false,5,1
2104,34,18,D,E,false,1,1
2104,34,19,D,F,true,2,0.9
2104,34,20,D,G,true,3,1
2104,34,21,D,H,false,4,1
2104,34,22,E,F,false,1,0.9
2104,34,23,E,G,false,2,1
2104,34,24,E,H,true,3,1
2104,34,25,F,G,false,1,1
2104,34,26,F,H,false,2,1
2104,34,27,G,H,false,1,1
2104,35,0,A,B,false,1,0.6
2104,35,1,A,C,false,2,1
2104,35,2,A,D,false,3,0.8
2104,35,3,A,E,false,4,1
2104,35,4,A,F,true,5,1
2104,35,5,A,G,false,6,1
2104,35,6,A,H,true,7,1
2104,35,7,B,C,true,1,1
2104,35,8,B,D,false,2,0.2
2104,35,9,B,E,true,3,1
2104,35,10,B,F,false,4,1
2104,35,11,B,G,false,5,1
2104,35,12,B,H,false,6,1
2104,35,13,C,D,false,1,0
2104,35,14,C,E,false,2,0.9
2104,35,15,C,F,false,3,0.1
2104,35,16,C,G,true,4,0.9
2104,35,17,C,H,false,5,1
2104,35,18,D,E,false,1,1
2104,35,19,D,F,true,2,1
2104,35,20,D,G,true,3,1
2104,35,21,D,H,false,4,1
2104,35,22,E,F,false,1,0.1
2104,35,23,E,G,false,2,0.8
2104,35,24,E,H,true,3,1
2104,35,25,F,G,false,1,1
2104,35,26,F,H,false,2,1
2104,35,27,G,H,false,1,1
2104,36,0,A,B,false,1,0.4
2104,36,1,A,C,false,2,1
2104,36,2,A,D,false,3,0.9
2104,36,3,A,E,false,4,1
2104,36,4,A,F,true,5,1
2104,36,5,A,G,false,6,1
2104,36,6,A,H,true,7,1
2104,36,7,B,C,true,1,1
2104,36,8,B,D,false,2,1
2104,36,9,B,E,true,3,1
2104,36,10,B,F,false,4,1
2104,36,11,B,G,false,5,1
2104,36,12,B,H,false,6,1
2104,36,13,C,D,false,1,0.1
2104,36,14,C,E,false,2,1
2104,36,15,C,F,false,3,0.9
2104,36,16,C,G,true,4,1
2104,36,17,C,H,false,5,1
2104,36,18,D,E,false,1,1
2104,36,19,D,F,true,2,1
2104,36,20,D,G,true,3,1
2104,36,21,D,H,false,4,1
2104,36,22,E,F,false,1,0
2104,36,23,E,G,false,2,1
2104,36,24,E,H,true,3,1
2104,36,25,F,G,false,1,1
2104,36,26,F,H,false,2,1
2104,36,27,G,H,false,1,0.3
2104,37,0,A,B,false,1,0.6
2104,37,1,A,C,false,2,1
2104,37,2,A,D,false,3,1
2104,37,3,A,E,false,4,0.9
2104,37,4,A,F,true,5,1
2104,37,5,A,G,false,6,1
2104,37,6,A,H,true,7,1
2104,37,7,B,C,true,1,0.9
2104,37,8,B,D,false,2,1
2104,37,9,B,E,true,3,1
2104,37,10,B,F,false,4,1
2104,37,11,B,G,false,5,1
2104,37,12,B,H,false,6,1
2104,37,13,C,D,false,1,0.8
2104,37,14,C,E,false,2,0.2
2104,37,15,C,F,false,3,1
2104,37,16,C,G,true,4,0.9
2104,37,17,C,H,false,5,1
2104,37,18,D,E,false,1,0
2104,37,19,D,F,true,2,1
2104,37,20,D,G,true,3,0.7
2104,37,21,D,H,false,4,0.8
2104,37,22,E,F,false,1,1
2104,37,23,E,G,false,2,1
2104,37,24,E,H,true,3,1
2104,37,25,F,G,false,1,0
2104,37,26,F,H,false,2,0
2104,37,27,G,H,false,1,0.6
2104,38,0,A,B,false,1,1
2104,38,1,A,C,false,2,1
2104,38,2,A,D,false,3,1
2104,38,3,A,E,false,4,1
2104,38,4,A,F,true,5,1
2104,38,5,A,G,false,6,1
2104,38,6,A,H,true,7,1
2104,38,7,B,C,true,1,1
2104,38,8,B,D,false,2,1
2104,38,9,B,E,true,3,1
2104,38,10,B,F,false,4,1
2104,38,11,B,G,false,5,1
2104,38,12,B,H,false,6,1
2104,38,13,C,D,false,1,1
2104,38,14,C,E,false,2,1
2104,38,15,C,F,false,3,1
2104,38,16,C,G,true,4,1
2104,38,17,C,H,false,5,1
2104,38,18,D,E,false,1,1
2104,38,19,D,F,true,2,1
2104,38,20,D,G,true,3,1
2104,38,21,D,H,false,4,1
2104,38,22,E,F,false,1,0.6
2104,38,23,E,G,false,2,1
2104,38,24,E,H,true,3,1
2104,38,25,F,G,false,1,1
2104,38,26,F,H,false,2,1
2104,38,27,G,H,false,1,1
2104,39,0,A,B,false,1,0
2104,39,1,A,C,false,2,0
2104,39,2,A,D,false,3,0.1
2104,39,3,A,E,false,4,0
2104,39,4,A,F,true,5,1
2104,39,5,A,G,false,6,1
2104,39,6,A,H,true,7,0.9
2104,39,7,B,C,true,1,0.3
2104,39,8,B,D,false,2,1
2104,39,9,B,E,true,3,0.6
2104,39,10,B,F,false,4,1
2104,39,11,B,G,false,5,1
2104,39,12,B,H,false,6,1
2104,39,13,C,D,false,1,1
2104,39,14,C,E,false,2,0.4
2104,39,15,C,F,false,3,1
2104,39,16,C,G,true,4,1
2104,39,17,C,H,false,5,1
2104,39,18,D,E,false,1,0
2104,39,19,D,F,true,2,1
2104,39,20,D,G,true,3,1
2104,39,21,D,H,false,4,0.8
2104,39,22,E,F,false,1,1
2104,39,23,E,G,false,2,1
2104,39,24,E,H,true,3,1
2104,39,25,F,G,false,1,0
2104,39,26,F,H,false,2,0
2104,39,27,G,H,false,1,0
2104,40,0,A,B,false,1,0.9
2104,40,1,A,C,false,2,1
2104,40,2,A,D,false,3,1
2104,40,3,A,E,false,4,1
2104,40,4,A,F,true,5,1
2104,40,5,A,G,false,6,1
2104,40,6,A,H,true,7,1
2104,40,7,B,C,true,1,0.7
2104,40,8,B,D,false,2,1
2104,40,9,B,E,true,3,1
2104,40,10,B,F,false,4,1
2104,40,11,B,G,false,5,1
2104,40,12,B,H,false,6,1
2104,40,13,C,D,false,1,0.6
2104,40,14,C,E,false,2,0.7
2104,40,15,C,F,false,3,1
2104,40,16,C,G,true,4,1
2104,40,17,C,H,false,5,1
2104,40,18,D,E,false,1,0.3
2104,40,19,D,F,true,2,1
2104,40,20,D,G,true,3,1
2104,40,21,D,H,false,4,1
2104,40,22,E,F,false,1,1
2104,40,23,E,G,false,2,1
2104,40,24,E,H,true,3,1
2104,40,25,F,G,false,1,1
2104,40,26,F,H,false,2,0.6
2104,40,27,G,H,false,1,0
2104,41,0,A,B,false,1,0.6
2104,41,1,A,C,false,2,1
2104,41,2,A,D,false,3,0.9
2104,41,3,A,E,false,4,1
2104,41,4,A,F,true,5,0.9
2104,41,5,A,G,false,6,1
2104,41,6,A,H,true,7,1
2104,41,7,B,C,true,1,1
2104,41,8,B,D,false,2,0.9
2104,41,9,B,E,true,3,1
2104,41,10,B,F,false,4,1
2104,41,11,B,G,false,5,1
2104,41,12,B,H,false,6,1
2104,41,13,C,D,false,1,0.1
2104,41,14,C,E,false,2,1
2104,41,15,C,F,false,3,0.1
2104,41,16,C,G,true,4,1
2104,41,17,C,H,false,5,1
2104,41,18,D,E,false,1,1
2104,41,19,D,F,true,2,0.8
2104,41,20,D,G,true,3,1
2104,41,21,D,H,false,4,1
2104,41,22,E,F,false,1,0
2104,41,23,E,G,false,2,1
2104,41,24,E,H,true,3,1
2104,41,25,F,G,false,1,1
2104,41,26,F,H,false,2,1
2104,41,27,G,H,false,1,0.2
2104,42,0,A,B,false,1,0
2104,42,1,A,C,false,2,0
2104,42,2,A,D,false,3,0
2104,42,3,A,E,false,4,0.3
2104,42,4,A,F,true,5,0.7
2104,42,5,A,G,false,6,1
2104,42,6,A,H,true,7,0.8
2104,42,7,B,C,true,1,1
2104,42,8,B,D,false,2,1
2104,42,9,B,E,true,3,1
2104,42,10,B,F,false,4,1
2104,42,11,B,G,false,5,1
2104,42,12,B,H,false,6,1
2104,42,13,C,D,false,1,1
2104,42,14,C,E,false,2,1
2104,42,15,C,F,false,3,1
2104,42,16,C,G,true,4,1
2104,42,17,C,H,false,5,1
2104,42,18,D,E,false,1,0.6
2104,42,19,D,F,true,2,1
2104,42,20,D,G,true,3,1
2104,42,21,D,H,false,4,1
2104,42,22,E,F,false,1,1
2104,42,23,E,G,false,2,1
2104,42,24,E,H,true,3,1
2104,42,25,F,G,false,1,1
2104,42,26,F,H,false,2,0.3
2104,42,27,G,H,false,1,0
2104,43,0,A,B,false,1,1
2104,43,1,A,C,false,2,1
2104,43,2,A,D,false,3,1
2104,43,3,A,E,false,4,1
2104,43,4,A,F,true,5,1
2104,43,5,A,G,false,6,1
2104,43,6,A,H,true,7,1
2104,43,7,B,C,true,1,0.5
2104,43,8,B,D,false,2,0.6
2104,43,9,B,E,true,3,1
2104,43,10,B,F,false,4,1
2104,43,11,B,G,false,5,1
2104,43,12,B,H,false,6,1
2104,43,13,C,D,false,1,0.3
2104,43,14,C,E,false,2,1
2104,43,15,C,F,false,3,1
2104,43,16,C,G,true,4,1
2104,43,17,C,H,false,5,1
2104,43,18,D,E,false,1,1
2104,43,19,D,F,true,2,1
2104,43,20,D,G,true,3,1
2104,43,21,D,H,false,4,1
2104,43,22,E,F,false,1,0.5
2104,43,23,E,G,false,2,0.1
2104,43,24,E,H,true,3,1
2104,43,25,F,G,false,1,0.9
2104,43,26,F,H,false,2,1
2104,43,27,G,H,false,1,1
2104,44,0,A,B,false,1,0
2104,44,1,A,C,false,2,0
2104,44,2,A,D,false,3,1
2104,44,3,A,E,false,4,0
2104,44,4,A,F,true,5,1
2104,44,5,A,G,false,6,1
2104,44,6,A,H,true,7,1
2104,44,7,B,C,true,1,1
2104,44,8,B,D,false,2,1
2104,44,9,B,E,true,3,1
2104,44,10,B,F,false,4,1
2104,44,11,B,G,false,5,1
2104,44,12,B,H,false,6,1
2104,44,13,C,D,false,1,1
2104,44,14,C,E,false,2,1
2104,44,15,C,F,false,3,1
2104,44,16,C,G,true,4,1
2104,44,17,C,H,false,5,1
2104,44,18,D,E,false,1,0
2104,44,19,D,F,true,2,1
2104,44,20,D,G,true,3,0.4
2104,44,21,D,H,false,4,0.6
2104,44,22,E,F,false,1,1
2104,44,23,E,G,false,2,1
2104,44,24,E,H,true,3,1
2104,44,25,F,G,false,1,0
2104,44,26,F,H,false,2,0
2104,44,27,G,H,false,1,0.8
2104,45,0,A,B,false,1,0
2104,45,1,A,C,false,2,0.9
2104,45,2,A,D,false,3,1
2104,45,3,A,E,false,4,0.9
2104,45,4,A,F,true,5,1
2104,45,5,A,G,false,6,1
2104,45,6,A,H,true,7,1
2104,45,7,B,C,true,1,1
2104,45,8,B,D,false,2,1
2104,45,9,B,E,true,3,1
2104,45,10,B,F,false,4,1
2104,45,11,B,G,false,5,1
2104,45,12,B,H,false,6,1
2104,45,13,C,D,false,1,1
2104,45,14,C,E,false,2,0.6
2104,45,15,C,F,false,3,1
2104,45,16,C,G,true,4,1
2104,45,17,C,H,false,5,0.7
2104,45,18,D,E,false,1,0
2104,45,19,D,F,true,2,1
2104,45,20,D,G,true,3,1
2104,45,21,D,H,false,4,0
2104,45,22,E,F,false,1,1
2104,45,23,E,G,false,2,1
2104,45,24,E,H,true,3,0.9
2104,45,25,F,G,false,1,1
2104,45,26,F,H,false,2,0
2104,45,27,G,H,false,1,0
2104,46,0,A,B,false,1,0.3
2104,46,1,A,C,false,2,1
2104,46,2,A,D,false,3,1
2104,46,3,A,E,false,4,0
2104,46,4,A,F,true,5,1
2104,46,5,A,G,false,6,1
2104,46,6,A,H,true,7,1
2104,46,7,B,C,true,1,1
2104,46,8,B,D,false,2,1
2104,46,9,B,E,true,3,0.1
2104,46,10,B,F,false,4,1
2104,46,11,B,G,false,5,1
2104,46,12,B,H,false,6,0.8
2104,46,13,C,D,false,1,0.4
2104,46,14,C,E,false,2,0
2104,46,15,C,F,false,3,1
2104,46,16,C,G,true,4,1
2104,46,17,C,H,false,5,0.7
2104,46,18,D,E,false,1,0
2104,46,19,D,F,true,2,1
2104,46,20,D,G,true,3,1
2104,46,21,D,H,false,4,0.2
2104,46,22,E,F,false,1,1
2104,46,23,E,G,false,2,1
2104,46,24,E,H,true,3,1
2104,46,25,F,G,false,1,0.8
2104,46,26,F,H,false,2,0
2104,46,27,G,H,false,1,0
2104,47,0,A,B,false,1,1
2104,47,1,A,C,false,2,1
2104,47,2,A,D,false,3,1
2104,47,3,A,E,false,4,1
2104,47,4,A,F,true,5,1
2104,47,5,A,G,false,6,1
2104,47,6,A,H,true,7,1
2104,47,7,B,C,true,1,0.8
2104,47,8,B,D,false,2,1
2104,47,9,B,E,true,3,0.9
2104,47,10,B,F,false,4,1
2104,47,11,B,G,false,5,1
2104,47,12,B,H,false,6,1
2104,47,13,C,D,false,1,1
2104,47,14,C,E,false,2,0.5
2104,47,15,C,F,false,3,1
2104,47,16,C,G,true,4,1
2104,47,17,C,H,false,5,1
2104,47,18,D,E,false,1,0.1
2104,47,19,D,F,true,2,1
2104,47,20,D,G,true,3,1
2104,47,21,D,H,false,4,1
2104,47,22,E,F,false,1,1
2104,47,23,E,G,false,2,1
2104,47,24,E,H,true,3,1
2104,47,25,F,G,false,1,0.2
2104,47,26,F,H,false,2,0.7
2104,47,27,G,H,false,1,1
2104,48,0,A,B,false,1,0
2104,48,1,A,C,false,2,0
2104,48,2,A,D,false,3,0
2104,48,3,A,E,false,4,1
2104,48,4,A,F,true,5,0.8
2104,48,5,A,G,false,6,1
2104,48,6,A,H,true,7,1
2104,48,7,B,C,true,1,0.9
2104,48,8,B,D,false,2,0.8
2104,48,9,B,E,true,3,1
2104,48,10,B,F,false,4,1
2104,48,11,B,G,false,5,1
2104,48,12,B,H,false,6,1
2104,48,13,C,D,false,1,0.4
2104,48,14,C,E,false,2,1
2104,48,15,C,F,false,3,1
2104,48,16,C,G,true,4,1
2104,48,17,C,H,false,5,1
2104,48,18,D,E,false,1,1
2104,48,19,D,F,true,2,1
2104,48,20,D,G,true,3,1
2104,48,21,D,H,false,4,1
2104,48,22,E,F,false,1,0
2104,48,23,E,G,false,2,0.7
2104,48,24,E,H,true,3,1
2104,48,25,F,G,false,1,1
2104,48,26,F,H,false,2,1
2104,48,27,G,H,false,1,1
2104,49,0,A,B,false,1,0.9
2104,49,1,A,C,false,2,0.4
2104,49,2,A,D,false,3,0.7
2104,49,3,A,E,false,4,1
2104,49,4,A,F,true,5,1
2104,49,5,A,G,false,6,1
2104,49,6,A,H,true,7,1
2104,49,7,B,C,true,1,0.5
2104,49,8,B,D,false,2,0.6
2104,49,9,B,E,true,3,1
2104,49,10,B,F,false,4,0.6
2104,49,11,B,G,false,5,1
2104,49,12,B,H,false,6,1
2104,49,13,C,D,false,1,0.7
2104,49,14,C,E,false,2,1
2104,49,15,C,F,false,3,0.8
2104,49,16,C,G,true,4,1
2104,49,17,C,H,false,5,1
2104,49,18,D,E,false,1,1
2104,49,19,D,F,true,2,0.8
2104,49,20,D,G,true,3,1
2104,49,21,D,H,false,4,1
2104,49,22,E,F,false,1,0
2104,49,23,E,G,false,2,1
2104,49,24,E,H,true,3,1
2104,49,25,F,G,false,1,1
2104,49,26,F,H,false,2,1
2104,49,27,G,H,false,1,1
2104,50,0,A,B,false,1,1
2104,50,1,A,C,false,2,1
2104,50,2,A,D,false,3,1
2104,50,3,A,E,false,4,1
2104,50,4,A,F,true,5,0.6
2104,50,5,A,G,false,6,1
2104,50,6,A,H,true,7,1
2104,50,7,B,C,true,1,1
2104,50,8,B,D,false,2,0.8
2104,50,9,B,E,true,3,1
2104,50,10,B,F,false,4,0
2104,50,11,B,G,false,5,1
2104,50,12,B,H,false,6,1
2104,50,13,C,D,false,1,0.1
2104,50,14,C,E,false,2,1
2104,50,15,C,F,false,3,0
2104,50,16,C,G,true,4,1
2104,50,17,C,H,false,5,1
2104,50,18,D,E,false,1,1
2104,50,19,D,F,true,2,0
2104,50,20,D,G,true,3,1
2104,50,21,D,H,false,4,1
2104,50,22,E,F,false,1,0
2104,50,23,E,G,false,2,0.7
2104,50,24,E,H,true,3,1
2104,50,25,F,G,false,1,1
2104,50,26,F,H,false,2,1
2104,50,27,G,H,false,1,1
2104,51,0,A,B,false,1,1
2104,51,1,A,C,false,2,1
2104,51,2,A,D,false,3,1
2104,51,3,A,E,false,4,1
2104,51,4,A,F,true,5,1
2104,51,5,A,G,false,6,1
2104,51,6,A,H,true,7,1
2104,51,7,B,C,true,1,1
2104,51,8,B,D,false,2,0.9
2104,51,9,B,E,true,3,1
2104,51,10,B,F,false,4,1
2104,51,11,B,G,false,5,1
2104,51,12,B,H,false,6,1
2104,51,13,C,D,false,1,0
2104,51,14,C,E,false,2,0.9
2104,51,15,C,F,false,3,0.4
2104,51,16,C,G,true,4,1
2104,51,17,C,H,false,5,1
2104,51,18,D,E,false,1,1
2104,51,19,D,F,true,2,1
2104,51,20,D,G,true,3,1
2104,51,21,D,H,false,4,1
2104,51,22,E,F,false,1,0.1
2104,51,23,E,G,false,2,0.9
2104,51,24,E,H,true,3,0.7
2104,51,25,F,G,false,1,1
2104,51,26,F,H,false,2,1
2104,51,27,G,H,false,1,0.6
2104,52,0,A,B,false,1,1
2104,52,1,A,C,false,2,1
2104,52,2,A,D,false,3,1
2104,52,3,A,E,false,4,1
2104,52,4,A,F,true,5,1
2104,52,5,A,G,false,6,1
2104,52,6,A,H,true,7,1
2104,52,7,B,C,true,1,0.5
2104,52,8,B,D,false,2,0.7
2104,52,9,B,E,true,3,0.4
2104,52,10,B,F,false,4,0.9
2104,52,11,B,G,false,5,1
2104,52,12,B,H,false,6,1
2104,52,13,C,D,false,1,0.5
2104,52,14,C,E,false,2,0
2104,52,15,C,F,false,3,0.2
2104,52,16,C,G,true,4,1
2104,52,17,C,H,false,5,1
2104,52,18,D,E,false,1,0
2104,52,19,D,F,true,2,0.9
2104,52,20,D,G,true,3,1
2104,52,21,D,H,false,4,1
2104,52,22,E,F,false,1,1
2104,52,23,E,G,false,2,1
2104,52,24,E,H,true,3,1
2104,52,25,F,G,false,1,1
2104,52,26,F,H,false,2,1
2104,52,27,G,H,false,1,0.3
2104,53,0,A,B,false,1,0.8
2104,53,1,A,C,false,2,1
2104,53,2,A,D,false,3,1
2104,53,3,A,E,false,4,1
2104,53,4,A,F,true,5,1
2104,53,5,A,G,false,6,1
2104,53,6,A,H,true,7,1
2104,53,7,B,C,true,1,1
2104,53,8,B,D,false,2,1
2104,53,9,B,E,true,3,1
2104,53,10,B,F,false,4,1
2104,53,11,B,G,false,5,1
2104,53,12,B,H,false,6,1
2104,53,13,C,D,false,1,1
2104,53,14,C,E,false,2,1
2104,53,15,C,F,false,3,1
2104,53,16,C,G,true,4,1
2104,53,17,C,H,false,5,1
2104,53,18,D,E,false,1,1
2104,53,19,D,F,true,2,1
2104,53,20,D,G,true,3,0.2
2104,53,21,D,H,false,4,1
2104,53,22,E,F,false,1,0.2
2104,53,23,E,G,false,2,0
2104,53,24,E,H,true,3,1
2104,53,25,F,G,false,1,0
2104,53,26,F,H,false,2,1
2104,53,27,G,H,false,1,1
2104,54,0,A,B,false,1,1
2104,54,1,A,C,false,2,1
2104,54,2,A,D,false,3,1
2104,54,3,A,E,false,4,1
2104,54,4,A,F,true,5,1
2104,54,5,A,G,false,6,1
2104,54,6,A,H,true,7,1
2104,54,7,B,C,true,1,1
2104,54,8,B,D,false,2,1
2104,54,9,B,E,true,3,1
2104,54,10,B,F,false,4,1
2104,54,11,B,G,false,5,1
2104,54,12,B,H,false,6,1
2104,54,13,C,D,false,1,1
2104,54,14,C,E,false,2,1
2104,54,15,C,F,false,3,1
2104,54,16,C,G,true,4,1
2104,54,17,C,H,false,5,1
2104,54,18,D,E,false,1,0.4
2104,54,19,D,F,true,2,1
2104,54,20,D,G,true,3,0.5
2104,54,21,D,H,false,4,1
2104,54,22,E,F,false,1,0.7
2104,54,23,E,G,false,2,0.5
2104,54,24,E,H,true,3,1
2104,54,25,F,G,false,1,0
2104,54,26,F,H,false,2,0.9
2104,54,27,G,H,false,1,1
2104,55,0,A,B,false,1,1
2104,55,1,A,C,false,2,1
2104,55,2,A,D,false,3,1
2104,55,3,A,E,false,4,1
2104,55,4,A,F,true,5,1
2104,55,5,A,G,false,6,1
2104,55,6,A,H,true,7,1
2104,55,7,B,C,true,1,1
2104,55,8,B,D,false,2,1
2104,55,9,B,E,true,3,1
2104,55,10,B,F,false,4,1
2104,55,11,B,G,false,5,1
2104,55,12,B,H,false,6,1
2104,55,13,C,D,false,1,0
2104,55,14,C,E,false,2,0.2
2104,55,15,C,F,false,3,1
2104,55,16,C,G,true,4,1
2104,55,17,C,H,false,5,1
2104,55,18,D,E,false,1,0.2
2104,55,19,D,F,true,2,1
2104,55,20,D,G,true,3,1
2104,55,21,D,H,false,4,1
2104,55,22,E,F,false,1,1
2104,55,23,E,G,false,2,1
2104,55,24,E,H,true,3,1
2104,55,25,F,G,false,1,0.7
2104,55,26,F,H,false,2,0.9
2104,55,27,G,H,false,1,0.3
2104,56,0,A,B,false,1,1
2104,56,1,A,C,false,2,1
2104,56,2,A,D,false,3,1
2104,56,3,A,E,false,4,1
2104,56,4,A,F,true,5,1
2104,56,5,A,G,false,6,1
2104,56,6,A,H,true,7,1
2104,56,7,B,C,true,1,1
2104,56,8,B,D,false,2,1
2104,56,9,B,E,true,3,0
2104,56,10,B,F,false,4,1
2104,56,11,B,G,false,5,1
2104,56,12,B,H,false,6,1
2104,56,13,C,D,false,1,0.9
2104,56,14,C,E,false,2,0
2104,56,15,C,F,false,3,1
2104,56,16,C,G,true,4,1
2104,56,17,C,H,false,5,1
2104,56,18,D,E,false,1,0
2104,56,19,D,F,true,2,1
2104,56,20,D,G,true,3,1
2104,56,21,D,H,false,4,1
2104,56,22,E,F,false,1,1
2104,56,23,E,G,false,2,1
2104,56,24,E,H,true,3,1
2104,56,25,F,G,false,1,1
2104,56,26,F,H,false,2,0.6
2104,56,27,G,H,false,1,0
2104,57,0,A,B,false,1,0.7
2104,57,1,A,C,false,2,1
2104,57,2,A,D,false,3,1
2104,57,3,A,E,false,4,1
2104,57,4,A,F,true,5,1
2104,57,5,A,G,false,6,1
2104,57,6,A,H,true,7,1
2104,57,7,B,C,true,1,0.8
2104,57,8,B,D,false,2,1
2104,57,9,B,E,true,3,1
2104,57,10,B,F,false,4,1
2104,57,11,B,G,false,5,1
2104,57,12,B,H,false,6,1
2104,57,13,C,D,false,1,1
2104,57,14,C,E,false,2,1
2104,57,15,C,F,false,3,1
2104,57,16,C,G,true,4,1
2104,57,17,C,H,false,5,1
2104,57,18,D,E,false,1,0.7
2104,57,19,D,F,true,2,1
2104,57,20,D,G,true,3,1
2104,57,21,D,H,false,4,1
2104,57,22,E,F,false,1,1
2104,57,23,E,G,false,2,1
2104,57,24,E,H,true,3,1
2104,57,25,F,G,false,1,0.7
2104,57,26,F,H,false,2,1
2104,57,27,G,H,false,1,0.8
2104,58,0,A,B,false,1,0.3
2104,58,1,A,C,false,2,0.9
2104,58,2,A,D,false,3,0.1
2104,58,3,A,E,false,4,1
2104,58,4,A,F,true,5,1
2104,58,5,A,G,false,6,1
2104,58,6,A,H,true,7,1
2104,58,7,B,C,true,1,1
2104,58,8,B,D,false,2,0.7
2104,58,9,B,E,true,3,1
2104,58,10,B,F,false,4,1
2104,58,11,B,G,false,5,1
2104,58,12,B,H,false,6,1
2104,58,13,C,D,false,1,0.1
2104,58,14,C,E,false,2,1
2104,58,15,C,F,false,3,1
2104,58,16,C,G,true,4,1
2104,58,17,C,H,false,5,1
2104,58,18,D,E,false,1,1
2104,58,19,D,F,true,2,1
2104,58,20,D,G,true,3,1
2104,58,21,D,H,false,4,1
2104,58,22,E,F,false,1,0
2104,58,23,E,G,false,2,1
2104,58,24,E,H,true,3,1
2104,58,25,F,G,false,1,1
2104,58,26,F,H,false,2,1
2104,58,27,G,H,false,1,1
2104,59,0,A,B,false,1,1
2104,59,1,A,C,false,2,1
2104,59,2,A,D,false,3,1
2104,59,3,A,E,false,4,1
2104,59,4,A,F,true,5,1
2104,59,5,A,G,false,6,1
2104,59,6,A,H,true,7,1
2104,59,7,B,C,true,1,1
2104,59,8,B,D,false,2,0
2104,59,9,B,E,true,3,1
2104,59,10,B,F,false,4,0.6
2104,59,11,B,G,false,5,1
2104,59,12,B,H,false,6,0.9
2104,59,13,C,D,false,1,0
2104,59,14,C,E,false,2,0.3
2104,59,15,C,F,false,3,0
2104,59,16,C,G,true,4,0.4
2104,59,17,C,H,false,5,0.4
2104,59,18,D,E,false,1,1
2104,59,19,D,F,true,2,1
2104,59,20,D,G,true,3,1
2104,59,21,D,H,false,4,1
2104,59,22,E,F,false,1,0
2104,59,23,E,G,false,2,0.6
2104,59,24,E,H,true,3,0.8
2104,59,25,F,G,false,1,0.9
2104,59,26,F,H,false,2,0.6
2104,59,27,G,H,false,1,0.4
2104,60,0,A,B,false,1,1
2104,60,1,A,C,false,2,1
2104,60,2,A,D,false,3,1
2104,60,3,A,E,false,4,1
2104,60,4,A,F,true,5,1
2104,60,5,A,G,false,6,1
2104,60,6,A,H,true,7,1
2104,60,7,B,C,true,1,1
2104,60,8,B,D,false,2,0.9
2104,60,9,B,E,true,3,1
2104,60,10,B,F,false,4,1
2104,60,11,B,G,false,5,1
2104,60,12,B,H,false,6,1
2104,60,13,C,D,false,1,0.3
2104,60,14,C,E,false,2,0
2104,60,15,C,F,false,3,0.7
2104,60,16,C,G,true,4,0.6
2104,60,17,C,H,false,5,0.9
2104,60,18,D,E,false,1,0.3
2104,60,19,D,F,true,2,1
2104,60,20,D,G,true,3,1
2104,60,21,D,H,false,4,1
2104,60,22,E,F,false,1,1
2104,60,23,E,G,false,2,1
2104,60,24,E,H,true,3,1
2104,60,25,F,G,false,1,0.5
2104,60,26,F,H,false,2,0.4
2104,60,27,G,H,false,1,0.3
2104,61,0,A,B,false,1,1
2104,61,1,A,C,false,2,1
2104,61,2,A,D,false,3,0.2
2104,61,3,A,E,false,4,1
2104,61,4,A,F,true,5,1
2104,61,5,A,G,false,6,1
2104,61,6,A,H,true,7,1
2104,61,7,B,C,true,1,0.5
2104,61,8,B,D,false,2,0
2104,61,9,B,E,true,3,0.5
2104,61,10,B,F,false,4,0
2104,61,11,B,G,false,5,1
2104,61,12,B,H,false,6,1
2104,61,13,C,D,false,1,0
2104,61,14,C,E,false,2,0.9
2104,61,15,C,F,false,3,0
2104,61,16,C,G,true,4,1
2104,61,17,C,H,false,5,1
2104,61,18,D,E,false,1,1
2104,61,19,D,F,true,2,1
2104,61,20,D,G,true,3,1
2104,61,21,D,H,false,4,1
2104,61,22,E,F,false,1,0
2104,61,23,E,G,false,2,1
2104,61,24,E,H,true,3,1
2104,61,25,F,G,false,1,1
2104,61,26,F,H,false,2,1
2104,61,27,G,H,false,1,1
2104,62,0,A,B,false,1,1
2104,62,1,A,C,false,2,1
2104,62,2,A,D,false,3,1
2104,62,3,A,E,false,4,1
2104,62,4,A,F,true,5,1
2104,62,5,A,G,false,6,1
2104,62,6,A,H,true,7,1
2104,62,7,B,C,true,1,1
2104,62,8,B,D,false,2,0.3
2104,62,9,B,E,true,3,1
2104,62,10,B,F,false,4,1
2104,62,11,B,G,false,5,1
2104,62,12,B,H,false,6,1
2104,62,13,C,D,false,1,0
2104,62,14,C,E,false,2,0.9
2104,62,15,C,F,false,3,1
2104,62,16,C,G,true,4,1
2104,62,17,C,H,false,5,1
2104,62,18,D,E,false,1,1
2104,62,19,D,F,true,2,1
2104,62,20,D,G,true,3,1
2104,62,21,D,H,false,4,1
2104,62,22,E,F,false,1,1
2104,62,23,E,G,false,2,1
2104,62,24,E,H,true,3,1
2104,62,25,F,G,false,1,0.5
2104,62,26,F,H,false,2,1
2104,62,27,G,H,false,1,1
2104,63,0,A,B,false,1,1
2104,63,1,A,C,false,2,1
2104,63,2,A,D,false,3,1
2104,63,3,A,E,false,4,1
2104,63,4,A,F,true,5,1
2104,63,5,A,G,false,6,1
2104,63,6,A,H,true,7,1
2104,63,7,B,C,true,1,0.4
2104,63,8,B,D,false,2,0
2104,63,9,B,E,true,3,0.3
2104,63,10,B,F,false,4,0.9
2104,63,11,B,G,false,5,0.8
2104,63,12,B,H,false,6,0.1
2104,63,13,C,D,false,1,0.1
2104,63,14,C,E,false,2,0.9
2104,63,15,C,F,false,3,0.9
2104,63,16,C,G,true,4,1
2104,63,17,C,H,false,5,0.6
2104,63,18,D,E,false,1,1
2104,63,19,D,F,true,2,1
2104,63,20,D,G,true,3,1
2104,63,21,D,H,false,4,1
2104,63,22,E,F,false,1,1
2104,63,23,E,G,false,2,0.8
2104,63,24,E,H,true,3,0.2
2104,63,25,F,G,false,1,0.5
2104,63,26,F,H,false,2,0
2104,63,27,G,H,false,1,0
2104,64,0,A,B,false,1,0
2104,64,1,A,C,false,2,0.7
2104,64,2,A,D,false,3,0.8
2104,64,3,A,E,false,4,0.5
2104,64,4,A,F,true,5,1
2104,64,5,A,G,false,6,1
2104,64,6,A,H,true,7,1
2104,64,7,B,C,true,1,1
2104,64,8,B,D,false,2,1
2104,64,9,B,E,true,3,1
2104,64,10,B,F,false,4,1
2104,64,11,B,G,false,5,1
2104,64,12,B,H,false,6,1
2104,64,13,C,D,false,1,0.6
2104,64,14,C,E,false,2,0.5
2104,64,15,C,F,false,3,0.9
2104,64,16,C,G,true,4,1
2104,64,17,C,H,false,5,1
2104,64,18,D,E,false,1,0.5
2104,64,19,D,F,true,2,0.4
2104,64,20,D,G,true,3,1
2104,64,21,D,H,false,4,1
2104,64,22,E,F,false,1,1
2104,64,23,E,G,false,2,1
2104,64,24,E,H,true,3,1
2104,64,25,F,G,false,1,1
2104,64,26,F,H,false,2,1
2104,64,27,G,H,false,1,1
2104,65,0,A,B,false,1,1
2104,65,1,A,C,false,2,1
2104,65,2,A,D,false,3,1
2104,65,3,A,E,false,4,1
2104,65,4,A,F,true,5,1
2104,65,5,A,G,false,6,1
2104,65,6,A,H,true,7,1
2104,65,7,B,C,true,1,0.7
2104,65,8,B,D,false,2,0.8
2104,65,9,B,E,true,3,1
2104,65,10,B,F,false,4,1
2104,65,11,B,G,false,5,1
2104,65,12,B,H,false,6,1
2104,65,13,C,D,false,1,0.9
2104,65,14,C,E,false,2,1
2104,65,15,C,F,false,3,1
2104,65,16,C,G,true,4,1
2104,65,17,C,H,false,5,1
2104,65,18,D,E,false,1,1
2104,65,19,D,F,true,2,1
2104,65,20,D,G,true,3,1
2104,65,21,D,H,false,4,1
2104,65,22,E,F,false,1,1
2104,65,23,E,G,false,2,1
2104,65,24,E,H,true,3,1
2104,65,25,F,G,false,1,0.7
2104,65,26,F,H,false,2,1
2104,65,27,G,H,false,1,0.9
2104,66,0,A,B,false,1,0.9
2104,66,1,A,C,false,2,1
2104,66,2,A,D,false,3,1
2104,66,3,A,E,false,4,1
2104,66,4,A,F,true,5,1
2104,66,5,A,G,false,6,1
2104,66,6,A,H,true,7,1
2104,66,7,B,C,true,1,0.7
2104,66,8,B,D,false,2,1
2104,66,9,B,E,true,3,1
2104,66,10,B,F,false,4,1
2104,66,11,B,G,false,5,1
2104,66,12,B,H,false,6,1
2104,66,13,C,D,false,1,1
2104,66,14,C,E,false,2,1
2104,66,15,C,F,false,3,1
2104,66,16,C,G,true,4,1
2104,66,17,C,H,false,5,1
2104,66,18,D,E,false,1,0
2104,66,19,D,F,true,2,0.8
2104,66,20,D,G,true,3,0.4
2104,66,21,D,H,false,4,0.9
2104,66,22,E,F,false,1,1
2104,66,23,E,G,false,2,1
2104,66,24,E,H,true,3,1
2104,66,25,F,G,false,1,0.3
2104,66,26,F,H,false,2,1
2104,66,27,G,H,false,1,1
2104,67,0,A,B,false,1,0.9
2104,67,1,A,C,false,2,1
2104,67,2,A,D,false,3,1
2104,67,3,A,E,false,4,1
2104,67,4,A,F,true,5,1
2104,67,5,A,G,false,6,1
2104,67,6,A,H,true,7,1
2104,67,7,B,C,true,1,1
2104,67,8,B,D,false,2,1
2104,67,9,B,E,true,3,1
2104,67,10,B,F,false,4,1
2104,67,11,B,G,false,5,1
2104,67,12,B,H,false,6,1
2104,67,13,C,D,false,1,1
2104,67,14,C,E,false,2,0.4
2104,67,15,C,F,false,3,1
2104,67,16,C,G,true,4,1
2104,67,17,C,H,false,5,1
2104,67,18,D,E,false,1,0.2
2104,67,19,D,F,true,2,1
2104,67,20,D,G,true,3,1
2104,67,21,D,H,false,4,1
2104,67,22,E,F,false,1,1
2104,67,23,E,G,false,2,1
2104,67,24,E,H,true,3,1
2104,67,25,F,G,false,1,0.6
2104,67,26,F,H,false,2,0.1
2104,67,27,G,H,false,1,0.2
2104,68,0,A,B,false,1,1
2104,68,1,A,C,false,2,1
2104,68,2,A,D,false,3,1
2104,68,3,A,E,false,4,1
2104,68,4,A,F,true,5,1
2104,68,5,A,G,false,6,1
2104,68,6,A,H,true,7,1
2104,68,7,B,C,true,1,1
2104,68,8,B,D,false,2,1
2104,68,9,B,E,true,3,1
2104,68,10,B,F,false,4,1
2104,68,11,B,G,false,5,1
2104,68,12,B,H,false,6,1
2104,68,13,C,D,false,1,1
2104,68,14,C,E,false,2,1
2104,68,15,C,F,false,3,1
2104,68,16,C,G,true,4,1
2104,68,17,C,H,false,5,1
2104,68,18,D,E,false,1,1
2104,68,19,D,F,true,2,1
2104,68,20,D,G,true,3,1
2104,68,21,D,H,false,4,1
2104,68,22,E,F,false,1,0.5
2104,68,23,E,G,false,2,0.9
2104,68,24,E,H,true,3,0.9
2104,68,25,F,G,false,1,0.9
2104,68,26,F,H,false,2,0.6
2104,68,27,G,H,false,1,0.1
2104,69,0,A,B,false,1,0.1
2104,69,1,A,C,false,2,0
2104,69,2,A,D,false,3,0.7
2104,69,3,A,E,false,4,1
2104,69,4,A,F,true,5,0.5
2104,69,5,A,G,false,6,1
2104,69,6,A,H,true,7,1
2104,69,7,B,C,true,1,0.3
2104,69,8,B,D,false,2,1
2104,69,9,B,E,true,3,1
2104,69,10,B,F,false,4,1
2104,69,11,B,G,false,5,1
2104,69,12,B,H,false,6,1
2104,69,13,C,D,false,1,1
2104,69,14,C,E,false,2,1
2104,69,15,C,F,false,3,1
2104,69,16,C,G,true,4,1
2104,69,17,C,H,false,5,1
2104,69,18,D,E,false,1,1
2104,69,19,D,F,true,2,0
2104,69,20,D,G,true,3,1
2104,69,21,D,H,false,4,1
2104,69,22,E,F,false,1,0
2104,69,23,E,G,false,2,0.2
2104,69,24,E,H,true,3,1
2104,69,25,F,G,false,1,1
2104,69,26,F,H,false,2,1
2104,69,27,G,H,false,1,1
2104,70,0,A,B,false,1,1
2104,70,1,A,C,false,2,1
2104,70,2,A,D,false,3,1
2104,70,3,A,E,false,4,1
2104,70,4,A,F,true,5,1
2104,70,5,A,G,false,6,1
2104,70,6,A,H,true,7,1
2104,70,7,B,C,true,1,0.8
2104,70,8,B,D,false,2,0.1
2104,70,9,B,E,true,3,1
2104,70,10,B,F,false,4,1
2104,70,11,B,G,false,5,1
2104,70,12,B,H,false,6,1
2104,70,13,C,D,false,1,0
2104,70,14,C,E,false,2,0.4
2104,70,15,C,F,false,3,0.7
2104,70,16,C,G,true,4,1
2104,70,17,C,H,false,5,1
2104,70,18,D,E,false,1,1
2104,70,19,D,F,true,2,1
2104,70,20,D,G,true,3,1
2104,70,21,D,H,false,4,1
2104,70,22,E,F,false,1,1
2104,70,23,E,G,false,2,1
2104,70,24,E,H,true,3,1
2104,70,25,F,G,false,1,1
2104,70,26,F,H,false,2,1
2104,70,27,G,H,false,1,0.3
2104,71,0,A,B,false,1,0
2104,71,1,A,C,false,2,0.6
2104,71,2,A,D,false,3,0.4
2104,71,3,A,E,false,4,0.5
2104,71,4,A,F,true,5,1
2104,71,5,A,G,false,6,1
2104,71,6,A,H,true,7,1
2104,71,7,B,C,true,1,1
2104,71,8,B,D,false,2,0.8
2104,71,9,B,E,true,3,1
2104,71,10,B,F,false,4,1
2104,71,11,B,G,false,5,1
2104,71,12,B,H,false,6,1
2104,71,13,C,D,false,1,0.5
2104,71,14,C,E,false,2,0.9
2104,71,15,C,F,false,3,1
2104,71,16,C,G,true,4,1
2104,71,17,C,H,false,5,1
2104,71,18,D,E,false,1,1
2104,71,19,D,F,true,2,1
2104,71,20,D,G,true,3,1
2104,71,21,D,H,false,4,1
2104,71,22,E,F,false,1,1
2104,71,23,E,G,false,2,1
2104,71,24,E,H,true,3,1
2104,71,25,F,G,false,1,0.4
2104,71,26,F,H,false,2,0.2
2104,71,27,G,H,false,1,0
2104,72,0,A,B,false,1,0.9
2104,72,1,A,C,false,2,1
2104,72,2,A,D,false,3,1
2104,72,3,A,E,false,4,1
2104,72,4,A,F,true,5,1
2104,72,5,A,G,false,6,1
2104,72,6,A,H,true,7,1
2104,72,7,B,C,true,1,1
2104,72,8,B,D,false,2,1
2104,72,9,B,E,true,3,0.8
2104,72,10,B,F,false,4,1
2104,72,11,B,G,false,5,1
2104,72,12,B,H,false,6,1
2104,72,13,C,D,false,1,0.6
2104,72,14,C,E,false,2,0
2104,72,15,C,F,false,3,1
2104,72,16,C,G,true,4,1
2104,72,17,C,H,false,5,0.7
2104,72,18,D,E,false,1,0.1
2104,72,19,D,F,true,2,1
2104,72,20,D,G,true,3,1
2104,72,21,D,H,false,4,0.4
2104,72,22,E,F,false,1,1
2104,72,23,E,G,false,2,1
2104,72,24,E,H,true,3,1
2104,72,25,F,G,false,1,0.3
2104,72,26,F,H,false,2,0
2104,72,27,G,H,false,1,0
2104,73,0,A,B,false,1,1
2104,73,1,A,C,false,2,1
2104,73,2,A,D,false,3,1
2104,73,3,A,E,false,4,1
2104,73,4,A,F,true,5,1
2104,73,5,A,G,false,6,1
2104,73,6,A,H,true,7,1
2104,73,7,B,C,true,1,0.4
2104,73,8,B,D,false,2,1
2104,73,9,B,E,true,3,1
2104,73,10,B,F,false,4,1
2104,73,11,B,G,false,5,1
2104,73,12,B,H,false,6,1
2104,73,13,C,D,false,1,1
2104,73,14,C,E,false,2,1
2104,73,15,C,F,false,3,1
2104,73,16,C,G,true,4,1
2104,73,17,C,H,false,5,1
2104,73,18,D,E,false,1,0
2104,73,19,D,F,true,2,1
2104,73,20,D,G,true,3,0.5
2104,73,21,D,H,false,4,1
2104,73,22,E,F,false,1,1
2104,73,23,E,G,false,2,0.7
2104,73,24,E,H,true,3,1
2104,73,25,F,G,false,1,0
2104,73,26,F,H,false,2,0.9
2104,73,27,G,H,false,1,1
2104,74,0,A,B,false,1,1
2104,74,1,A,C,false,2,1
2104,74,2,A,D,false,3,0.9
2104,74,3,A,E,false,4,1
2104,74,4,A,F,true,5,1
2104,74,5,A,G,false,6,1
2104,74,6,A,H,true,7,1
2104,74,7,B,C,true,1,0.9
2104,74,8,B,D,false,2,0.4
2104,74,9,B,E,true,3,1
2104,74,10,B,F,false,4,0.3
2104,74,11,B,G,false,5,1
2104,74,12,B,H,false,6,1
2104,74,13,C,D,false,1,0
2104,74,14,C,E,false,2,1
2104,74,15,C,F,false,3,0
2104,74,16,C,G,true,4,1
2104,74,17,C,H,false,5,1
2104,74,18,D,E,false,1,1
2104,74,19,D,F,true,2,0.1
2104,74,20,D,G,true,3,1
2104,74,21,D,H,false,4,1
2104,74,22,E,F,false,1,0
2104,74,23,E,G,false,2,0.8
2104,74,24,E,H,true,3,1
2104,74,25,F,G,false,1,1
2104,74,26,F,H,false,2,1
2104,74,27,G,H,false,1,1
2104,75,0,A,B,false,1,1
2104,75,1,A,C,false,2,1
2104,75,2,A,D,false,3,1
2104,75,3,A,E,false,4,1
2104,75,4,A,F,true,5,1
2104,75,5,A,G,false,6,1
2104,75,6,A,H,true,7,1
2104,75,7,B,C,true,1,0.2
2104,75,8,B,D,false,2,0.3
2104,75,9,B,E,true,3,1
2104,75,10,B,F,false,4,0.7
2104,75,11,B,G,false,5,1
2104,75,12,B,H,false,6,1
2104,75,13,C,D,false,1,1
2104,75,14,C,E,false,2,1
2104,75,15,C,F,false,3,1
2104,75,16,C,G,true,4,1
2104,75,17,C,H,false,5,1
2104,75,18,D,E,false,1,1
2104,75,19,D,F,true,2,0.4
2104,75,20,D,G,true,3,1
2104,75,21,D,H,false,4,1
2104,75,22,E,F,false,1,0
2104,75,23,E,G,false,2,0.9
2104,75,24,E,H,true,3,0.5
2104,75,25,F,G,false,1,1
2104,75,26,F,H,false,2,1
2104,75,27,G,H,false,1,0.6
2104,76,0,A,B,false,1,1
2104,76,1,A,C,false,2,1
2104,76,2,A,D,false,3,1
2104,76,3,A,E,false,4,1
2104,76,4,A,F,true,5,1
2104,76,5,A,G,false,6,1
2104,76,6,A,H,true,7,1
2104,76,7,B,C,true,1,1
2104,76,8,B,D,false,2,0
2104,76,9,B,E,true,3,1
2104,76,10,B,F,false,4,1
2104,76,11,B,G,false,5,1
2104,76,12,B,H,false,6,1
2104,76,13,C,D,false,1,0
2104,76,14,C,E,false,2,1
2104,76,15,C,F,false,3,0.9
2104,76,16,C,G,true,4,1
2104,76,17,C,H,false,5,1
2104,76,18,D,E,false,1,1
2104,76,19,D,F,true,2,1
2104,76,20,D,G,true,3,1
2104,76,21,D,H,false,4,1
2104,76,22,E,F,false,1,0.3
2104,76,23,E,G,false,2,0
2104,76,24,E,H,true,3,0.8
2104,76,25,F,G,false,1,0
2104,76,26,F,H,false,2,0.7
2104,76,27,G,H,false,1,1
2105,0,0,A,B,false,1,0
2105,0,1,A,C,false,2,0
2105,0,2,A,D,false,3,0
2105,0,3,A,E,false,4,0
2105,0,4,A,F,true,5,0.1
2105,0,5,A,G,false,6,0.9
2105,0,6,A,H,true,7,0.9
2105,0,7,B,C,true,1,0.9
2105,0,8,B,D,false,2,0.9
2105,0,9,B,E,true,3,1
2105,0,10,B,F,false,4,1
2105,0,11,B,G,false,5,1
2105,0,12,B,H,false,6,1
2105,0,13,C,D,false,1,0.1
2105,0,14,C,E,false,2,1
2105,0,15,C,F,false,3,0.7
2105,0,16,C,G,true,4,1
2105,0,17,C,H,false,5,1
2105,0,18,D,E,false,1,1
2105,0,19,D,F,true,2,1
2105,0,20,D,G,true,3,1
2105,0,21,D,H,false,4,1
2105,0,22,E,F,false,1,0.3
2105,0,23,E,G,false,2,1
2105,0,24,E,H,true,3,1
2105,0,25,F,G,false,1,1
2105,0,26,F,H,false,2,1
2105,0,27,G,H,false,1,0.8
2105,1,0,A,B,false,1,0.5
2105,1,1,A,C,false,2,1
2105,1,2,A,D,false,3,1
2105,1,3,A,E,false,4,1
2105,1,4,A,F,true,5,1
2105,1,5,A,G,false,6,1
2105,1,6,A,H,true,7,1
2105,1,7,B,C,true,1,1
2105,1,8,B,D,false,2,1
2105,1,9,B,E,true,3,1
2105,1,10,B,F,false,4,1
2105,1,11,B,G,false,5,1
2105,1,12,B,H,false,6,1
2105,1,13,C,D,false,1,1
2105,1,14,C,E,false,2,0.2
2105,1,15,C,F,false,3,1
2105,1,16,C,G,true,4,1
2105,1,17,C,H,false,5,1
2105,1,18,D,E,false,1,0
2105,1,19,D,F,true,2,1
2105,1,20,D,G,true,3,0.8
2105,1,21,D,H,false,4,0.8
2105,1,22,E,F,false,1,1
2105,1,23,E,G,false,2,0.8
2105,1,24,E,H,true,3,1
2105,1,25,F,G,false,1,0
2105,1,26,F,H,false,2,0
2105,1,27,G,H,false,1,1
2105,2,0,A,B,false,1,1
2105,2,1,A,C,false,2,1
2105,2,2,A,D,false,3,0.9
2105,2,3,A,E,false,4,1
2105,2,4,A,F,true,5,1
2105,2,5,A,G,false,6,1
2105,2,6,A,H,true,7,1
2105,2,7,B,C,true,1,0.9
2105,2,8,B,D,false,2,0.9
2105,2,9,B,E,true,3,1
2105,2,10,B,F,false,4,1
2105,2,11,B,G,false,5,1
2105,2,12,B,H,false,6,1
2105,2,13,C,D,false,1,0.6
2105,2,14,C,E,false,2,0.9
2105,2,15,C,F,false,3,0.3
2105,2,16,C,G,true,4,1
2105,2,17,C,H,false,5,1
2105,2,18,D,E,false,1,1
2105,2,19,D,F,true,2,0.7
2105,2,20,D,G,true,3,1
2105,2,21,D,H,false,4,1
2105,2,22,E,F,false,1,0
2105,2,23,E,G,false,2,0.3
2105,2,24,E,H,true,3,1
2105,2,25,F,G,false,1,1
2105,2,26,F,H,false,2,1
2105,2,27,G,H,false,1,1
2105,3,0,A,B,false,1,1
2105,3,1,A,C,false,2,1
2105,3,2,A,D,false,3,1
2105,3,3,A,E,false,4,1
2105,3,4,A,F,true,5,1
2105,3,5,A,G,false,6,1
2105,3,6,A,H,true,7,1
2105,3,7,B,C,true,1,1
2105,3,8,B,D,false,2,1
2105,3,9,B,E,true,3,1
2105,3,10,B,F,false,4,1
2105,3,11,B,G,false,5,1
2105,3,12,B,H,false,6,1
2105,3,13,C,D,false,1,1
2105,3,14,C,E,false,2,1
2105,3,15,C,F,false,3,1
2105,3,16,C,G,true,4,1
2105,3,17,C,H,false,5,1
2105,3,18,D,E,false,1,1
2105,3,19,D,F,true,2,1
2105,3,20,D,G,true,3,1
2105,3,21,D,H,false,4,1
2105,3,22,E,F,false,1,0.1
2105,3,23,E,G,false,2,1
2105,3,24,E,H,true,3,1
2105,3,25,F,G,false,1,1
2105,3,26,F,H,false,2,0.9
2105,3,27,G,H,false,1,0
2105,4,0,A,B,false,1,1
2105,4,1,A,C,false,2,0.9
2105,4,2,A,D,false,3,1
2105,4,3,A,E,false,4,1
2105,4,4,A,F,true,5,1
2105,4,5,A,G,false,6,1
2105,4,6,A,H,true,7,1
2105,4,7,B,C,true,1,0.6
2105,4,8,B,D,false,2,0.5
2105,4,9,B,E,true,3,1
2105,4,10,B,F,false,4,1
2105,4,11,B,G,false,5,1
2105,4,12,B,H,false,6,1
2105,4,13,C,D,false,1,0.4
2105,4,14,C,E,false,2,0.7
2105,4,15,C,F,false,3,1
2105,4,16,C,G,true,4,1
2105,4,17,C,H,false,5,1
2105,4,18,D,E,false,1,1
2105,4,19,D,F,true,2,1
2105,4,20,D,G,true,3,1
2105,4,21,D,H,false,4,1
2105,4,22,E,F,false,1,1
2105,4,23,E,G,false,2,0.9
2105,4,24,E,H,true,3,1
2105,4,25,F,G,false,1,0
2105,4,26,F,H,false,2,1
2105,4,27,G,H,false,1,1
2105,5,0,A,B,false,1,0.7
2105,5,1,A,C,false,2,1
2105,5,2,A,D,false,3,1
2105,5,3,A,E,false,4,1
2105,5,4,A,F,true,5,0.4
2105,5,5,A,G,false,6,1
2105,5,6,A,H,true,7,1
2105,5,7,B,C,true,1,1
2105,5,8,B,D,false,2,0.6
2105,5,9,B,E,true,3,1
2105,5,10,B,F,false,4,0.5
2105,5,11,B,G,false,5,1
2105,5,12,B,H,false,6,1
2105,5,13,C,D,false,1,0
2105,5,14,C,E,false,2,0.9
2105,5,15,C,F,false,3,0.1
2105,5,16,C,G,true,4,0.6
2105,5,17,C,H,false,5,1
2105,5,18,D,E,false,1,1
2105,5,19,D,F,true,2,0.7
2105,5,20,D,G,true,3,1
2105,5,21,D,H,false,4,1
2105,5,22,E,F,false,1,0
2105,5,23,E,G,false,2,0
2105,5,24,E,H,true,3,1
2105,5,25,F,G,false,1,1
2105,5,26,F,H,false,2,1
2105,5,27,G,H,false,1,1
2105,6,0,A,B,false,1,0.9
2105,6,1,A,C,false,2,1
2105,6,2,A,D,false,3,1
2105,6,3,A,E,false,4,1
2105,6,4,A,F,true,5,1
2105,6,5,A,G,false,6,1
2105,6,6,A,H,true,7,1
2105,6,7,B,C,true,1,0.9
2105,6,8,B,D,false,2,1
2105,6,9,B,E,true,3,1
2105,6,10,B,F,false,4,1
2105,6,11,B,G,false,5,1
2105,6,12,B,H,false,6,1
2105,6,13,C,D,false,1,0.2
2105,6,14,C,E,false,2,0.1
2105,6,15,C,F,false,3,1
2105,6,16,C,G,true,4,1
2105,6,17,C,H,false,5,1
2105,6,18,D,E,false,1,0.2
2105,6,19,D,F,true,2,1
2105,6,20,D,G,true,3,1
2105,6,21,D,H,false,4,1
2105,6,22,E,F,false,1,1
2105,6,23,E,G,false,2,1
2105,6,24,E,H,true,3,1
2105,6,25,F,G,false,1,0
2105,6,26,F,H,false,2,0.5
2105,6,27,G,H,false,1,0.8
2105,7,0,A,B,false,1,1
2105,7,1,A,C,false,2,1
2105,7,2,A,D,false,3,1
2105,7,3,A,E,false,4,1
2105,7,4,A,F,true,5,1
2105,7,5,A,G,false,6,1
2105,7,6,A,H,true,7,1
2105,7,7,B,C,true,1,1
2105,7,8,B,D,false,2,1
2105,7,9,B,E,true,3,1
2105,7,10,B,F,false,4,1
2105,7,11,B,G,false,5,1
2105,7,12,B,H,false,6,1
2105,7,13,C,D,false,1,1
2105,7,14,C,E,false,2,1
2105,7,15,C,F,false,3,1
2105,7,16,C,G,true,4,1
2105,7,17,C,H,false,5,1
2105,7,18,D,E,false,1,1
2105,7,19,D,F,true,2,1
2105,7,20,D,G,true,3,1
2105,7,21,D,H,false,4,1
2105,7,22,E,F,false,1,0.5
2105,7,23,E,G,false,2,0.9
2105,7,24,E,H,true,3,0.2
2105,7,25,F,G,false,1,0.9
2105,7,26,F,H,false,2,0.3
2105,7,27,G,H,false,1,0.1
2105,8,0,A,B,false,1,0
2105,8,1,A,C,false,2,0.1
2105,8,2,A,D,false,3,0
2105,8,3,A,E,false,4,0.1
2105,8,4,A,F,true,5,0.8
2105,8,5,A,G,false,6,0.8
2105,8,6,A,H,true,7,0.9
2105,8,7,B,C,true,1,1
2105,8,8,B,D,false,2,0.2
2105,8,9,B,E,true,3,1
2105,8,10,B,F,false,4,1
2105,8,11,B,G,false,5,1
2105,8,12,B,H,false,6,1
2105,8,13,C,D,false,1,0
2105,8,14,C,E,false,2,0.6
2105,8,15,C,F,false,3,0.6
2105,8,16,C,G,true,4,1
2105,8,17,C,H,false,5,0.9
2105,8,18,D,E,false,1,1
2105,8,19,D,F,true,2,1
2105,8,20,D,G,true,3,1
2105,8,21,D,H,false,4,1
2105,8,22,E,F,false,1,0.2
2105,8,23,E,G,false,2,0.9
2105,8,24,E,H,true,3,0.7
2105,8,25,F,G,false,1,0.8
2105,8,26,F,H,false,2,0.7
2105,8,27,G,H,false,1,0.5
2105,9,0,A,B,false,1,0
2105,9,1,A,C,false,2,0
2105,9,2,A,D,false,3,0
2105,9,3,A,E,false,4,0.3
2105,9,4,A,F,true,5,0
2105,9,5,A,G,false,6,0.5
2105,9,6,A,H,true,7,1
2105,9,7,B,C,true,1,0.8
2105,9,8,B,D,false,2,1
2105,9,9,B,E,true,3,1
2105,9,10,B,F,false,4,1
2105,9,11,B,G,false,5,1
2105,9,12,B,H,false,6,1
2105,9,13,C,D,false,1,1
2105,9,14,C,E,false,2,1
2105,9,15,C,F,false,3,0.5
2105,9,16,C,G,true,4,1
2105,9,17,C,H,false,5,1
2105,9,18,D,E,false,1,0.8
2105,9,19,D,F,true,2,0.3
2105,9,20,D,G,true,3,1
2105,9,21,D,H,false,4,1
2105,9,22,E,F,false,1,0
2105,9,23,E,G,false,2,0.6
2105,9,24,E,H,true,3,1
2105,9,25,F,G,false,1,1
2105,9,26,F,H,false,2,1
2105,9,27,G,H,false,1,0.9
2105,10,0,A,B,false,1,1
2105,10,1,A,C,false,2,1
2105,10,2,A,D,false,3,1
2105,10,3,A,E,false,4,1
2105,10,4,A,F,true,5,1
2105,10,5,A,G,false,6,1
2105,10,6,A,H,true,7,1
2105,10,7,B,C,true,1,0.5
2105,10,8,B,D,false,2,0.9
2105,10,9,B,E,true,3,1
2105,10,10,B,F,false,4,1
2105,10,11,B,G,false,5,1
2105,10,12,B,H,false,6,1
2105,10,13,C,D,false,1,1
2105,10,14,C,E,false,2,1
2105,10,15,C,F,false,3,1
2105,10,16,C,G,true,4,1
2105,10,17,C,H,false,5,1
2105,10,18,D,E,false,1,0.8
2105,10,19,D,F,true,2,0.8
2105,10,20,D,G,true,3,1
2105,10,21,D,H,false,4,0.9
2105,10,22,E,F,false,1,1
2105,10,23,E,G,false,2,1
2105,10,24,E,H,true,3,1
2105,10,25,F,G,false,1,1
2105,10,26,F,H,false,2,0
2105,10,27,G,H,false,1,0
2105,11,0,A,B,false,1,0.9
2105,11,1,A,C,false,2,0.8
2105,11,2,A,D,false,3,1
2105,11,3,A,E,false,4,1
2105,11,4,A,F,true,5,1
2105,11,5,A,G,false,6,1
2105,11,6,A,H,true,7,1
2105,11,7,B,C,true,1,0.6
2105,11,8,B,D,false,2,1
2105,11,9,B,E,true,3,1
2105,11,10,B,F,false,4,1
2105,11,11,B,G,false,5,1
2105,11,12,B,H,false,6,1
2105,11,13,C,D,false,1,1
2105,11,14,C,E,false,2,1
2105,11,15,C,F,false,3,1
2105,11,16,C,G,true,4,1
2105,11,17,C,H,false,5,1
2105,11,18,D,E,false,1,0.5
2105,11,19,D,F,true,2,1
2105,11,20,D,G,true,3,1
2105,11,21,D,H,false,4,1
2105,11,22,E,F,false,1,0.8
2105,11,23,E,G,false,2,0.6
2105,11,24,E,H,true,3,1
2105,11,25,F,G,false,1,0
2105,11,26,F,H,false,2,1
2105,11,27,G,H,false,1,1
2105,12,0,A,B,false,1,0.7
2105,12,1,A,C,false,2,0
2105,12,2,A,D,false,3,1
2105,12,3,A,E,false,4,1
2105,12,4,A,F,true,5,1
2105,12,5,A,G,false,6,1
2105,12,6,A,H,true,7,1
2105,12,7,B,C,true,1,0.3
2105,12,8,B,D,false,2,1
2105,12,9,B,E,true,3,1
2105,12,10,B,F,false,4,1
2105,12,11,B,G,false,5,1
2105,12,12,B,H,false,6,1
2105,12,13,C,D,false,1,1
2105,12,14,C,E,false,2,1
2105,12,15,C,F,false,3,1
2105,12,16,C,G,true,4,1
2105,12,17,C,H,false,5,1
2105,12,18,D,E,false,1,0.3
2105,12,19,D,F,true,2,1
2105,12,20,D,G,true,3,0.9
2105,12,21,D,H,false,4,1
2105,12,22,E,F,false,1,1
2105,12,23,E,G,false,2,1
2105,12,24,E,H,true,3,1
2105,12,25,F,G,false,1,0
2105,12,26,F,H,false,2,0.7
2105,12,27,G,H,false,1,1
2105,13,0,A,B,false,1,1
2105,13,1,A,C,false,2,1
2105,13,2,A,D,false,3,1
2105,13,3,A,E,false,4,1
2105,13,4,A,F,true,5,1
2105,13,5,A,G,false,6,1
2105,13,6,A,H,true,7,1
2105,13,7,B,C,true,1,0.8
2105,13,8,B,D,false,2,0.7
2105,13,9,B,E,true,3,1
2105,13,10,B,F,false,4,1
2105,13,11,B,G,false,5,1
2105,13,12,B,H,false,6,1
2105,13,13,C,D,false,1,0.1
2105,13,14,C,E,false,2,1
2105,13,15,C,F,false,3,1
2105,13,16,C,G,true,4,1
2105,13,17,C,H,false,5,1
2105,13,18,D,E,false,1,1
2105,13,19,D,F,true,2,1
2105,13,20,D,G,true,3,1
2105,13,21,D,H,false,4,1
2105,13,22,E,F,false,1,0.1
2105,13,23,E,G,false,2,0.9
2105,13,24,E,H,true,3,1
2105,13,25,F,G,false,1,1
2105,13,26,F,H,false,2,1
2105,13,27,G,H,false,1,1
2105,14,0,A,B,false,1,1
2105,14,1,A,C,false,2,1
2105,14,2,A,D,false,3,1
2105,14,3,A,E,false,4,1
2105,14,4,A,F,true,5,1
2105,14,5,A,G,false,6,1
2105,14,6,A,H,true,7,1
2105,14,7,B,C,true,1,0.9
2105,14,8,B,D,false,2,1
2105,14,9,B,E,true,3,1
2105,14,10,B,F,false,4,1
2105,14,11,B,G,false,5,1
2105,14,12,B,H,false,6,1
2105,14,13,C,D,false,1,0.8
2105,14,14,C,E,false,2,1
2105,14,15,C,F,false,3,1
2105,14,16,C,G,true,4,1
2105,14,17,C,H,false,5,1
2105,14,18,D,E,false,1,1
2105,14,19,D,F,true,2,1
2105,14,20,D,G,true,3,1
2105,14,21,D,H,false,4,1
2105,14,22,E,F,false,1,0.7
2105,14,23,E,G,false,2,1
2105,14,24,E,H,true,3,1
2105,14,25,F,G,false,1,1
2105,14,26,F,H,false,2,1
2105,14,27,G,H,false,1,0.9
2105,15,0,A,B,false,1,1
2105,15,1,A,C,false,2,1
2105,15,2,A,D,false,3,1
2105,15,3,A,E,false,4,1
2105,15,4,A,F,true,5,1
2105,15,5,A,G,false,6,1
2105,15,6,A,H,true,7,1
2105,15,7,B,C,true,1,1
2105,15,8,B,D,false,2,1
2105,15,9,B,E,true,3,1
2105,15,10,B,F,false,4,1
2105,15,11,B,G,false,5,1
2105,15,12,B,H,false,6,1
2105,15,13,C,D,false,1,0.8
2105,15,14,C,E,false,2,0
2105,15,15,C,F,false,3,1
2105,15,16,C,G,true,4,1
2105,15,17,C,H,false,5,1
2105,15,18,D,E,false,1,0
2105,15,19,D,F,true,2,1
2105,15,20,D,G,true,3,1
2105,15,21,D,H,false,4,1
2105,15,22,E,F,false,1,1
2105,15,23,E,G,false,2,1
2105,15,24,E,H,true,3,1
2105,15,25,F,G,false,1,0.9
2105,15,26,F,H,false,2,0.4
2105,15,27,G,H,false,1,0.7
2105,16,0,A,B,false,1,0
2105,16,1,A,C,false,2,0.5
2105,16,2,A,D,false,3,0
2105,16,3,A,E,false,4,0
2105,16,4,A,F,true,5,0.8
2105,16,5,A,G,false,6,0.7
2105,16,6,A,H,true,7,1
2105,16,7,B,C,true,1,1
2105,16,8,B,D,false,2,0
2105,16,9,B,E,true,3,0.3
2105,16,10,B,F,false,4,1
2105,16,11,B,G,false,5,1
2105,16,12,B,H,false,6,1
2105,16,13,C,D,false,1,0
2105,16,14,C,E,false,2,0
2105,16,15,C,F,false,3,0.9
2105,16,16,C,G,true,4,1
2105,16,17,C,H,false,5,1
2105,16,18,D,E,false,1,0.8
2105,16,19,D,F,true,2,1
2105,16,20,D,G,true,3,1
2105,16,21,D,H,false,4,1
2105,16,22,E,F,false,1,1
2105,16,23,E,G,false,2,1
2105,16,24,E,H,true,3,1
2105,16,25,F,G,false,1,0.1
2105,16,26,F,H,false,2,0.8
2105,16,27,G,H,false,1,1
2105,17,0,A,B,false,1,1
2105,17,1,A,C,false,2,1
2105,17,2,A,D,false,3,1
2105,17,3,A,E,false,4,1
2105,17,4,A,F,true,5,1
2105,17,5,A,G,false,6,1
2105,17,6,A,H,true,7,1
2105,17,7,B,C,true,1,1
2105,17,8,B,D,false,2,1
2105,17,9,B,E,true,3,1
2105,17,10,B,F,false,4,1
2105,17,11,B,G,false,5,1
2105,17,12,B,H,false,6,1
2105,17,13,C,D,false,1,0.7
2105,17,14,C,E,false,2,1
2105,17,15,C,F,false,3,1
2105,17,16,C,G,true,4,1
2105,17,17,C,H,false,5,1
2105,17,18,D,E,false,1,1
2105,17,19,D,F,true,2,1
2105,17,20,D,G,true,3,1
2105,17,21,D,H,false,4,1
2105,17,22,E,F,false,1,0.9
2105,17,23,E,G,false,2,1
2105,17,24,E,H,true,3,1
2105,17,25,F,G,false,1,1
2105,17,26,F,H,false,2,0.8
2105,17,27,G,H,false,1,0.1
2105,18,0,A,B,false,1,0
2105,18,1,A,C,false,2,0
2105,18,2,A,D,false,3,0
2105,18,3,A,E,false,4,0
2105,18,4,A,F,true,5,1
2105,18,5,A,G,false,6,0.6
2105,18,6,A,H,true,7,0.9
2105,18,7,B,C,true,1,0.7
2105,18,8,B,D,false,2,1
2105,18,9,B,E,true,3,1
2105,18,10,B,F,false,4,1
2105,18,11,B,G,false,5,1
2105,18,12,B,H,false,6,1
2105,18,13,C,D,false,1,0.9
2105,18,14,C,E,false,2,1
2105,18,15,C,F,false,3,1
2105,18,16,C,G,true,4,1
2105,18,17,C,H,false,5,1
2105,18,18,D,E,false,1,0.9
2105,18,19,D,F,true,2,1
2105,18,20,D,G,true,3,1
2105,18,21,D,H,false,4,1
2105,18,22,E,F,false,1,1
2105,18,23,E,G,false,2,1
2105,18,24,E,H,true,3,1
2105,18,25,F,G,false,1,1
2105,18,26,F,H,false,2,0.6
2105,18,27,G,H,false,1,0
2105,19,0,A,B,false,1,1
2105,19,1,A,C,false,2,1
2105,19,2,A,D,false,3,1
2105,19,3,A,E,false,4,1
2105,19,4,A,F,true,5,1
2105,19,5,A,G,false,6,1
2105,19,6,A,H,true,7,1
2105,19,7,B,C,true,1,0.5
2105,19,8,B,D,false,2,0.8
2105,19,9,B,E,true,3,0.9
2105,19,10,B,F,false,4,0.9
2105,19,11,B,G,false,5,1
2105,19,12,B,H,false,6,1
2105,19,13,C,D,false,1,1
2105,19,14,C,E,false,2,0.9
2105,19,15,C,F,false,3,1
2105,19,16,C,G,true,4,1
2105,19,17,C,H,false,5,1
2105,19,18,D,E,false,1,0.2
2105,19,19,D,F,true,2,0.9
2105,19,20,D,G,true,3,1
2105,19,21,D,H,false,4,1
2105,19,22,E,F,false,1,0.8
2105,19,23,E,G,false,2,1
2105,19,24,E,H,true,3,1
2105,19,25,F,G,false,1,1
2105,19,26,F,H,false,2,1
2105,19,27,G,H,false,1,0.9
2105,20,0,A,B,false,1,1
2105,20,1,A,C,false,2,1
2105,20,2,A,D,false,3,1
2105,20,3,A,E,false,4,1
2105,20,4,A,F,true,5,1
2105,20,5,A,G,false,6,1
2105,20,6,A,H,true,7,1
2105,20,7,B,C,true,1,1
2105,20,8,B,D,false,2,1
2105,20,9,B,E,true,3,1
2105,20,10,B,F,false,4,1
2105,20,11,B,G,false,5,1
2105,20,12,B,H,false,6,1
2105,20,13,C,D,false,1,0.3
2105,20,14,C,E,false,2,1
2105,20,15,C,F,false,3,1
2105,20,16,C,G,true,4,1
2105,20,17,C,H,false,5,1
2105,20,18,D,E,false,1,1
2105,20,19,D,F,true,2,1
2105,20,20,D,G,true,3,1
2105,20,21,D,H,false,4,1
2105,20,22,E,F,false,1,1
2105,20,23,E,G,false,2,1
2105,20,24,E,H,true,3,1
2105,20,25,F,G,false,1,0
2105,20,26,F,H,false,2,0.5
2105,20,27,G,H,false,1,1
2105,21,0,A,B,false,1,1
2105,21,1,A,C,false,2,0.9
2105,21,2,A,D,false,3,0.8
2105,21,3,A,E,false,4,1
2105,21,4,A,F,true,5,1
2105,21,5,A,G,false,6,1
2105,21,6,A,H,true,7,1
2105,21,7,B,C,true,1,0.3
2105,21,8,B,D,false,2,0.1
2105,21,9,B,E,true,3,1
2105,21,10,B,F,false,4,1
2105,21,11,B,G,false,5,0.4
2105,21,12,B,H,false,6,1
2105,21,13,C,D,false,1,0.1
2105,21,14,C,E,false,2,1
2105,21,15,C,F,false,3,1
2105,21,16,C,G,true,4,0.2
2105,21,17,C,H,false,5,1
2105,21,18,D,E,false,1,1
2105,21,19,D,F,true,2,1
2105,21,20,D,G,true,3,0.5
2105,21,21,D,H,false,4,1
2105,21,22,E,F,false,1,0
2105,21,23,E,G,false,2,0
2105,21,24,E,H,true,3,1
2105,21,25,F,G,false,1,0
2105,21,26,F,H,false,2,1
2105,21,27,G,H,false,1,1
2105,22,0,A,B,false,1,0.2
2105,22,1,A,C,false,2,1
2105,22,2,A,D,false,3,1
2105,22,3,A,E,false,4,1
2105,22,4,A,F,true,5,1
2105,22,5,A,G,false,6,1
2105,22,6,A,H,true,7,1
2105,22,7,B,C,true,1,0.9
2105,22,8,B,D,false,2,1
2105,22,9,B,E,true,3,1
2105,22,10,B,F,false,4,1
2105,22,11,B,G,false,5,1
2105,22,12,B,H,false,6,1
2105,22,13,C,D,false,1,1
2105,22,14,C,E,false,2,1
2105,22,15,C,F,false,3,1
2105,22,16,C,G,true,4,1
2105,22,17,C,H,false,5,1
2105,22,18,D,E,false,1,1
2105,22,19,D,F,true,2,1
2105,22,20,D,G,true,3,1
2105,22,21,D,H,false,4,1
2105,22,22,E,F,false,1,0.6
2105,22,23,E,G,false,2,1
2105,22,24,E,H,true,3,1
2105,22,25,F,G,false,1,1
2105,22,26,F,H,false,2,1
2105,22,27,G,H,false,1,1
2105,23,0,A,B,false,1,0.8
2105,23,1,A,C,false,2,1
2105,23,2,A,D,false,3,1
2105,23,3,A,E,false,4,1
2105,23,4,A,F,true,5,1
2105,23,5,A,G,false,6,1
2105,23,6,A,H,true,7,1
2105,23,7,B,C,true,1,0.8
2105,23,8,B,D,false,2,1
2105,23,9,B,E,true,3,1
2105,23,10,B,F,false,4,1
2105,23,11,B,G,false,5,1
2105,23,12,B,H,false,6,1
2105,23,13,C,D,false,1,1
2105,23,14,C,E,false,2,1
2105,23,15,C,F,false,3,1
2105,23,16,C,G,true,4,1
2105,23,17,C,H,false,5,1
2105,23,18,D,E,false,1,0
2105,23,19,D,F,true,2,1
2105,23,20,D,G,true,3,1
2105,23,21,D,H,false,4,1
2105,23,22,E,F,false,1,1
2105,23,23,E,G,false,2,1
2105,23,24,E,H,true,3,1
2105,23,25,F,G,false,1,0.1
2105,23,26,F,H,false,2,0.6
2105,23,27,G,H,false,1,0.5
2105,24,0,A,B,false,1,0.9
2105,24,1,A,C,false,2,1
2105,24,2,A,D,false,3,1
2105,24,3,A,E,false,4,1
2105,24,4,A,F,true,5,1
2105,24,5,A,G,false,6,1
2105,24,6,A,H,true,7,1
2105,24,7,B,C,true,1,0.8
2105,24,8,B,D,false,2,1
2105,24,9,B,E,true,3,1
2105,24,10,B,F,false,4,1
2105,24,11,B,G,false,5,1
2105,24,12,B,H,false,6,1
2105,24,13,C,D,false,1,1
2105,24,14,C,E,false,2,1
2105,24,15,C,F,false,3,1
2105,24,16,C,G,true,4,1
2105,24,17,C,H,false,5,1
2105,24,18,D,E,false,1,0.9
2105,24,19,D,F,true,2,1
2105,24,20,D,G,true,3,1
2105,24,21,D,H,false,4,1
2105,24,22,E,F,false,1,1
2105,24,23,E,G,false,2,1
2105,24,24,E,H,true,3,1
2105,24,25,F,G,false,1,0.6
2105,24,26,F,H,false,2,1
2105,24,27,G,H,false,1,1
2105,25,0,A,B,false,1,0.3
2105,25,1,A,C,false,2,1
2105,25,2,A,D,false,3,1
2105,25,3,A,E,false,4,1
2105,25,4,A,F,true,5,1
2105,25,5,A,G,false,6,1
2105,25,6,A,H,true,7,1
2105,25,7,B,C,true,1,1
2105,25,8,B,D,false,2,1
2105,25,9,B,E,true,3,1
2105,25,10,B,F,false,4,1
2105,25,11,B,G,false,5,1
2105,25,12,B,H,false,6,1
2105,25,13,C,D,false,1,1
2105,25,14,C,E,false,2,1
2105,25,15,C,F,false,3,1
2105,25,16,C,G,true,4,1
2105,25,17,C,H,false,5,1
2105,25,18,D,E,false,1,0.6
2105,25,19,D,F,true,2,1
2105,25,20,D,G,true,3,1
2105,25,21,D,H,false,4,1
2105,25,22,E,F,false,1,1
2105,25,23,E,G,false,2,1
2105,25,24,E,H,true,3,1
2105,25,25,F,G,false,1,0.4
2105,25,26,F,H,false,2,1
2105,25,27,G,H,false,1,1
2105,26,0,A,B,false,1,1
2105,26,1,A,C,false,2,1
2105,26,2,A,D,false,3,1
2105,26,3,A,E,false,4,1
2105,26,4,A,F,true,5,1
2105,26,5,A,G,false,6,1
2105,26,6,A,H,true,7,1
2105,26,7,B,C,true,1,0.4
2105,26,8,B,D,false,2,0.2
2105,26,9,B,E,true,3,1
2105,26,10,B,F,false,4,1
2105,26,11,B,G,false,5,1
2105,26,12,B,H,false,6,1
2105,26,13,C,D,false,1,0.2
2105,26,14,C,E,false,2,1
2105,26,15,C,F,false,3,1
2105,26,16,C,G,true,4,1
2105,26,17,C,H,false,5,1
2105,26,18,D,E,false,1,1
2105,26,19,D,F,true,2,1
2105,26,20,D,G,true,3,1
2105,26,21,D,H,false,4,1
2105,26,22,E,F,false,1,0
2105,26,23,E,G,false,2,0.9
2105,26,24,E,H,true,3,1
2105,26,25,F,G,false,1,1
2105,26,26,F,H,false,2,1
2105,26,27,G,H,false,1,0.7
2105,27,0,A,B,false,1,1
2105,27,1,A,C,false,2,1
2105,27,2,A,D,false,3,0.8
2105,27,3,A,E,false,4,1
2105,27,4,A,F,true,5,1
2105,27,5,A,G,false,6,1
2105,27,6,A,H,true,7,1
2105,27,7,B,C,true,1,1
2105,27,8,B,D,false,2,0
2105,27,9,B,E,true,3,1
2105,27,10,B,F,false,4,0.6
2105,27,11,B,G,false,5,1
2105,27,12,B,H,false,6,1
2105,27,13,C,D,false,1,0
2105,27,14,C,E,false,2,0.5
2105,27,15,C,F,false,3,0
2105,27,16,C,G,true,4,0.8
2105,27,17,C,H,false,5,1
2105,27,18,D,E,false,1,1
2105,27,19,D,F,true,2,1
2105,27,20,D,G,true,3,1
2105,27,21,D,H,false,4,1
2105,27,22,E,F,false,1,0.2
2105,27,23,E,G,false,2,1
2105,27,24,E,H,true,3,1
2105,27,25,F,G,false,1,1
2105,27,26,F,H,false,2,1
2105,27,27,G,H,false,1,1
2105,28,0,A,B,false,1,0
2105,28,1,A,C,false,2,0.3
2105,28,2,A,D,false,3,0.3
2105,28,3,A,E,false,4,0.7
2105,28,4,A,F,true,5,1
2105,28,5,A,G,false,6,0.8
2105,28,6,A,H,true,7,1
2105,28,7,B,C,true,1,1
2105,28,8,B,D,false,2,0.9
2105,28,9,B,E,true,3,1
2105,28,10,B,F,false,4,1
2105,28,11,B,G,false,5,1
2105,28,12,B,H,false,6,1
2105,28,13,C,D,false,1,0
2105,28,14,C,E,false,2,0.8
2105,28,15,C,F,false,3,1
2105,28,16,C,G,true,4,1
2105,28,17,C,H,false,5,0.9
2105,28,18,D,E,false,1,1
2105,28,19,D,F,true,2,1
2105,28,20,D,G,true,3,1
2105,28,21,D,H,false,4,1
2105,28,22,E,F,false,1,1
2105,28,23,E,G,false,2,0.6
2105,28,24,E,H,true,3,0.7
2105,28,25,F,G,false,1,0.5
2105,28,26,F,H,false,2,0
2105,28,27,G,H,false,1,0.1
2105,29,0,A,B,false,1,1
2105,29,1,A,C,false,2,1
2105,29,2,A,D,false,3,1
2105,29,3,A,E,false,4,1
2105,29,4,A,F,true,5,1
2105,29,5,A,G,false,6,1
2105,29,6,A,H,true,7,1
2105,29,7,B,C,true,1,0.7
2105,29,8,B,D,false,2,0.9
2105,29,9,B,E,true,3,1
2105,29,10,B,F,false,4,1
2105,29,11,B,G,false,5,1
2105,29,12,B,H,false,6,0.9
2105,29,13,C,D,false,1,0.2
2105,29,14,C,E,false,2,1
2105,29,15,C,F,false,3,0.7
2105,29,16,C,G,true,4,1
2105,29,17,C,H,false,5,0.9
2105,29,18,D,E,false,1,1
2105,29,19,D,F,true,2,0.6
2105,29,20,D,G,true,3,1
2105,29,21,D,H,false,4,1
2105,29,22,E,F,false,1,0
2105,29,23,E,G,false,2,0.4
2105,29,24,E,H,true,3,0.1
2105,29,25,F,G,false,1,1
2105,29,26,F,H,false,2,0.9
2105,29,27,G,H,false,1,0
2105,30,0,A,B,false,1,0.9
2105,30,1,A,C,false,2,0.5
2105,30,2,A,D,false,3,1
2105,30,3,A,E,false,4,1
2105,30,4,A,F,true,5,1
2105,30,5,A,G,false,6,1
2105,30,6,A,H,true,7,1
2105,30,7,B,C,true,1,0.4
2105,30,8,B,D,false,2,1
2105,30,9,B,E,true,3,1
2105,30,10,B,F,false,4,1
2105,30,11,B,G,false,5,1
2105,30,12,B,H,false,6,1
2105,30,13,C,D,false,1,1
2105,30,14,C,E,false,2,1
2105,30,15,C,F,false,3,1
2105,30,16,C,G,true,4,1
2105,30,17,C,H,false,5,1
2105,30,18,D,E,false,1,0
2105,30,19,D,F,true,2,0.3
2105,30,20,D,G,true,3,1
2105,30,21,D,H,false,4,1
2105,30,22,E,F,false,1,0.8
2105,30,23,E,G,false,2,1
2105,30,24,E,H,true,3,1
2105,30,25,F,G,false,1,0.9
2105,30,26,F,H,false,2,1
2105,30,27,G,H,false,1,1
2105,31,0,A,B,false,1,0.8
2105,31,1,A,C,false,2,1
2105,31,2,A,D,false,3,0.7
2105,31,3,A,E,false,4,1
2105,31,4,A,F,true,5,0.9
2105,31,5,A,G,false,6,1
2105,31,6,A,H,true,7,1
2105,31,7,B,C,true,1,0.4
2105,31,8,B,D,false,2,0.4
2105,31,9,B,E,true,3,1
2105,31,10,B,F,false,4,0.4
2105,31,11,B,G,false,5,1
2105,31,12,B,H,false,6,1
2105,31,13,C,D,false,1,0.5
2105,31,14,C,E,false,2,0.6
2105,31,15,C,F,false,3,0.5
2105,31,16,C,G,true,4,1
2105,31,17,C,H,false,5,1
2105,31,18,D,E,false,1,0.6
2105,31,19,D,F,true,2,0.2
2105,31,20,D,G,true,3,1
2105,31,21,D,H,false,4,1
2105,31,22,E,F,false,1,0.4
2105,31,23,E,G,false,2,1
2105,31,24,E,H,true,3,1
2105,31,25,F,G,false,1,1
2105,31,26,F,H,false,2,1
2105,31,27,G,H,false,1,0.9
2105,32,0,A,B,false,1,0.9
2105,32,1,A,C,false,2,1
2105,32,2,A,D,false,3,1
2105,32,3,A,E,false,4,1
2105,32,4,A,F,true,5,1
2105,32,5,A,G,false,6,1
2105,32,6,A,H,true,7,1
2105,32,7,B,C,true,1,1
2105,32,8,B,D,false,2,1
2105,32,9,B,E,true,3,1
2105,32,10,B,F,false,4,1
2105,32,11,B,G,false,5,1
2105,32,12,B,H,false,6,0.9
2105,32,13,C,D,false,1,1
2105,32,14,C,E,false,2,0.9
2105,32,15,C,F,false,3,1
2105,32,16,C,G,true,4,1
2105,32,17,C,H,false,5,0.5
2105,32,18,D,E,false,1,0.1
2105,32,19,D,F,true,2,1
2105,32,20,D,G,true,3,0.9
2105,32,21,D,H,false,4,0
2105,32,22,E,F,false,1,1
2105,32,23,E,G,false,2,1
2105,32,24,E,H,true,3,0.2
2105,32,25,F,G,false,1,0
2105,32,26,F,H,false,2,0
2105,32,27,G,H,false,1,0
2105,33,0,A,B,false,1,0.3
2105,33,1,A,C,false,2,0.7
2105,33,2,A,D,false,3,1
2105,33,3,A,E,false,4,0
2105,33,4,A,F,true,5,1
2105,33,5,A,G,false,6,1
2105,33,6,A,H,true,7,0.9
2105,33,7,B,C,true,1,1
2105,33,8,B,D,false,2,1
2105,33,9,B,E,true,3,0.1
2105,33,10,B,F,false,4,1
2105,33,11,B,G,false,5,1
2105,33,12,B,H,false,6,1
2105,33,13,C,D,false,1,0.9
2105,33,14,C,E,false,2,0
2105,33,15,C,F,false,3,1
2105,33,16,C,G,true,4,1
2105,33,17,C,H,false,5,1
2105,33,18,D,E,false,1,0
2105,33,19,D,F,true,2,1
2105,33,20,D,G,true,3,1
2105,33,21,D,H,false,4,0.6
2105,33,22,E,F,false,1,1
2105,33,23,E,G,false,2,1
2105,33,24,E,H,true,3,1
2105,33,25,F,G,false,1,0.5
2105,33,26,F,H,false,2,0
2105,33,27,G,H,false,1,0
2105,34,0,A,B,false,1,1
2105,34,1,A,C,false,2,1
2105,34,2,A,D,false,3,1
2105,34,3,A,E,false,4,1
2105,34,4,A,F,true,5,1
2105,34,5,A,G,false,6,1
2105,34,6,A,H,true,7,1
2105,34,7,B,C,true,1,0.5
2105,34,8,B,D,false,2,0.6
2105,34,9,B,E,true,3,1
2105,34,10,B,F,false,4,1
2105,34,11,B,G,false,5,1
2105,34,12,B,H,false,6,1
2105,34,13,C,D,false,1,0.9
2105,34,14,C,E,false,2,1
2105,34,15,C,F,false,3,1
2105,34,16,C,G,true,4,1
2105,34,17,C,H,false,5,1
2105,34,18,D,E,false,1,0.8
2105,34,19,D,F,true,2,1
2105,34,20,D,G,true,3,1
2105,34,21,D,H,false,4,1
2105,34,22,E,F,false,1,1
2105,34,23,E,G,false,2,1
2105,34,24,E,H,true,3,1
2105,34,25,F,G,false,1,0.8
2105,34,26,F,H,false,2,1
2105,34,27,G,H,false,1,1
2105,35,0,A,B,false,1,0.6
2105,35,1,A,C,false,2,1
2105,35,2,A,D,false,3,0.8
2105,35,3,A,E,false,4,1
2105,35,4,A,F,true,5,1
2105,35,5,A,G,false,6,1
2105,35,6,A,H,true,7,1
2105,35,7,B,C,true,1,1
2105,35,8,B,D,false,2,0.2
2105,35,9,B,E,true,3,1
2105,35,10,B,F,false,4,1
2105,35,11,B,G,false,5,1
2105,35,12,B,H,false,6,1
2105,35,13,C,D,false,1,0
2105,35,14,C,E,false,2,0.9
2105,35,15,C,F,false,3,0.4
2105,35,16,C,G,true,4,1
2105,35,17,C,H,false,5,1
2105,35,18,D,E,false,1,1
2105,35,19,D,F,true,2,1
2105,35,20,D,G,true,3,1
2105,35,21,D,H,false,4,1
2105,35,22,E,F,false,1,0
2105,35,23,E,G,false,2,1
2105,35,24,E,H,true,3,1
2105,35,25,F,G,false,1,1
2105,35,26,F,H,false,2,1
2105,35,27,G,H,false,1,1
2105,36,0,A,B,false,1,0.2
2105,36,1,A,C,false,2,1
2105,36,2,A,D,false,3,0.8
2105,36,3,A,E,false,4,1
2105,36,4,A,F,true,5,1
2105,36,5,A,G,false,6,1
2105,36,6,A,H,true,7,1
2105,36,7,B,C,true,1,1
2105,36,8,B,D,false,2,1
2105,36,9,B,E,true,3,1
2105,36,10,B,F,false,4,1
2105,36,11,B,G,false,5,1
2105,36,12,B,H,false,6,1
2105,36,13,C,D,false,1,0.5
2105,36,14,C,E,false,2,1
2105,36,15,C,F,false,3,1
2105,36,16,C,G,true,4,1
2105,36,17,C,H,false,5,1
2105,36,18,D,E,false,1,1
2105,36,19,D,F,true,2,1
2105,36,20,D,G,true,3,1
2105,36,21,D,H,false,4,1
2105,36,22,E,F,false,1,0
2105,36,23,E,G,false,2,1
2105,36,24,E,H,true,3,1
2105,36,25,F,G,false,1,1
2105,36,26,F,H,false,2,1
2105,36,27,G,H,false,1,1
2105,37,0,A,B,false,1,0.3
2105,37,1,A,C,false,2,1
2105,37,2,A,D,false,3,1
2105,37,3,A,E,false,4,0.5
2105,37,4,A,F,true,5,1
2105,37,5,A,G,false,6,1
2105,37,6,A,H,true,7,1
2105,37,7,B,C,true,1,0.9
2105,37,8,B,D,false,2,1
2105,37,9,B,E,true,3,0.8
2105,37,10,B,F,false,4,1
2105,37,11,B,G,false,5,1
2105,37,12,B,H,false,6,1
2105,37,13,C,D,false,1,0.8
2105,37,14,C,E,false,2,0.2
2105,37,15,C,F,false,3,1
2105,37,16,C,G,true,4,0.9
2105,37,17,C,H,false,5,1
2105,37,18,D,E,false,1,0
2105,37,19,D,F,true,2,1
2105,37,20,D,G,true,3,0.7
2105,37,21,D,H,false,4,0.6
2105,37,22,E,F,false,1,1
2105,37,23,E,G,false,2,1
2105,37,24,E,H,true,3,1
2105,37,25,F,G,false,1,0
2105,37,26,F,H,false,2,0
2105,37,27,G,H,false,1,0.5
2105,38,0,A,B,false,1,1
2105,38,1,A,C,false,2,1
2105,38,2,A,D,false,3,1
2105,38,3,A,E,false,4,1
2105,38,4,A,F,true,5,1
2105,38,5,A,G,false,6,1
2105,38,6,A,H,true,7,1
2105,38,7,B,C,true,1,1
2105,38,8,B,D,false,2,1
2105,38,9,B,E,true,3,1
2105,38,10,B,F,false,4,1
2105,38,11,B,G,false,5,1
2105,38,12,B,H,false,6,1
2105,38,13,C,D,false,1,1
2105,38,14,C,E,false,2,1
2105,38,15,C,F,false,3,1
2105,38,16,C,G,true,4,1
2105,38,17,C,H,false,5,1
2105,38,18,D,E,false,1,0.9
2105,38,19,D,F,true,2,1
2105,38,20,D,G,true,3,1
2105,38,21,D,H,false,4,1
2105,38,22,E,F,false,1,1
2105,38,23,E,G,false,2,1
2105,38,24,E,H,true,3,1
2105,38,25,F,G,false,1,1
2105,38,26,F,H,false,2,1
2105,38,27,G,H,false,1,0.5
2105,39,0,A,B,false,1,0
2105,39,1,A,C,false,2,0
2105,39,2,A,D,false,3,0.5
2105,39,3,A,E,false,4,0
2105,39,4,A,F,true,5,1
2105,39,5,A,G,false,6,1
2105,39,6,A,H,true,7,1
2105,39,7,B,C,true,1,0.5
2105,39,8,B,D,false,2,1
2105,39,9,B,E,true,3,0.7
2105,39,10,B,F,false,4,1
2105,39,11,B,G,false,5,1
2105,39,12,B,H,false,6,1
2105,39,13,C,D,false,1,1
2105,39,14,C,E,false,2,0.1
2105,39,15,C,F,false,3,1
2105,39,16,C,G,true,4,1
2105,39,17,C,H,false,5,1
2105,39,18,D,E,false,1,0
2105,39,19,D,F,true,2,1
2105,39,20,D,G,true,3,1
2105,39,21,D,H,false,4,1
2105,39,22,E,F,false,1,1
2105,39,23,E,G,false,2,1
2105,39,24,E,H,true,3,1
2105,39,25,F,G,false,1,0.3
2105,39,26,F,H,false,2,0
2105,39,27,G,H,false,1,0
2105,40,0,A,B,false,1,0.9
2105,40,1,A,C,false,2,1
2105,40,2,A,D,false,3,1
2105,40,3,A,E,false,4,1
2105,40,4,A,F,true,5,1
2105,40,5,A,G,false,6,1
2105,40,6,A,H,true,7,1
2105,40,7,B,C,true,1,0.9
2105,40,8,B,D,false,2,1
2105,40,9,B,E,true,3,1
2105,40,10,B,F,false,4,1
2105,40,11,B,G,false,5,1
2105,40,12,B,H,false,6,1
2105,40,13,C,D,false,1,0.6
2105,40,14,C,E,false,2,0.6
2105,40,15,C,F,false,3,1
2105,40,16,C,G,true,4,1
2105,40,17,C,H,false,5,1
2105,40,18,D,E,false,1,0.3
2105,40,19,D,F,true,2,0.9
2105,40,20,D,G,true,3,1
2105,40,21,D,H,false,4,0.8
2105,40,22,E,F,false,1,1
2105,40,23,E,G,false,2,1
2105,40,24,E,H,true,3,1
2105,40,25,F,G,false,1,1
2105,40,26,F,H,false,2,0.5
2105,40,27,G,H,false,1,0
2105,41,0,A,B,false,1,0.8
2105,41,1,A,C,false,2,1
2105,41,2,A,D,false,3,0.9
2105,41,3,A,E,false,4,1
2105,41,4,A,F,true,5,0.9
2105,41,5,A,G,false,6,1
2105,41,6,A,H,true,7,1
2105,41,7,B,C,true,1,1
2105,41,8,B,D,false,2,1
2105,41,9,B,E,true,3,1
2105,41,10,B,F,false,4,1
2105,41,11,B,G,false,5,1
2105,41,12,B,H,false,6,1
2105,41,13,C,D,false,1,0.1
2105,41,14,C,E,false,2,1
2105,41,15,C,F,false,3,0.2
2105,41,16,C,G,true,4,1
2105,41,17,C,H,false,5,1
2105,41,18,D,E,false,1,1
2105,41,19,D,F,true,2,0.7
2105,41,20,D,G,true,3,1
2105,41,21,D,H,false,4,1
2105,41,22,E,F,false,1,0
2105,41,23,E,G,false,2,1
2105,41,24,E,H,true,3,1
2105,41,25,F,G,false,1,1
2105,41,26,F,H,false,2,1
2105,41,27,G,H,false,1,0.4
2105,42,0,A,B,false,1,0
2105,42,1,A,C,false,2,0
2105,42,2,A,D,false,3,0.1
2105,42,3,A,E,false,4,0.5
2105,42,4,A,F,true,5,0.9
2105,42,5,A,G,false,6,1
2105,42,6,A,H,true,7,1
2105,42,7,B,C,true,1,1
2105,42,8,B,D,false,2,1
2105,42,9,B,E,true,3,1
2105,42,10,B,F,false,4,1
2105,42,11,B,G,false,5,1
2105,42,12,B,H,false,6,1
2105,42,13,C,D,false,1,1
2105,42,14,C,E,false,2,1
2105,42,15,C,F,false,3,1
2105,42,16,C,G,true,4,1
2105,42,17,C,H,false,5,1
2105,42,18,D,E,false,1,0.6
2105,42,19,D,F,true,2,1
2105,42,20,D,G,true,3,1
2105,42,21,D,H,false,4,1
2105,42,22,E,F,false,1,1
2105,42,23,E,G,false,2,1
2105,42,24,E,H,true,3,1
2105,42,25,F,G,false,1,0.6
2105,42,26,F,H,false,2,0.8
2105,42,27,G,H,false,1,0.3
2105,43,0,A,B,false,1,1
2105,43,1,A,C,false,2,1
2105,43,2,A,D,false,3,1
2105,43,3,A,E,false,4,1
2105,43,4,A,F,true,5,1
2105,43,5,A,G,false,6,1
2105,43,6,A,H,true,7,1
2105,43,7,B,C,true,1,0.5
2105,43,8,B,D,false,2,0.5
2105,43,9,B,E,true,3,1
2105,43,10,B,F,false,4,1
2105,43,11,B,G,false,5,1
2105,43,12,B,H,false,6,1
2105,43,13,C,D,false,1,0.3
2105,43,14,C,E,false,2,1
2105,43,15,C,F,false,3,1
2105,43,16,C,G,true,4,1
2105,43,17,C,H,false,5,1
2105,43,18,D,E,false,1,1
2105,43,19,D,F,true,2,1
2105,43,20,D,G,true,3,1
2105,43,21,D,H,false,4,1
2105,43,22,E,F,false,1,0.3
2105,43,23,E,G,false,2,0.6
2105,43,24,E,H,true,3,1
2105,43,25,F,G,false,1,1
2105,43,26,F,H,false,2,1
2105,43,27,G,H,false,1,1
2105,44,0,A,B,false,1,0
2105,44,1,A,C,false,2,0
2105,44,2,A,D,false,3,1
2105,44,3,A,E,false,4,0.5
2105,44,4,A,F,true,5,1
2105,44,5,A,G,false,6,1
2105,44,6,A,H,true,7,1
2105,44,7,B,C,true,1,1
2105,44,8,B,D,false,2,1
2105,44,9,B,E,true,3,1
2105,44,10,B,F,false,4,1
2105,44,11,B,G,false,5,1
2105,44,12,B,H,false,6,1
2105,44,13,C,D,false,1,1
2105,44,14,C,E,false,2,1
2105,44,15,C,F,false,3,1
2105,44,16,C,G,true,4,1
2105,44,17,C,H,false,5,1
2105,44,18,D,E,false,1,0
2105,44,19,D,F,true,2,1
2105,44,20,D,G,true,3,0.1
2105,44,21,D,H,false,4,0.5
2105,44,22,E,F,false,1,1
2105,44,23,E,G,false,2,1
2105,44,24,E,H,true,3,1
2105,44,25,F,G,false,1,0
2105,44,26,F,H,false,2,0
2105,44,27,G,H,false,1,0.6
2105,45,0,A,B,false,1,0
2105,45,1,A,C,false,2,1
2105,45,2,A,D,false,3,1
2105,45,3,A,E,false,4,1
2105,45,4,A,F,true,5,1
2105,45,5,A,G,false,6,1
2105,45,6,A,H,true,7,1
2105,45,7,B,C,true,1,1
2105,45,8,B,D,false,2,1
2105,45,9,B,E,true,3,1
2105,45,10,B,F,false,4,1
2105,45,11,B,G,false,5,1
2105,45,12,B,H,false,6,1
2105,45,13,C,D,false,1,1
2105,45,14,C,E,false,2,0.7
2105,45,15,C,F,false,3,1
2105,45,16,C,G,true,4,1
2105,45,17,C,H,false,5,0.9
2105,45,18,D,E,false,1,0
2105,45,19,D,F,true,2,1
2105,45,20,D,G,true,3,1
2105,45,21,D,H,false,4,0
2105,45,22,E,F,false,1,1
2105,45,23,E,G,false,2,1
2105,45,24,E,H,true,3,0.6
2105,45,25,F,G,false,1,0.9
2105,45,26,F,H,false,2,0
2105,45,27,G,H,false,1,0
2105,46,0,A,B,false,1,0.7
2105,46,1,A,C,false,2,1
2105,46,2,A,D,false,3,1
2105,46,3,A,E,false,4,0
2105,46,4,A,F,true,5,1
2105,46,5,A,G,false,6,1
2105,46,6,A,H,true,7,1
2105,46,7,B,C,true,1,1
2105,46,8,B,D,false,2,1
2105,46,9,B,E,true,3,0
2105,46,10,B,F,false,4,1
2105,46,11,B,G,false,5,1
2105,46,12,B,H,false,6,0.7
2105,46,13,C,D,false,1,0.2
2105,46,14,C,E,false,2,0
2105,46,15,C,F,false,3,1
2105,46,16,C,G,true,4,1
2105,46,17,C,H,false,5,0.4
2105,46,18,D,E,false,1,0
2105,46,19,D,F,true,2,1
2105,46,20,D,G,true,3,1
2105,46,21,D,H,false,4,0.3
2105,46,22,E,F,false,1,1
2105,46,23,E,G,false,2,1
2105,46,24,E,H,true,3,1
2105,46,25,F,G,false,1,0.9
2105,46,26,F,H,false,2,0
2105,46,27,G,H,false,1,0
2105,47,0,A,B,false,1,1
2105,47,1,A,C,false,2,1
2105,47,2,A,D,false,3,1
2105,47,3,A,E,false,4,1
2105,47,4,A,F,true,5,1
2105,47,5,A,G,false,6,1
2105,47,6,A,H,true,7,1
2105,47,7,B,C,true,1,0.8
2105,47,8,B,D,false,2,1
2105,47,9,B,E,true,3,0.8
2105,47,10,B,F,false,4,1
2105,47,11,B,G,false,5,1
2105,47,12,B,H,false,6,1
2105,47,13,C,D,false,1,1
2105,47,14,C,E,false,2,0.5
2105,47,15,C,F,false,3,1
2105,47,16,C,G,true,4,1
2105,47,17,C,H,false,5,1
2105,47,18,D,E,false,1,0.1
2105,47,19,D,F,true,2,1
2105,47,20,D,G,true,3,1
2105,47,21,D,H,false,4,1
2105,47,22,E,F,false,1,1
2105,47,23,E,G,false,2,1
2105,47,24,E,H,true,3,1
2105,47,25,F,G,false,1,0.2
2105,47,26,F,H,false,2,0.4
2105,47,27,G,H,false,1,0.6
2105,48,0,A,B,false,1,0
2105,48,1,A,C,false,2,0
2105,48,2,A,D,false,3,0
2105,48,3,A,E,false,4,1
2105,48,4,A,F,true,5,1
2105,48,5,A,G,false,6,1
2105,48,6,A,H,true,7,1
2105,48,7,B,C,true,1,0.7
2105,48,8,B,D,false,2,0.6
2105,48,9,B,E,true,3,1
2105,48,10,B,F,false,4,1
2105,48,11,B,G,false,5,1
2105,48,12,B,H,false,6,1
2105,48,13,C,D,false,1,1
2105,48,14,C,E,false,2,1
2105,48,15,C,F,false,3,1
2105,48,16,C,G,true,4,1
2105,48,17,C,H,false,5,1
2105,48,18,D,E,false,1,1
2105,48,19,D,F,true,2,1
2105,48,20,D,G,true,3,1
2105,48,21,D,H,false,4,1
2105,48,22,E,F,false,1,0
2105,48,23,E,G,false,2,1
2105,48,24,E,H,true,3,1
2105,48,25,F,G,false,1,1
2105,48,26,F,H,false,2,1
2105,48,27,G,H,false,1,1
2105,49,0,A,B,false,1,1
2105,49,1,A,C,false,2,0.7
2105,49,2,A,D,false,3,0.4
2105,49,3,A,E,false,4,1
2105,49,4,A,F,true,5,1
2105,49,5,A,G,false,6,1
2105,49,6,A,H,true,7,1
2105,49,7,B,C,true,1,0.7
2105,49,8,B,D,false,2,0.2
2105,49,9,B,E,true,3,1
2105,49,10,B,F,false,4,0.3
2105,49,11,B,G,false,5,1
2105,49,12,B,H,false,6,1
2105,49,13,C,D,false,1,0.2
2105,49,14,C,E,false,2,1
2105,49,15,C,F,false,3,0.5
2105,49,16,C,G,true,4,1
2105,49,17,C,H,false,5,1
2105,49,18,D,E,false,1,1
2105,49,19,D,F,true,2,0.8
2105,49,20,D,G,true,3,1
2105,49,21,D,H,false,4,1
2105,49,22,E,F,false,1,0
2105,49,23,E,G,false,2,1
2105,49,24,E,H,true,3,1
2105,49,25,F,G,false,1,1
2105,49,26,F,H,false,2,1
2105,49,27,G,H,false,1,1
2105,50,0,A,B,false,1,1
2105,50,1,A,C,false,2,1
2105,50,2,A,D,false,3,1
2105,50,3,A,E,false,4,1
2105,50,4,A,F,true,5,0.5
2105,50,5,A,G,false,6,1
2105,50,6,A,H,true,7,1
2105,50,7,B,C,true,1,1
2105,50,8,B,D,false,2,0.4
2105,50,9,B,E,true,3,1
2105,50,10,B,F,false,4,0
2105,50,11,B,G,false,5,1
2105,50,12,B,H,false,6,1
2105,50,13,C,D,false,1,0.1
2105,50,14,C,E,false,2,1
2105,50,15,C,F,false,3,0
2105,50,16,C,G,true,4,1
2105,50,17,C,H,false,5,1
2105,50,18,D,E,false,1,1
2105,50,19,D,F,true,2,0
2105,50,20,D,G,true,3,1
2105,50,21,D,H,false,4,1
2105,50,22,E,F,false,1,0
2105,50,23,E,G,false,2,0.9
2105,50,24,E,H,true,3,1
2105,50,25,F,G,false,1,1
2105,50,26,F,H,false,2,1
2105,50,27,G,H,false,1,1
2105,51,0,A,B,false,1,1
2105,51,1,A,C,false,2,1
2105,51,2,A,D,false,3,1
2105,51,3,A,E,false,4,1
2105,51,4,A,F,true,5,1
2105,51,5,A,G,false,6,1
2105,51,6,A,H,true,7,1
2105,51,7,B,C,true,1,1
2105,51,8,B,D,false,2,0
2105,51,9,B,E,true,3,1
2105,51,10,B,F,false,4,0.1
2105,51,11,B,G,false,5,0.9
2105,51,12,B,H,false,6,1
2105,51,13,C,D,false,1,0
2105,51,14,C,E,false,2,0.5
2105,51,15,C,F,false,3,0.1
2105,51,16,C,G,true,4,0.9
2105,51,17,C,H,false,5,0.9
2105,51,18,D,E,false,1,1
2105,51,19,D,F,true,2,1
2105,51,20,D,G,true,3,1
2105,51,21,D,H,false,4,1
2105,51,22,E,F,false,1,0
2105,51,23,E,G,false,2,0.7
2105,51,24,E,H,true,3,0.9
2105,51,25,F,G,false,1,1
2105,51,26,F,H,false,2,1
2105,51,27,G,H,false,1,0.9
2105,52,0,A,B,false,1,1
2105,52,1,A,C,false,2,1
2105,52,2,A,D,false,3,1
2105,52,3,A,E,false,4,1
2105,52,4,A,F,true,5,1
2105,52,5,A,G,false,6,1
2105,52,6,A,H,true,7,1
2105,52,7,B,C,true,1,0.6
2105,52,8,B,D,false,2,0.7
2105,52,9,B,E,true,3,0.6
2105,52,10,B,F,false,4,1
2105,52,11,B,G,false,5,1
2105,52,12,B,H,false,6,1
2105,52,13,C,D,false,1,0.5
2105,52,14,C,E,false,2,0.6
2105,52,15,C,F,false,3,0.2
2105,52,16,C,G,true,4,1
2105,52,17,C,H,false,5,1
2105,52,18,D,E,false,1,0.3
2105,52,19,D,F,true,2,1
2105,52,20,D,G,true,3,1
2105,52,21,D,H,false,4,1
2105,52,22,E,F,false,1,1
2105,52,23,E,G,false,2,1
2105,52,24,E,H,true,3,1
2105,52,25,F,G,false,1,1
2105,52,26,F,H,false,2,1
2105,52,27,G,H,false,1,1
2105,53,0,A,B,false,1,0.8
2105,53,1,A,C,false,2,1
2105,53,2,A,D,false,3,1
2105,53,3,A,E,false,4,1
2105,53,4,A,F,true,5,1
2105,53,5,A,G,false,6,1
2105,53,6,A,H,true,7,1
2105,53,7,B,C,true,1,1
2105,53,8,B,D,false,2,1
2105,53,9,B,E,true,3,1
2105,53,10,B,F,false,4,1
2105,53,11,B,G,false,5,1
2105,53,12,B,H,false,6,1
2105,53,13,C,D,false,1,1
2105,53,14,C,E,false,2,1
2105,53,15,C,F,false,3,1
2105,53,16,C,G,true,4,1
2105,53,17,C,H,false,5,1
2105,53,18,D,E,false,1,1
2105,53,19,D,F,true,2,1
2105,53,20,D,G,true,3,0.9
2105,53,21,D,H,false,4,1
2105,53,22,E,F,false,1,0.4
2105,53,23,E,G,false,2,0
2105,53,24,E,H,true,3,1
2105,53,25,F,G,false,1,0
2105,53,26,F,H,false,2,1
2105,53,27,G,H,false,1,1
2105,54,0,A,B,false,1,1
2105,54,1,A,C,false,2,1
2105,54,2,A,D,false,3,1
2105,54,3,A,E,false,4,1
2105,54,4,A,F,true,5,1
2105,54,5,A,G,false,6,1
2105,54,6,A,H,true,7,1
2105,54,7,B,C,true,1,1
2105,54,8,B,D,false,2,1
2105,54,9,B,E,true,3,1
2105,54,10,B,F,false,4,1
2105,54,11,B,G,false,5,1
2105,54,12,B,H,false,6,1
2105,54,13,C,D,false,1,1
2105,54,14,C,E,false,2,1
2105,54,15,C,F,false,3,1
2105,54,16,C,G,true,4,1
2105,54,17,C,H,false,5,1
2105,54,18,D,E,false,1,0.7
2105,54,19,D,F,true,2,1
2105,54,20,D,G,true,3,0.5
2105,54,21,D,H,false,4,1
2105,54,22,E,F,false,1,1
2105,54,23,E,G,false,2,0.5
2105,54,24,E,H,true,3,1
2105,54,25,F,G,false,1,0
2105,54,26,F,H,false,2,1
2105,54,27,G,H,false,1,1
2105,55,0,A,B,false,1,1
2105,55,1,A,C,false,2,1
2105,55,2,A,D,false,3,1
2105,55,3,A,E,false,4,1
2105,55,4,A,F,true,5,1
2105,55,5,A,G,false,6,1
2105,55,6,A,H,true,7,1
2105,55,7,B,C,true,1,0.9
2105,55,8,B,D,false,2,0
2105,55,9,B,E,true,3,0.6
2105,55,10,B,F,false,4,1
2105,55,11,B,G,false,5,1
2105,55,12,B,H,false,6,1
2105,55,13,C,D,false,1,0
2105,55,14,C,E,false,2,0.2
2105,55,15,C,F,false,3,1
2105,55,16,C,G,true,4,1
2105,55,17,C,H,false,5,1
2105,55,18,D,E,false,1,0.5
2105,55,19,D,F,true,2,1
2105,55,20,D,G,true,3,1
2105,55,21,D,H,false,4,1
2105,55,22,E,F,false,1,1
2105,55,23,E,G,false,2,1
2105,55,24,E,H,true,3,1
2105,55,25,F,G,false,1,0.7
2105,55,26,F,H,false,2,0.9
2105,55,27,G,H,false,1,0.6
2105,56,0,A,B,false,1,1
2105,56,1,A,C,false,2,1
2105,56,2,A,D,false,3,1
2105,56,3,A,E,false,4,1
2105,56,4,A,F,true,5,1
2105,56,5,A,G,false,6,1
2105,56,6,A,H,true,7,1
2105,56,7,B,C,true,1,1
2105,56,8,B,D,false,2,1
2105,56,9,B,E,true,3,0.3
2105,56,10,B,F,false,4,1
2105,56,11,B,G,false,5,1
2105,56,12,B,H,false,6,1
2105,56,13,C,D,false,1,0.9
2105,56,14,C,E,false,2,0
2105,56,15,C,F,false,3,1
2105,56,16,C,G,true,4,1
2105,56,17,C,H,false,5,1
2105,56,18,D,E,false,1,0.1
2105,56,19,D,F,true,2,1
2105,56,20,D,G,true,3,1
2105,56,21,D,H,false,4,1
2105,56,22,E,F,false,1,1
2105,56,23,E,G,false,2,1
2105,56,24,E,H,true,3,1
2105,56,25,F,G,false,1,1
2105,56,26,F,H,false,2,0.2
2105,56,27,G,H,false,1,0
2105,57,0,A,B,false,1,0.7
2105,57,1,A,C,false,2,1
2105,57,2,A,D,false,3,1
2105,57,3,A,E,false,4,1
2105,57,4,A,F,true,5,1
2105,57,5,A,G,false,6,1
2105,57,6,A,H,true,7,1
2105,57,7,B,C,true,1,0.9
2105,57,8,B,D,false,2,1
2105,57,9,B,E,true,3,1
2105,57,10,B,F,false,4,1
2105,57,11,B,G,false,5,1
2105,57,12,B,H,false,6,1
2105,57,13,C,D,false,1,0.9
2105,57,14,C,E,false,2,1
2105,57,15,C,F,false,3,1
2105,57,16,C,G,true,4,1
2105,57,17,C,H,false,5,1
2105,57,18,D,E,false,1,1
2105,57,19,D,F,true,2,1
2105,57,20,D,G,true,3,1
2105,57,21,D,H,false,4,1
2105,57,22,E,F,false,1,0.7
2105,57,23,E,G,false,2,1
2105,57,24,E,H,true,3,1
2105,57,25,F,G,false,1,1
2105,57,26,F,H,false,2,1
2105,57,27,G,H,false,1,0.7
2105,58,0,A,B,false,1,0.3
2105,58,1,A,C,false,2,0.3
2105,58,2,A,D,false,3,0.1
2105,58,3,A,E,false,4,1
2105,58,4,A,F,true,5,1
2105,58,5,A,G,false,6,1
2105,58,6,A,H,true,7,1
2105,58,7,B,C,true,1,1
2105,58,8,B,D,false,2,0.5
2105,58,9,B,E,true,3,1
2105,58,10,B,F,false,4,1
2105,58,11,B,G,false,5,1
2105,58,12,B,H,false,6,1
2105,58,13,C,D,false,1,0.4
2105,58,14,C,E,false,2,1
2105,58,15,C,F,false,3,1
2105,58,16,C,G,true,4,1
2105,58,17,C,H,false,5,1
2105,58,18,D,E,false,1,1
2105,58,19,D,F,true,2,1
2105,58,20,D,G,true,3,1
2105,58,21,D,H,false,4,1
2105,58,22,E,F,false,1,0
2105,58,23,E,G,false,2,0.6
2105,58,24,E,H,true,3,1
2105,58,25,F,G,false,1,1
2105,58,26,F,H,false,2,1
2105,58,27,G,H,false,1,1
2105,59,0,A,B,false,1,1
2105,59,1,A,C,false,2,1
2105,59,2,A,D,false,3,1
2105,59,3,A,E,false,4,1
2105,59,4,A,F,true,5,1
2105,59,5,A,G,false,6,1
2105,59,6,A,H,true,7,1
2105,59,7,B,C,true,1,1
2105,59,8,B,D,false,2,0
2105,59,9,B,E,true,3,1
2105,59,10,B,F,false,4,1
2105,59,11,B,G,false,5,1
2105,59,12,B,H,false,6,1
2105,59,13,C,D,false,1,0
2105,59,14,C,E,false,2,0.5
2105,59,15,C,F,false,3,0.3
2105,59,16,C,G,true,4,0.6
2105,59,17,C,H,false,5,0.7
2105,59,18,D,E,false,1,1
2105,59,19,D,F,true,2,1
2105,59,20,D,G,true,3,1
2105,59,21,D,H,false,4,1
2105,59,22,E,F,false,1,0.5
2105,59,23,E,G,false,2,0.6
2105,59,24,E,H,true,3,0.9
2105,59,25,F,G,false,1,0.2
2105,59,26,F,H,false,2,0.6
2105,59,27,G,H,false,1,0.9
2105,60,0,A,B,false,1,1
2105,60,1,A,C,false,2,1
2105,60,2,A,D,false,3,1
2105,60,3,A,E,false,4,1
2105,60,4,A,F,true,5,1
2105,60,5,A,G,false,6,1
2105,60,6,A,H,true,7,1
2105,60,7,B,C,true,1,1
2105,60,8,B,D,false,2,1
2105,60,9,B,E,true,3,0.9
2105,60,10,B,F,false,4,1
2105,60,11,B,G,false,5,1
2105,60,12,B,H,false,6,1
2105,60,13,C,D,false,1,0
2105,60,14,C,E,false,2,0.1
2105,60,15,C,F,false,3,0.8
2105,60,16,C,G,true,4,0.6
2105,60,17,C,H,false,5,1
2105,60,18,D,E,false,1,0.4
2105,60,19,D,F,true,2,1
2105,60,20,D,G,true,3,1
2105,60,21,D,H,false,4,1
2105,60,22,E,F,false,1,1
2105,60,23,E,G,false,2,1
2105,60,24,E,H,true,3,1
2105,60,25,F,G,false,1,0.5
2105,60,26,F,H,false,2,0.2
2105,60,27,G,H,false,1,0.3
2105,61,0,A,B,false,1,1
2105,61,1,A,C,false,2,1
2105,61,2,A,D,false,3,0.4
2105,61,3,A,E,false,4,1
2105,61,4,A,F,true,5,1
2105,61,5,A,G,false,6,1
2105,61,6,A,H,true,7,1
2105,61,7,B,C,true,1,0.6
2105,61,8,B,D,false,2,0
2105,61,9,B,E,true,3,0.7
2105,61,10,B,F,false,4,0.6
2105,61,11,B,G,false,5,1
2105,61,12,B,H,false,6,1
2105,61,13,C,D,false,1,0
2105,61,14,C,E,false,2,0.9
2105,61,15,C,F,false,3,0.3
2105,61,16,C,G,true,4,1
2105,61,17,C,H,false,5,1
2105,61,18,D,E,false,1,1
2105,61,19,D,F,true,2,1
2105,61,20,D,G,true,3,1
2105,61,21,D,H,false,4,1
2105,61,22,E,F,false,1,0
2105,61,23,E,G,false,2,1
2105,61,24,E,H,true,3,1
2105,61,25,F,G,false,1,1
2105,61,26,F,H,false,2,1
2105,61,27,G,H,false,1,1
2105,62,0,A,B,false,1,1
2105,62,1,A,C,false,2,1
2105,62,2,A,D,false,3,1
2105,62,3,A,E,false,4,1
2105,62,4,A,F,true,5,1
2105,62,5,A,G,false,6,1
2105,62,6,A,H,true,7,1
2105,62,7,B,C,true,1,1
2105,62,8,B,D,false,2,0.2
2105,62,9,B,E,true,3,1
2105,62,10,B,F,false,4,1
2105,62,11,B,G,false,5,1
2105,62,12,B,H,false,6,1
2105,62,13,C,D,false,1,0
2105,62,14,C,E,false,2,0.7
2105,62,15,C,F,false,3,0.9
2105,62,16,C,G,true,4,1
2105,62,17,C,H,false,5,1
2105,62,18,D,E,false,1,1
2105,62,19,D,F,true,2,1
2105,62,20,D,G,true,3,1
2105,62,21,D,H,false,4,1
2105,62,22,E,F,false,1,1
2105,62,23,E,G,false,2,1
2105,62,24,E,H,true,3,1
2105,62,25,F,G,false,1,0.8
2105,62,26,F,H,false,2,1
2105,62,27,G,H,false,1,1
2105,63,0,A,B,false,1,1
2105,63,1,A,C,false,2,1
2105,63,2,A,D,false,3,1
2105,63,3,A,E,false,4,1
2105,63,4,A,F,true,5,1
2105,63,5,A,G,false,6,1
2105,63,6,A,H,true,7,1
2105,63,7,B,C,true,1,0.4
2105,63,8,B,D,false,2,0
2105,63,9,B,E,true,3,0.7
2105,63,10,B,F,false,4,0.6
2105,63,11,B,G,false,5,0.6
2105,63,12,B,H,false,6,0.1
2105,63,13,C,D,false,1,0.2
2105,63,14,C,E,false,2,1
2105,63,15,C,F,false,3,0.9
2105,63,16,C,G,true,4,1
2105,63,17,C,H,false,5,0.8
2105,63,18,D,E,false,1,1
2105,63,19,D,F,true,2,1
2105,63,20,D,G,true,3,1
2105,63,21,D,H,false,4,0.8
2105,63,22,E,F,false,1,0.2
2105,63,23,E,G,false,2,0.2
2105,63,24,E,H,true,3,0.4
2105,63,25,F,G,false,1,0.2
2105,63,26,F,H,false,2,0
2105,63,27,G,H,false,1,0.2
2105,64,0,A,B,false,1,0
2105,64,1,A,C,false,2,0.9
2105,64,2,A,D,false,3,1
2105,64,3,A,E,false,4,0.6
2105,64,4,A,F,true,5,1
2105,64,5,A,G,false,6,1
2105,64,6,A,H,true,7,1
2105,64,7,B,C,true,1,1
2105,64,8,B,D,false,2,1
2105,64,9,B,E,true,3,1
2105,64,10,B,F,false,4,1
2105,64,11,B,G,false,5,1
2105,64,12,B,H,false,6,1
2105,64,13,C,D,false,1,0.5
2105,64,14,C,E,false,2,0
2105,64,15,C,F,false,3,0.8
2105,64,16,C,G,true,4,1
2105,64,17,C,H,false,5,1
2105,64,18,D,E,false,1,0
2105,64,19,D,F,true,2,0.4
2105,64,20,D,G,true,3,1
2105,64,21,D,H,false,4,1
2105,64,22,E,F,false,1,1
2105,64,23,E,G,false,2,1
2105,64,24,E,H,true,3,1
2105,64,25,F,G,false,1,1
2105,64,26,F,H,false,2,1
2105,64,27,G,H,false,1,1
2105,65,0,A,B,false,1,1
2105,65,1,A,C,false,2,1
2105,65,2,A,D,false,3,1
2105,65,3,A,E,false,4,1
2105,65,4,A,F,true,5,1
2105,65,5,A,G,false,6,1
2105,65,6,A,H,true,7,1
2105,65,7,B,C,true,1,0.8
2105,65,8,B,D,false,2,1
2105,65,9,B,E,true,3,1
2105,65,10,B,F,false,4,1
2105,65,11,B,G,false,5,1
2105,65,12,B,H,false,6,1
2105,65,13,C,D,false,1,0.4
2105,65,14,C,E,false,2,1
2105,65,15,C,F,false,3,1
2105,65,16,C,G,true,4,1
2105,65,17,C,H,false,5,1
2105,65,18,D,E,false,1,1
2105,65,19,D,F,true,2,1
2105,65,20,D,G,true,3,1
2105,65,21,D,H,false,4,1
2105,65,22,E,F,false,1,0.6
2105,65,23,E,G,false,2,0.9
2105,65,24,E,H,true,3,1
2105,65,25,F,G,false,1,1
2105,65,26,F,H,false,2,1
2105,65,27,G,H,false,1,1
2105,66,0,A,B,false,1,1
2105,66,1,A,C,false,2,1
2105,66,2,A,D,false,3,1
2105,66,3,A,E,false,4,1
2105,66,4,A,F,true,5,1
2105,66,5,A,G,false,6,1
2105,66,6,A,H,true,7,1
2105,66,7,B,C,true,1,0.9
2105,66,8,B,D,false,2,1
2105,66,9,B,E,true,3,1
2105,66,10,B,F,false,4,1
2105,66,11,B,G,false,5,1
2105,66,12,B,H,false,6,1
2105,66,13,C,D,false,1,1
2105,66,14,C,E,false,2,1
2105,66,15,C,F,false,3,1
2105,66,16,C,G,true,4,1
2105,66,17,C,H,false,5,1
2105,66,18,D,E,false,1,0
2105,66,19,D,F,true,2,0.9
2105,66,20,D,G,true,3,1
2105,66,21,D,H,false,4,1
2105,66,22,E,F,false,1,1
2105,66,23,E,G,false,2,1
2105,66,24,E,H,true,3,1
2105,66,25,F,G,false,1,0.6
2105,66,26,F,H,false,2,1
2105,66,27,G,H,false,1,1
2105,67,0,A,B,false,1,0.1
2105,67,1,A,C,false,2,0.8
2105,67,2,A,D,false,3,1
2105,67,3,A,E,false,4,1
2105,67,4,A,F,true,5,1
2105,67,5,A,G,false,6,1
2105,67,6,A,H,true,7,1
2105,67,7,B,C,true,1,1
2105,67,8,B,D,false,2,1
2105,67,9,B,E,true,3,1
2105,67,10,B,F,false,4,1
2105,67,11,B,G,false,5,1
2105,67,12,B,H,false,6,1
2105,67,13,C,D,false,1,1
2105,67,14,C,E,false,2,0.9
2105,67,15,C,F,false,3,1
2105,67,16,C,G,true,4,1
2105,67,17,C,H,false,5,1
2105,67,18,D,E,false,1,0.4
2105,67,19,D,F,true,2,1
2105,67,20,D,G,true,3,1
2105,67,21,D,H,false,4,1
2105,67,22,E,F,false,1,1
2105,67,23,E,G,false,2,1
2105,67,24,E,H,true,3,1
2105,67,25,F,G,false,1,0.7
2105,67,26,F,H,false,2,0.4
2105,67,27,G,H,false,1,0.6
2105,68,0,A,B,false,1,0.6
2105,68,1,A,C,false,2,1
2105,68,2,A,D,false,3,1
2105,68,3,A,E,false,4,1
2105,68,4,A,F,true,5,1
2105,68,5,A,G,false,6,1
2105,68,6,A,H,true,7,1
2105,68,7,B,C,true,1,1
2105,68,8,B,D,false,2,1
2105,68,9,B,E,true,3,1
2105,68,10,B,F,false,4,1
2105,68,11,B,G,false,5,1
2105,68,12,B,H,false,6,1
2105,68,13,C,D,false,1,1
2105,68,14,C,E,false,2,1
2105,68,15,C,F,false,3,1
2105,68,16,C,G,true,4,1
2105,68,17,C,H,false,5,1
2105,68,18,D,E,false,1,1
2105,68,19,D,F,true,2,1
2105,68,20,D,G,true,3,1
2105,68,21,D,H,false,4,1
2105,68,22,E,F,false,1,0.5
2105,68,23,E,G,false,2,0.9
2105,68,24,E,H,true,3,0.8
2105,68,25,F,G,false,1,0.9
2105,68,26,F,H,false,2,0.5
2105,68,27,G,H,false,1,0.1
2105,69,0,A,B,false,1,0
2105,69,1,A,C,false,2,0
2105,69,2,A,D,false,3,0.7
2105,69,3,A,E,false,4,1
2105,69,4,A,F,true,5,0.9
2105,69,5,A,G,false,6,1
2105,69,6,A,H,true,7,1
2105,69,7,B,C,true,1,0.5
2105,69,8,B,D,false,2,1
2105,69,9,B,E,true,3,1
2105,69,10,B,F,false,4,1
2105,69,11,B,G,false,5,1
2105,69,12,B,H,false,6,1
2105,69,13,C,D,false,1,1
2105,69,14,C,E,false,2,1
2105,69,15,C,F,false,3,1
2105,69,16,C,G,true,4,1
2105,69,17,C,H,false,5,1
2105,69,18,D,E,false,1,0.9
2105,69,19,D,F,true,2,0.2
2105,69,20,D,G,true,3,1
2105,69,21,D,H,false,4,1
2105,69,22,E,F,false,1,0
2105,69,23,E,G,false,2,0.3
2105,69,24,E,H,true,3,1
2105,69,25,F,G,false,1,1
2105,69,26,F,H,false,2,1
2105,69,27,G,H,false,1,1
2105,70,0,A,B,false,1,1
2105,70,1,A,C,false,2,1
2105,70,2,A,D,false,3,1
2105,70,3,A,E,false,4,1
2105,70,4,A,F,true,5,1
2105,70,5,A,G,false,6,1
2105,70,6,A,H,true,7,1
2105,70,7,B,C,true,1,0.7
2105,70,8,B,D,false,2,0.3
2105,70,9,B,E,true,3,1
2105,70,10,B,F,false,4,1
2105,70,11,B,G,false,5,1
2105,70,12,B,H,false,6,1
2105,70,13,C,D,false,1,0.2
2105,70,14,C,E,false,2,0.7
2105,70,15,C,F,false,3,0.9
2105,70,16,C,G,true,4,1
2105,70,17,C,H,false,5,1
2105,70,18,D,E,false,1,1
2105,70,19,D,F,true,2,1
2105,70,20,D,G,true,3,1
2105,70,21,D,H,false,4,1
2105,70,22,E,F,false,1,0.8
2105,70,23,E,G,false,2,1
2105,70,24,E,H,true,3,1
2105,70,25,F,G,false,1,0.9
2105,70,26,F,H,false,2,1
2105,70,27,G,H,false,1,0.4
2105,71,0,A,B,false,1,0.1
2105,71,1,A,C,false,2,0.6
2105,71,2,A,D,false,3,0.2
2105,71,3,A,E,false,4,0.7
2105,71,4,A,F,true,5,1
2105,71,5,A,G,false,6,1
2105,71,6,A,H,true,7,1
2105,71,7,B,C,true,1,0.7
2105,71,8,B,D,false,2,0.4
2105,71,9,B,E,true,3,1
2105,71,10,B,F,false,4,1
2105,71,11,B,G,false,5,1
2105,71,12,B,H,false,6,1
2105,71,13,C,D,false,1,0.4
2105,71,14,C,E,false,2,1
2105,71,15,C,F,false,3,1
2105,71,16,C,G,true,4,1
2105,71,17,C,H,false,5,1
2105,71,18,D,E,false,1,1
2105,71,19,D,F,true,2,1
2105,71,20,D,G,true,3,1
2105,71,21,D,H,false,4,1
2105,71,22,E,F,false,1,0.9
2105,71,23,E,G,false,2,0.9
2105,71,24,E,H,true,3,0.8
2105,71,25,F,G,false,1,0.3
2105,71,26,F,H,false,2,0.1
2105,71,27,G,H,false,1,0.3
2105,72,0,A,B,false,1,0.9
2105,72,1,A,C,false,2,1
2105,72,2,A,D,false,3,1
2105,72,3,A,E,false,4,1
2105,72,4,A,F,true,5,1
2105,72,5,A,G,false,6,1
2105,72,6,A,H,true,7,1
2105,72,7,B,C,true,1,0.9
2105,72,8,B,D,false,2,1
2105,72,9,B,E,true,3,0.9
2105,72,10,B,F,false,4,1
2105,72,11,B,G,false,5,1
2105,72,12,B,H,false,6,1
2105,72,13,C,D,false,1,0.6
2105,72,14,C,E,false,2,0
2105,72,15,C,F,false,3,1
2105,72,16,C,G,true,4,1
2105,72,17,C,H,false,5,0.4
2105,72,18,D,E,false,1,0.1
2105,72,19,D,F,true,2,1
2105,72,20,D,G,true,3,1
2105,72,21,D,H,false,4,0
2105,72,22,E,F,false,1,1
2105,72,23,E,G,false,2,1
2105,72,24,E,H,true,3,0.6
2105,72,25,F,G,false,1,0.8
2105,72,26,F,H,false,2,0
2105,72,27,G,H,false,1,0
2105,73,0,A,B,false,1,1
2105,73,1,A,C,false,2,1
2105,73,2,A,D,false,3,1
2105,73,3,A,E,false,4,1
2105,73,4,A,F,true,5,1
2105,73,5,A,G,false,6,1
2105,73,6,A,H,true,7,1
2105,73,7,B,C,true,1,0.4
2105,73,8,B,D,false,2,1
2105,73,9,B,E,true,3,1
2105,73,10,B,F,false,4,1
2105,73,11,B,G,false,5,1
2105,73,12,B,H,false,6,1
2105,73,13,C,D,false,1,1
2105,73,14,C,E,false,2,1
2105,73,15,C,F,false,3,1
2105,73,16,C,G,true,4,1
2105,73,17,C,H,false,5,1
2105,73,18,D,E,false,1,0.6
2105,73,19,D,F,true,2,1
2105,73,20,D,G,true,3,0.7
2105,73,21,D,H,false,4,1
2105,73,22,E,F,false,1,1
2105,73,23,E,G,false,2,1
2105,73,24,E,H,true,3,1
2105,73,25,F,G,false,1,0
2105,73,26,F,H,false,2,1
2105,73,27,G,H,false,1,1
2105,74,0,A,B,false,1,1
2105,74,1,A,C,false,2,1
2105,74,2,A,D,false,3,1
2105,74,3,A,E,false,4,1
2105,74,4,A,F,true,5,1
2105,74,5,A,G,false,6,1
2105,74,6,A,H,true,7,1
2105,74,7,B,C,true,1,0.9
2105,74,8,B,D,false,2,0.8
2105,74,9,B,E,true,3,1
2105,74,10,B,F,false,4,0.3
2105,74,11,B,G,false,5,1
2105,74,12,B,H,false,6,1
2105,74,13,C,D,false,1,0
2105,74,14,C,E,false,2,1
2105,74,15,C,F,false,3,0
2105,74,16,C,G,true,4,1
2105,74,17,C,H,false,5,1
2105,74,18,D,E,false,1,1
2105,74,19,D,F,true,2,0.4
2105,74,20,D,G,true,3,1
2105,74,21,D,H,false,4,1
2105,74,22,E,F,false,1,0
2105,74,23,E,G,false,2,1
2105,74,24,E,H,true,3,1
2105,74,25,F,G,false,1,1
2105,74,26,F,H,false,2,1
2105,74,27,G,H,false,1,1
2105,75,0,A,B,false,1,1
2105,75,1,A,C,false,2,1
2105,75,2,A,D,false,3,1
2105,75,3,A,E,false,4,1
2105,75,4,A,F,true,5,1
2105,75,5,A,G,false,6,1
2105,75,6,A,H,true,7,1
2105,75,7,B,C,true,1,0.2
2105,75,8,B,D,false,2,0
2105,75,9,B,E,true,3,1
2105,75,10,B,F,false,4,0.8
2105,75,11,B,G,false,5,1
2105,75,12,B,H,false,6,1
2105,75,13,C,D,false,1,1
2105,75,14,C,E,false,2,1
2105,75,15,C,F,false,3,1
2105,75,16,C,G,true,4,1
2105,75,17,C,H,false,5,1
2105,75,18,D,E,false,1,1
2105,75,19,D,F,true,2,1
2105,75,20,D,G,true,3,1
2105,75,21,D,H,false,4,1
2105,75,22,E,F,false,1,0
2105,75,23,E,G,false,2,0.9
2105,75,24,E,H,true,3,0.5
2105,75,25,F,G,false,1,1
2105,75,26,F,H,false,2,1
2105,75,27,G,H,false,1,0.1
2105,76,0,A,B,false,1,1
2105,76,1,A,C,false,2,1
2105,76,2,A,D,false,3,1
2105,76,3,A,E,false,4,1
2105,76,4,A,F,true,5,1
2105,76,5,A,G,false,6,1
2105,76,6,A,H,true,7,1
2105,76,7,B,C,true,1,1
2105,76,8,B,D,false,2,0
2105,76,9,B,E,true,3,1
2105,76,10,B,F,false,4,1
2105,76,11,B,G,false,5,1
2105,76,12,B,H,false,6,1
2105,76,13,C,D,false,1,0
2105,76,14,C,E,false,2,1
2105,76,15,C,F,false,3,0.7
2105,76,16,C,G,true,4,1
2105,76,17,C,H,false,5,1
2105,76,18,D,E,false,1,1
2105,76,19,D,F,true,2,1
2105,76,20,D,G,true,3,1
2105,76,21,D,H,false,4,1
2105,76,22,E,F,false,1,0.4
2105,76,23,E,G,false,2,0
2105,76,24,E,H,true,3,0.9
2105,76,25,F,G,false,1,0
2105,76,26,F,H,false,2,1
2105,76,27,G,H,false,1,1
