distance,accuracy
1,0.7362165178571427
2,0.8751627604166663
3,0.9574999999999992
4,0.9832519531250016
5,0.992643229166665
6,0.9972656249999997
7,0.9998046875
