rank_position,accuracy
1,0.954101562499999
2,0.8984095982142839
3,0.8702008928571409
4,0.8655133928571409
5,0.8733816964285689
6,0.8760044642857121
7,0.8988002232142837
8,0.9342354910714271
