distance,accuracy
1,0.861746651785713
2,0.9666015624999994
3,0.9951171875000001
4,0.9977539062499999
5,0.9990885416666667
6,1.0
7,1.0
