rank_position,accuracy
1,0.9903738839285707
2,0.9673270089285702
3,0.9450892857142844
4,0.9325892857142838
5,0.9428013392857117
6,0.9454799107142832
7,0.9575613839285692
8,0.9746930803571418
