row_type,dataset,network_seed,ranking_class,count,eligible_subjects,kendall_tau,subject_id,pair_index,item_1,item_2,pair_accuracy,kendall_tau_to_true,row_position,subjective_rank_high_to_low,item
ranking_class,human,,correct,8,77,,,,,,,,,,
ranking_class,human,,self_consistent_incorrect,64,77,,,,,,,,,,
ranking_class,human,,self_inconsistent,5,77,,,,,,,,,,
ranking_class,2104,2104,correct,6,77,,,,,,,,,,
ranking_class,2104,2104,self_consistent_incorrect,59,77,,,,,,,,,,
ranking_class,2104,2104,self_inconsistent,12,77,,,,,,,,,,
ranking_class,2105,2105,correct,4,77,,,,,,,,,,
ranking_class,2105,2105,self_consistent_incorrect,65,77,,,,,,,,,,
ranking_class,2105,2105,self_inconsistent,8,77,,,,,,,,,,
pairwise_similarity,human,,,,,0.642857142857,,,,,,,,,
pairwise_similarity,human,,,,,0.428571428571,,,,,,,,,
pairwise_similarity,human,,,,,0.285714285714,,,,,,,,,
pairwise_similarity,human,,,,,0.642857142857,,,,,,,,,
pairwise_similarity,human,,,,,0.357142857143,,,,,,,,,
pairwise_similarity,human,,,,,0.571428571429,,,,,,,,,
pairwise_similarity,human,,,,,0.142857142857,,,,,,,,,
pairwise_similarity,human,,,,,0.285714285714,,,,,,,,,
pairwise_similarity,human,,,,,0.642857142857,,,,,,,,,
pairwise_similarity,human,,,,,0.571428571429,,,,,,,,,
pairwise_similarity,human,,,,,0.357142857143,,,,,,,,,
pairwise_similarity,human,,,,,0.5,,,,,,,,,
pairwise_similarity,human,,,,,0.571428571429,,,,,,,,,
pairwise_similarity,human,,,,,0.571428571429,,,,,,,,,
pairwise_similarity,human,,,,,0.357142857143,,,,,,,,,
pairwise_similarity,human,,,,,0.785714285714,,,,,,,,,
pairwise_similarity,human,,,,,0.214285714286,,,,,,,,,
pairwise_similarity,human,,,,,0.357142857143,,,,,,,,,
pairwise_similarity,human,,,,,0.571428571429,,,,,,,,,
pairwise_similarity,human,,,,,0.285714285714,,,,,,,,,
pairwise_similarity,human,,,,,0.357142857143,,,,,,,,,
pairwise_similarity,human,,,,,0.928571428571,,,,,,,,,
pairwise_similarity,human,,,,,0.642857142857,,,,,,,,,
pairwise_similarity,human,,,,,0.357142857143,,,,,,,,,
pairwise_similarity,human,,,,,0.785714285714,,,,,,,,,
pairwise_similarity,human,,,,,0.357142857143,,,,,,,,,
pairwise_similarity,human,,,,,0.285714285714,,,,,,,,,
pairwise_similarity,human,,,,,0.714285714286,,,,,,,,,
pairwise_similarity,human,,,,,0.571428571429,,,,,,,,,
pairwise_similarity,human,,,,,0.714285714286,,,,,,,,,
pairwise_similarity,human,,,,,0.714285714286,,,,,,,,,
pairwise_similarity,human,,,,,0.571428571429,,,,,,,,,
pairwise_similarity,human,,,,,0.285714285714,,,,,,,,,
pairwise_similarity,human,,,,,0.714285714286,,,,,,,,,
pairwise_similarity,human,,,,,0.285714285714,,,,,,,,,
pairwise_similarity,human,,,,,0.5,,,,,,,,,
pairwise_similarity,human,,,,,0.714285714286,,,,,,,,,
pairwise_similarity,human,,,,,0.214285714286,,,,,,,,,
pairwise_similarity,human,,,,,0.642857142857,,,,,,,,,
pairwise_similarity,human,,,,,0.785714285714,,,,,,,,,
pairwise_similarity,human,,,,,0.642857142857,,,,,,,,,
pairwise_similarity,human,,,,,0.642857142857,,,,,,,,,
pairwise_similarity,human,,,,,0.5,,,,,,,,,
pairwise_similarity,human,,,,,0.785714285714,,,,,,,,,
pairwise_similarity,human,,,,,0.428571428571,,,,,,,,,
pairwise_similarity,human,,,,,0.714285714286,,,,,,,,,
pairwise_similarity,human,,,,,0.642857142857,,,,,,,,,
pairwise_similarity,human,,,,,0.571428571429,,,,,,,,,
pairwise_similarity,human,,,,,0.285714285714,,,,,,,,,
pairwise_similarity,human,,,,,0.714285714286,,,,,,,,,
pairwise_similarity,human,,,,,0.357142857143,,,,,,,,,
pairwise_similarity,human,,,,,0.642857142857,,,,,,,,,
pairwise_similarity,human,,,,,0.642857142857,,,,,,,,,
pairwise_similarity,human,,,,,0.285714285714,,,,,,,,,
pairwise_similarity,human,,,,,0.785714285714,,,,,,,,,
pairwise_similarity,human,,,,,0.571428571429,,,,,,,,,
pairwise_similarity,human,,,,,0.571428571429,,,,,,,,,
pairwise_similarity,human,,,,,0,,,,,,,,,
pairwise_similarity,human,,,,,0.0714285714286,,,,,,,,,
pairwise_similarity,human,,,,,0.5,,,,,,,,,
pairwise_similarity,human,,,,,0.5,,,,,,,,,
pairwise_similarity,human,,,,,0.357142857143,,,,,,,,,
pairwise_similarity,human,,,,,0,,,,,,,,,
pairwise_similarity,human,,,,,0.571428571429,,,,,,,,,
pairwise_similarity,human,,,,,0.428571428571,,,,,,,,,
pairwise_similarity,human,,,,,0.571428571429,,,,,,,,,
pairwise_similarity,human,,,,,0.714285714286,,,,,,,,,
pairwise_similarity,human,,,,,0.571428571429,,,,,,,,,
pairwise_similarity,human,,,,,0.642857142857,,,,,,,,,
pairwise_similarity,human,,,,,0.357142857143,,,,,,,,,
pairwise_similarity,human,,,,,0.571428571429,,,,,,,,,
pairwise_similarity,human,,,,,0.428571428571,,,,,,,,,
pairwise_similarity,human,,,,,0.785714285714,,,,,,,,,
pairwise_similarity,human,,,,,0.214285714286,,,,,,,,,
pairwise_similarity,human,,,,,0.5,,,,,,,,,
pairwise_similarity,human,,,,,0.714285714286,,,,,,,,,
pairwise_similarity,human,,,,,0.785714285714,,,,,,,,,
pairwise_similarity,human,,,,,0.428571428571,,,,,,,,,
pairwise_similarity,human,,,,,0.714285714286,,,,,,,,,
pairwise_similarity,human,,,,,0.785714285714,,,,,,,,,
pairwise_similarity,human,,,,,0.785714285714,,,,,,,,,
pairwise_similarity,human,,,,,0.428571428571,,,,,,,,,
pairwise_similarity,human,,,,,0.714285714286,,,,,,,,,
pairwise_similarity,human,,,,,0.571428571429,,,,,,,,,
pairwise_similarity,human,,,,,0.428571428571,,,,,,,,,
pairwise_similarity,human,,,,,0.642857142857,,,,,,,,,
pairwise_similarity,human,,,,,0.5,,,,,,,,,
pairwise_similarity,human,,,,,0.428571428571,,,,,,,,,
pairwise_similarity,human,,,,,0.714285714286,,,,,,,,,
pairwise_similarity,human,,,,,0.714285714286,,,,,,,,,
pairwise_similarity,human,,,,,0.571428571429,,,,,,,,,
pairwise_similarity,human,,,,,0.857142857143,,,,,,,,,
pairwise_similarity,human,,,,,0.571428571429,,,,,,,,,
pairwise_similarity,human,,,,,0.5,,,,,,,,,
pairwise_similarity,human,,,,,0.928571428571,,,,,,,,,
pairwise_similarity,human,,,,,0.642857142857,,,,,,,,,
pairwise_similarity,human,,,,,0.785714285714,,,,,,,,,
pairwise_similarity,human,,,,,0.928571428571,,,,,,,,,
pairwise_similarity,human,,,,,0.642857142857,,,,,,,,,
pairwise_similarity,human,,,,,0.5,,,,,,,,,
pairwise_similarity,human,,,,,0.642857142857,,,,,,,,,
pairwise_similarity,human,,,,,0.5,,,,,,,,,
pairwise_similarity,human,,,,,0.714285714286,,,,,,,,,
pairwise_similarity,human,,,,,0.785714285714,,,,,,,,,
pairwise_similarity,human,,,,,0.428571428571,,,,,,,,,
pairwise_similarity,human,,,,,0.857142857143,,,,,,,,,
pairwise_similarity,human,,,,,0.714285714286,,,,,,,,,
pairwise_similarity,human,,,,,0.714285714286,,,,,,,,,
pairwise_similarity,human,,,,,0.714285714286,,,,,,,,,
pairwise_similarity,human,,,,,0.714285714286,,,,,,,,,
pairwise_similarity,human,,,,,0.714285714286,,,,,,,,,
pairwise_similarity,human,,,,,0.5,,,,,,,,,
pairwise_similarity,human,,,,,0.928571428571,,,,,,,,,
pairwise_similarity,human,,,,,0.714285714286,,,,,,,,,
pairwise_similarity,human,,,,,0.785714285714,,,,,,,,,
pairwise_similarity,human,,,,,0.5,,,,,,,,,
pairwise_similarity,human,,,,,0.785714285714,,,,,,,,,
pairwise_similarity,human,,,,,0.428571428571,,,,,,,,,
pairwise_similarity,human,,,,,0.857142857143,,,,,,,,,
pairwise_similarity,human,,,,,0.714285714286,,,,,,,,,
pairwise_similarity,human,,,,,0.5,,,,,,,,,
pairwise_similarity,human,,,,,0.428571428571,,,,,,,,,
pairwise_similarity,human,,,,,0.785714285714,,,,,,,,,
pairwise_similarity,human,,,,,0.928571428571,,,,,,,,,
pairwise_similarity,human,,,,,0.214285714286,,,,,,,,,
pairwise_similarity,human,,,,,0.285714285714,,,,,,,,,
pairwise_similarity,human,,,,,0.428571428571,,,,,,,,,
pairwise_similarity,human,,,,,0.714285714286,,,,,,,,,
pairwise_similarity,human,,,,,0.571428571429,,,,,,,,,
pairwise_similarity,human,,,,,0.0714285714286,,,,,,,,,
pairwise_similarity,human,,,,,0.785714285714,,,,,,,,,
pairwise_similarity,human,,,,,0.5,,,,,,,,,
pairwise_similarity,human,,,,,0.785714285714,,,,,,,,,
pairwise_similarity,human,,,,,0.642857142857,,,,,,,,,
pairwise_similarity,human,,,,,0.642857142857,,,,,,,,,
pairwise_similarity,human,,,,,0.142857142857,,,,,,,,,
pairwise_similarity,human,,,,,0.357142857143,,,,,,,,,
pairwise_similarity,human,,,,,0.642857142857,,,,,,,,,
pairwise_similarity,human,,,,,0.714285714286,,,,,,,,,
pairwise_similarity,human,,,,,0.428571428571,,,,,,,,,
pairwise_similarity,human,,,,,0.428571428571,,,,,,,,,
pairwise_similarity,human,,,,,0.785714285714,,,,,,,,,
pairwise_similarity,human,,,,,0.571428571429,,,,,,,,,
pairwise_similarity,human,,,,,0.642857142857,,,,,,,,,
pairwise_similarity,human,,,,,0.785714285714,,,,,,,,,
pairwise_similarity,human,,,,,0.571428571429,,,,,,,,,
pairwise_similarity,human,,,,,0.857142857143,,,,,,,,,
pairwise_similarity,human,,,,,0.5,,,,,,,,,
pairwise_similarity,human,,,,,0.5,,,,,,,,,
pairwise_similarity,human,,,,,0.5,,,,,,,,,
pairwise_similarity,human,,,,,0.5,,,,,,,,,
pairwise_similarity,human,,,,,0.714285714286,,,,,,,,,
pairwise_similarity,human,,,,,0.714285714286,,,,,,,,,
pairwise_similarity,human,,,,,0.5,,,,,,,,,
pairwise_similarity,human,,,,,0.5,,,,,,,,,
pairwise_similarity,human,,,,,0.785714285714,,,,,,,,,
pairwise_similarity,human,,,,,0.785714285714,,,,,,,,,
pairwise_similarity,human,,,,,0.642857142857,,,,,,,,,
pairwise_similarity,human,,,,,0.214285714286,,,,,,,,,
pairwise_similarity,human,,,,,0.857142857143,,,,,,,,,
pairwise_similarity,human,,,,,0.714285714286,,,,,,,,,
pairwise_similarity,human,,,,,0.714285714286,,,,,,,,,
pairwise_similarity,human,,,,,0.714285714286,,,,,,,,,
pairwise_similarity,human,,,,,0.571428571429,,,,,,,,,
pairwise_similarity,human,,,,,0.714285714286,,,,,,,,,
pairwise_similarity,human,,,,,0.571428571429,,,,,,,,,
pairwise_similarity,human,,,,,0.571428571429,,,,,,,,,
pairwise_similarity,human,,,,,0.571428571429,,,,,,,,,
pairwise_similarity,human,,,,,0.642857142857,,,,,,,,,
pairwise_similarity,human,,,,,0.714285714286,,,,,,,,,
pairwise_similarity,human,,,,,0.5,,,,,,,,,
pairwise_similarity,human,,,,,0.642857142857,,,,,,,,,
pairwise_similarity,human,,,,,0.642857142857,,,,,,,,,
pairwise_similarity,human,,,,,0.785714285714,,,,,,,,,
pairwise_similarity,human,,,,,0.785714285714,,,,,,,,,
pairwise_similarity,human,,,,,0.785714285714,,,,,,,,,
pairwise_similarity,human,,,,,0.642857142857,,,,,,,,,
pairwise_similarity,human,,,,,0.428571428571,,,,,,,,,
pairwise_similarity,human,,,,,0.714285714286,,,,,,,,,
pairwise_similarity,human,,,,,0.642857142857,,,,,,,,,
pairwise_similarity,human,,,,,0.428571428571,,,,,,,,,
pairwise_similarity,human,,,,,0.571428571429,,,,,,,,,
pairwise_similarity,human,,,,,0.714285714286,,,,,,,,,
pairwise_similarity,human,,,,,0.642857142857,,,,,,,,,
pairwise_similarity,human,,,,,0.642857142857,,,,,,,,,
pairwise_similarity,human,,,,,0.785714285714,,,,,,,,,
pairwise_similarity,human,,,,,0.571428571429,,,,,,,,,
pairwise_similarity,human,,,,,0.214285714286,,,,,,,,,
pairwise_similarity,human,,,,,0.857142857143,,,,,,,,,
pairwise_similarity,human,,,,,0.571428571429,,,,,,,,,
pairwise_similarity,human,,,,,0.571428571429,,,,,,,,,
pairwise_similarity,human,,,,,0.5,,,,,,,,,
pairwise_similarity,human,,,,,0.357142857143,,,,,,,,,
pairwise_similarity,human,,,,,0.928571428571,,,,,,,,,
pairwise_similarity,human,,,,,0.5,,,,,,,,,
pairwise_similarity,human,,,,,0.428571428571,,,,,,,,,
pairwise_similarity,human,,,,,0.857142857143,,,,,,,,,
pairwise_similarity,human,,,,,0.714285714286,,,,,,,,,
pairwise_similarity,human,,,,,0.857142857143,,,,,,,,,
pairwise_similarity,human,,,,,0.714285714286,,,,,,,,,
pairwise_similarity,human,,,,,0.428571428571,,,,,,,,,
pairwise_similarity,human,,,,,0.642857142857,,,,,,,,,
pairwise_similarity,human,,,,,0.0714285714286,,,,,,,,,
pairwise_similarity,human,,,,,0.285714285714,,,,,,,,,
pairwise_similarity,human,,,,,0.428571428571,,,,,,,,,
pairwise_similarity,human,,,,,0,,,,,,,,,
pairwise_similarity,human,,,,,0.357142857143,,,,,,,,,
pairwise_similarity,human,,,,,0.142857142857,,,,,,,,,
pairwise_similarity,human,,,,,0.214285714286,,,,,,,,,
pairwise_similarity,human,,,,,0.357142857143,,,,,,,,,
pairwise_similarity,human,,,,,0.571428571429,,,,,,,,,
pairwise_similarity,human,,,,,0.285714285714,,,,,,,,,
pairwise_similarity,human,,,,,0.357142857143,,,,,,,,,
pairwise_similarity,human,,,,,0.5,,,,,,,,,
pairwise_similarity,human,,,,,-0.0714285714286,,,,,,,,,
pairwise_similarity,human,,,,,0.642857142857,,,,,,,,,
pairwise_similarity,human,,,,,0.428571428571,,,,,,,,,
pairwise_similarity,human,,,,,0.142857142857,,,,,,,,,
pairwise_similarity,human,,,,,0.642857142857,,,,,,,,,
pairwise_similarity,human,,,,,0.214285714286,,,,,,,,,
pairwise_similarity,human,,,,,0.214285714286,,,,,,,,,
pairwise_similarity,human,,,,,0.0714285714286,,,,,,,,,
pairwise_similarity,human,,,,,0.357142857143,,,,,,,,,
pairwise_similarity,human,,,,,0.785714285714,,,,,,,,,
pairwise_similarity,human,,,,,0.142857142857,,,,,,,,,
pairwise_similarity,human,,,,,0.428571428571,,,,,,,,,
pairwise_similarity,human,,,,,0.285714285714,,,,,,,,,
pairwise_similarity,human,,,,,0.285714285714,,,,,,,,,
pairwise_similarity,human,,,,,0.428571428571,,,,,,,,,
pairwise_similarity,human,,,,,0.428571428571,,,,,,,,,
pairwise_similarity,human,,,,,0,,,,,,,,,
pairwise_similarity,human,,,,,0.428571428571,,,,,,,,,
pairwise_similarity,human,,,,,0,,,,,,,,,
pairwise_similarity,human,,,,,0.5,,,,,,,,,
pairwise_similarity,human,,,,,0.428571428571,,,,,,,,,
pairwise_similarity,human,,,,,-0.0714285714286,,,,,,,,,
pairwise_similarity,human,,,,,0.357142857143,,,,,,,,,
pairwise_similarity,human,,,,,0.214285714286,,,,,,,,,
pairwise_similarity,human,,,,,0.357142857143,,,,,,,,,
pairwise_similarity,human,,,,,0.357142857143,,,,,,,,,
pairwise_similarity,human,,,,,0.214285714286,,,,,,,,,
pairwise_similarity,human,,,,,0.214285714286,,,,,,,,,
pairwise_similarity,human,,,,,0.142857142857,,,,,,,,,
pairwise_similarity,human,,,,,0.428571428571,,,,,,,,,
pairwise_similarity,human,,,,,0.357142857143,,,,,,,,,
pairwise_similarity,human,,,,,0.142857142857,,,,,,,,,
pairwise_similarity,human,,,,,0,,,,,,,,,
pairwise_similarity,human,,,,,0.285714285714,,,,,,,,,
pairwise_similarity,human,,,,,0.0714285714286,,,,,,,,,
pairwise_similarity,human,,,,,0.357142857143,,,,,,,,,
pairwise_similarity,human,,,,,0.214285714286,,,,,,,,,
pairwise_similarity,human,,,,,0.142857142857,,,,,,,,,
pairwise_similarity,human,,,,,0.5,,,,,,,,,
pairwise_similarity,human,,,,,0.285714285714,,,,,,,,,
pairwise_similarity,human,,,,,0.285714285714,,,,,,,,,
pairwise_similarity,human,,,,,-0.285714285714,,,,,,,,,
pairwise_similarity,human,,,,,-0.214285714286,,,,,,,,,
pairwise_similarity,human,,,,,0.5,,,,,,,,,
pairwise_similarity,human,,,,,0.214285714286,,,,,,,,,
pairwise_similarity,human,,,,,-0.0714285714286,,,,,,,,,
pairwise_similarity,human,,,,,0,,,,,,,,,
pairwise_similarity,human,,,,,0.285714285714,,,,,,,,,
pairwise_similarity,human,,,,,0.285714285714,,,,,,,,,
pairwise_similarity,human,,,,,0.285714285714,,,,,,,,,
pairwise_similarity,human,,,,,0.285714285714,,,,,,,,,
pairwise_similarity,human,,,,,0.714285714286,,,,,,,,,
pairwise_similarity,human,,,,,0.285714285714,,,,,,,,,
pairwise_similarity,human,,,,,0.5,,,,,,,,,
pairwise_similarity,human,,,,,0.357142857143,,,,,,,,,
pairwise_similarity,human,,,,,0.214285714286,,,,,,,,,
pairwise_similarity,human,,,,,0.571428571429,,,,,,,,,
pairwise_similarity,human,,,,,0.357142857143,,,,,,,,,
pairwise_similarity,human,,,,,0.285714285714,,,,,,,,,
pairwise_similarity,human,,,,,0.571428571429,,,,,,,,,
pairwise_similarity,human,,,,,0.785714285714,,,,,,,,,
pairwise_similarity,human,,,,,0.5,,,,,,,,,
pairwise_similarity,human,,,,,0.428571428571,,,,,,,,,
pairwise_similarity,human,,,,,0.857142857143,,,,,,,,,
pairwise_similarity,human,,,,,0.142857142857,,,,,,,,,
pairwise_similarity,human,,,,,0.571428571429,,,,,,,,,
pairwise_similarity,human,,,,,0.642857142857,,,,,,,,,
pairwise_similarity,human,,,,,0.214285714286,,,,,,,,,
pairwise_similarity,human,,,,,0.571428571429,,,,,,,,,
pairwise_similarity,human,,,,,0.571428571429,,,,,,,,,
pairwise_similarity,human,,,,,0.428571428571,,,,,,,,,
pairwise_similarity,human,,,,,0.285714285714,,,,,,,,,
pairwise_similarity,human,,,,,0.571428571429,,,,,,,,,
pairwise_similarity,human,,,,,0.714285714286,,,,,,,,,
pairwise_similarity,human,,,,,0.357142857143,,,,,,,,,
pairwise_similarity,human,,,,,0.642857142857,,,,,,,,,
pairwise_similarity,human,,,,,0.5,,,,,,,,,
pairwise_similarity,human,,,,,0.5,,,,,,,,,
pairwise_similarity,human,,,,,0.642857142857,,,,,,,,,
pairwise_similarity,human,,,,,0.642857142857,,,,,,,,,
pairwise_similarity,human,,,,,0.214285714286,,,,,,,,,
pairwise_similarity,human,,,,,0.785714285714,,,,,,,,,
pairwise_similarity,human,,,,,0.214285714286,,,,,,,,,
pairwise_similarity,human,,,,,0.714285714286,,,,,,,,,
pairwise_similarity,human,,,,,0.642857142857,,,,,,,,,
pairwise_similarity,human,,,,,0.142857142857,,,,,,,,,
pairwise_similarity,human,,,,,0.571428571429,,,,,,,,,
pairwise_similarity,human,,,,,0.571428571429,,,,,,,,,
pairwise_similarity,human,,,,,0.571428571429,,,,,,,,,
pairwise_similarity,human,,,,,0.571428571429,,,,,,,,,
pairwise_similarity,human,,,,,0.428571428571,,,,,,,,,
pairwise_similarity,human,,,,,0.428571428571,,,,,,,,,
pairwise_similarity,human,,,,,0.357142857143,,,,,,,,,
pairwise_similarity,human,,,,,0.642857142857,,,,,,,,,
pairwise_similarity,human,,,,,0.571428571429,,,,,,,,,
pairwise_similarity,human,,,,,0.357142857143,,,,,,,,,
pairwise_similarity,human,,,,,0.214285714286,,,,,,,,,
pairwise_similarity,human,,,,,0.5,,,,,,,,,
pairwise_similarity,human,,,,,0.285714285714,,,,,,,,,
pairwise_similarity,human,,,,,0.571428571429,,,,,,,,,
pairwise_similarity,human,,,,,0.428571428571,,,,,,,,,
pairwise_similarity,human,,,,,0.214285714286,,,,,,,,,
pairwise_similarity,human,,,,,0.714285714286,,,,,,,,,
pairwise_similarity,human,,,,,0.5,,,,,,,,,
pairwise_similarity,human,,,,,0.5,,,,,,,,,
pairwise_similarity,human,,,,,-0.0714285714286,,,,,,,,,
pairwise_similarity,human,,,,,0,,,,,,,,,
pairwise_similarity,human,,,,,0.571428571429,,,,,,,,,
pairwise_similarity,human,,,,,0.428571428571,,,,,,,,,
pairwise_similarity,human,,,,,0.142857142857,,,,,,,,,
pairwise_similarity,human,,,,,0.0714285714286,,,,,,,,,
pairwise_similarity,human,,,,,0.5,,,,,,,,,
pairwise_similarity,human,,,,,0.5,,,,,,,,,
pairwise_similarity,human,,,,,0.5,,,,,,,,,
pairwise_similarity,human,,,,,0.642857142857,,,,,,,,,
pairwise_similarity,human,,,,,0.785714285714,,,,,,,,,
pairwise_similarity,human,,,,,0.642857142857,,,,,,,,,
pairwise_similarity,human,,,,,0.642857142857,,,,,,,,,
pairwise_similarity,human,,,,,0.642857142857,,,,,,,,,
pairwise_similarity,human,,,,,0.714285714286,,,,,,,,,
pairwise_similarity,human,,,,,0.5,,,,,,,,,
pairwise_similarity,human,,,,,0.857142857143,,,,,,,,,
pairwise_similarity,human,,,,,0.571428571429,,,,,,,,,
pairwise_similarity,human,,,,,0.357142857143,,,,,,,,,
pairwise_similarity,human,,,,,0.642857142857,,,,,,,,,
pairwise_similarity,human,,,,,0.428571428571,,,,,,,,,
pairwise_similarity,human,,,,,0.428571428571,,,,,,,,,
pairwise_similarity,human,,,,,0.571428571429,,,,,,,,,
pairwise_similarity,human,,,,,0.428571428571,,,,,,,,,
pairwise_similarity,human,,,,,0.642857142857,,,,,,,,,
pairwise_similarity,human,,,,,0.357142857143,,,,,,,,,
pairwise_similarity,human,,,,,0.428571428571,,,,,,,,,
pairwise_similarity,human,,,,,0.285714285714,,,,,,,,,
pairwise_similarity,human,,,,,0.571428571429,,,,,,,,,
pairwise_similarity,human,,,,,0.714285714286,,,,,,,,,
pairwise_similarity,human,,,,,0.428571428571,,,,,,,,,
pairwise_similarity,human,,,,,0.142857142857,,,,,,,,,
pairwise_similarity,human,,,,,0.5,,,,,,,,,
pairwise_similarity,human,,,,,0.5,,,,,,,,,
pairwise_similarity,human,,,,,0.785714285714,,,,,,,,,
pairwise_similarity,human,,,,,0.5,,,,,,,,,
pairwise_similarity,human,,,,,0.5,,,,,,,,,
pairwise_similarity,human,,,,,0.642857142857,,,,,,,,,
pairwise_similarity,human,,,,,0.642857142857,,,,,,,,,
pairwise_similarity,human,,,,,0.5,,,,,,,,,
pairwise_similarity,human,,,,,0.785714285714,,,,,,,,,
pairwise_similarity,human,,,,,0.428571428571,,,,,,,,,
pairwise_similarity,human,,,,,0.642857142857,,,,,,,,,
pairwise_similarity,human,,,,,0.714285714286,,,,,,,,,
pairwise_similarity,human,,,,,0.571428571429,,,,,,,,,
pairwise_similarity,human,,,,,0.428571428571,,,,,,,,,
pairwise_similarity,human,,,,,0.714285714286,,,,,,,,,
pairwise_similarity,human,,,,,0.714285714286,,,,,,,,,
pairwise_similarity,human,,,,,0.714285714286,,,,,,,,,
pairwise_similarity,human,,,,,0.285714285714,,,,,,,,,
pairwise_similarity,human,,,,,0.785714285714,,,,,,,,,
pairwise_similarity,human,,,,,0.5,,,,,,,,,
pairwise_similarity,human,,,,,0.428571428571,,,,,,,,,
pairwise_similarity,human,,,,,0.357142857143,,,,,,,,,
pairwise_similarity,human,,,,,0.642857142857,,,,,,,,,
pairwise_similarity,human,,,,,0.5,,,,,,,,,
pairwise_similarity,human,,,,,0.857142857143,,,,,,,,,
pairwise_similarity,human,,,,,0.571428571429,,,,,,,,,
pairwise_similarity,human,,,,,0.571428571429,,,,,,,,,
pairwise_similarity,human,,,,,0.642857142857,,,,,,,,,
pairwise_similarity,human,,,,,0.142857142857,,,,,,,,,
pairwise_similarity,human,,,,,0.642857142857,,,,,,,,,
pairwise_similarity,human,,,,,0.5,,,,,,,,,
pairwise_similarity,human,,,,,0.5,,,,,,,,,
pairwise_similarity,human,,,,,0.571428571429,,,,,,,,,
pairwise_similarity,human,,,,,0.142857142857,,,,,,,,,
pairwise_similarity,human,,,,,0.714285714286,,,,,,,,,
pairwise_similarity,human,,,,,0.285714285714,,,,,,,,,
pairwise_similarity,human,,,,,0.357142857143,,,,,,,,,
pairwise_similarity,human,,,,,0.642857142857,,,,,,,,,
pairwise_similarity,human,,,,,0.642857142857,,,,,,,,,
pairwise_similarity,human,,,,,0.642857142857,,,,,,,,,
pairwise_similarity,human,,,,,0.642857142857,,,,,,,,,
pairwise_similarity,human,,,,,0.357142857143,,,,,,,,,
pairwise_similarity,human,,,,,0.428571428571,,,,,,,,,
pairwise_similarity,human,,,,,0.714285714286,,,,,,,,,
pairwise_similarity,human,,,,,0.785714285714,,,,,,,,,
pairwise_similarity,human,,,,,0.857142857143,,,,,,,,,
pairwise_similarity,human,,,,,0.642857142857,,,,,,,,,
pairwise_similarity,human,,,,,0.785714285714,,,,,,,,,
pairwise_similarity,human,,,,,0.714285714286,,,,,,,,,
pairwise_similarity,human,,,,,0.857142857143,,,,,,,,,
pairwise_similarity,human,,,,,0.5,,,,,,,,,
pairwise_similarity,human,,,,,0.642857142857,,,,,,,,,
pairwise_similarity,human,,,,,0.642857142857,,,,,,,,,
pairwise_similarity,human,,,,,0.5,,,,,,,,,
pairwise_similarity,human,,,,,0.714285714286,,,,,,,,,
pairwise_similarity,human,,,,,0.571428571429,,,,,,,,,
pairwise_similarity,human,,,,,0.5,,,,,,,,,
pairwise_similarity,human,,,,,0.642857142857,,,,,,,,,
pairwise_similarity,human,,,,,0.785714285714,,,,,,,,,
pairwise_similarity,human,,,,,0.785714285714,,,,,,,,,
pairwise_similarity,human,,,,,0.785714285714,,,,,,,,,
pairwise_similarity,human,,,,,0.357142857143,,,,,,,,,
pairwise_similarity,human,,,,,0.571428571429,,,,,,,,,
pairwise_similarity,human,,,,,0.857142857143,,,,,,,,,
pairwise_similarity,human,,,,,0.857142857143,,,,,,,,,
pairwise_similarity,human,,,,,0.857142857143,,,,,,,,,
pairwise_similarity,human,,,,,0.714285714286,,,,,,,,,
pairwise_similarity,human,,,,,0.714285714286,,,,,,,,,
pairwise_similarity,human,,,,,0.714285714286,,,,,,,,,
pairwise_similarity,human,,,,,0.571428571429,,,,,,,,,
pairwise_similarity,human,,,,,0.714285714286,,,,,,,,,
pairwise_similarity,human,,,,,0.785714285714,,,,,,,,,
pairwise_similarity,human,,,,,0.857142857143,,,,,,,,,
pairwise_similarity,human,,,,,0.642857142857,,,,,,,,,
pairwise_similarity,human,,,,,0.785714285714,,,,,,,,,
pairwise_similarity,human,,,,,0.785714285714,,,,,,,,,
pairwise_similarity,human,,,,,0.785714285714,,,,,,,,,
pairwise_similarity,human,,,,,0.785714285714,,,,,,,,,
pairwise_similarity,human,,,,,0.928571428571,,,,,,,,,
pairwise_similarity,human,,,,,0.642857142857,,,,,,,,,
pairwise_similarity,human,,,,,0.714285714286,,,,,,,,,
pairwise_similarity,human,,,,,0.857142857143,,,,,,,,,
pairwise_similarity,human,,,,,0.785714285714,,,,,,,,,
pairwise_similarity,human,,,,,0.571428571429,,,,,,,,,
pairwise_similarity,human,,,,,0.714285714286,,,,,,,,,
pairwise_similarity,human,,,,,0.857142857143,,,,,,,,,
pairwise_similarity,human,,,,,0.642857142857,,,,,,,,,
pairwise_similarity,human,,,,,0.785714285714,,,,,,,,,
pairwise_similarity,human,,,,,0.785714285714,,,,,,,,,
pairwise_similarity,human,,,,,0.714285714286,,,,,,,,,
pairwise_similarity,human,,,,,0.357142857143,,,,,,,,,
pairwise_similarity,human,,,,,0.857142857143,,,,,,,,,
pairwise_similarity,human,,,,,0.857142857143,,,,,,,,,
pairwise_similarity,human,,,,,0.428571428571,,,,,,,,,
pairwise_similarity,human,,,,,0.5,,,,,,,,,
pairwise_similarity,human,,,,,0.5,,,,,,,,,
pairwise_similarity,human,,,,,0.785714285714,,,,,,,,,
pairwise_similarity,human,,,,,0.5,,,,,,,,,
pairwise_similarity,human,,,,,0.285714285714,,,,,,,,,
pairwise_similarity,human,,,,,0.857142857143,,,,,,,,,
pairwise_similarity,human,,,,,0.571428571429,,,,,,,,,
pairwise_similarity,human,,,,,0.857142857143,,,,,,,,,
pairwise_similarity,human,,,,,0.714285714286,,,,,,,,,
pairwise_similarity,human,,,,,0.571428571429,,,,,,,,,
pairwise_similarity,human,,,,,0.285714285714,,,,,,,,,
pairwise_similarity,human,,,,,0.5,,,,,,,,,
pairwise_similarity,human,,,,,0.285714285714,,,,,,,,,
pairwise_similarity,human,,,,,0.785714285714,,,,,,,,,
pairwise_similarity,human,,,,,0.5,,,,,,,,,
pairwise_similarity,human,,,,,0.428571428571,,,,,,,,,
pairwise_similarity,human,,,,,0.428571428571,,,,,,,,,
pairwise_similarity,human,,,,,0.357142857143,,,,,,,,,
pairwise_similarity,human,,,,,0.357142857143,,,,,,,,,
pairwise_similarity,human,,,,,0.357142857143,,,,,,,,,
pairwise_similarity,human,,,,,0.785714285714,,,,,,,,,
pairwise_similarity,human,,,,,0.571428571429,,,,,,,,,
pairwise_similarity,human,,,,,0.142857142857,,,,,,,,,
pairwise_similarity,human,,,,,0.785714285714,,,,,,,,,
pairwise_similarity,human,,,,,0.0714285714286,,,,,,,,,
pairwise_similarity,human,,,,,0.357142857143,,,,,,,,,
pairwise_similarity,human,,,,,0.5,,,,,,,,,
pairwise_similarity,human,,,,,0.214285714286,,,,,,,,,
pairwise_similarity,human,,,,,0.357142857143,,,,,,,,,
pairwise_similarity,human,,,,,0.285714285714,,,,,,,,,
pairwise_similarity,human,,,,,0.285714285714,,,,,,,,,
pairwise_similarity,human,,,,,0.571428571429,,,,,,,,,
pairwise_similarity,human,,,,,0.285714285714,,,,,,,,,
pairwise_similarity,human,,,,,0.285714285714,,,,,,,,,
pairwise_similarity,human,,,,,0.428571428571,,,,,,,,,
pairwise_similarity,human,,,,,0.428571428571,,,,,,,,,
pairwise_similarity,human,,,,,0.285714285714,,,,,,,,,
pairwise_similarity,human,,,,,0.428571428571,,,,,,,,,
pairwise_similarity,human,,,,,0.5,,,,,,,,,
pairwise_similarity,human,,,,,0.428571428571,,,,,,,,,
pairwise_similarity,human,,,,,0.357142857143,,,,,,,,,
pairwise_similarity,human,,,,,0.214285714286,,,,,,,,,
pairwise_similarity,human,,,,,0.214285714286,,,,,,,,,
pairwise_similarity,human,,,,,0.5,,,,,,,,,
pairwise_similarity,human,,,,,0.5,,,,,,,,,
pairwise_similarity,human,,,,,0.5,,,,,,,,,
pairwise_similarity,human,,,,,0.0714285714286,,,,,,,,,
pairwise_similarity,human,,,,,0.428571428571,,,,,,,,,
pairwise_similarity,human,,,,,0.285714285714,,,,,,,,,
pairwise_similarity,human,,,,,0.357142857143,,,,,,,,,
pairwise_similarity,human,,,,,0,,,,,,,,,
pairwise_similarity,human,,,,,0.428571428571,,,,,,,,,
pairwise_similarity,human,,,,,0.285714285714,,,,,,,,,
pairwise_similarity,human,,,,,0.642857142857,,,,,,,,,
pairwise_similarity,human,,,,,0.214285714286,,,,,,,,,
pairwise_similarity,human,,,,,0.357142857143,,,,,,,,,
pairwise_similarity,human,,,,,0.571428571429,,,,,,,,,
pairwise_similarity,human,,,,,0.214285714286,,,,,,,,,
pairwise_similarity,human,,,,,0.428571428571,,,,,,,,,
pairwise_similarity,human,,,,,0.285714285714,,,,,,,,,
pairwise_similarity,human,,,,,0.285714285714,,,,,,,,,
pairwise_similarity,human,,,,,0.357142857143,,,,,,,,,
pairwise_similarity,human,,,,,0.357142857143,,,,,,,,,
pairwise_similarity,human,,,,,0.5,,,,,,,,,
pairwise_similarity,human,,,,,0.0714285714286,,,,,,,,,
pairwise_similarity,human,,,,,0.285714285714,,,,,,,,,
pairwise_similarity,human,,,,,0.428571428571,,,,,,,,,
pairwise_similarity,human,,,,,0.428571428571,,,,,,,,,
pairwise_similarity,human,,,,,0.428571428571,,,,,,,,,
pairwise_similarity,human,,,,,0.428571428571,,,,,,,,,
pairwise_similarity,human,,,,,0.428571428571,,,,,,,,,
pairwise_similarity,human,,,,,0.5,,,,,,,,,
pairwise_similarity,human,,,,,0.571428571429,,,,,,,,,
pairwise_similarity,human,,,,,0.5,,,,,,,,,
pairwise_similarity,human,,,,,0.5,,,,,,,,,
pairwise_similarity,human,,,,,0.428571428571,,,,,,,,,
pairwise_similarity,human,,,,,0.571428571429,,,,,,,,,
pairwise_similarity,human,,,,,0.214285714286,,,,,,,,,
pairwise_similarity,human,,,,,0.357142857143,,,,,,,,,
pairwise_similarity,human,,,,,0.5,,,,,,,,,
pairwise_similarity,human,,,,,0.214285714286,,,,,,,,,
pairwise_similarity,human,,,,,0.428571428571,,,,,,,,,
pairwise_similarity,human,,,,,0.428571428571,,,,,,,,,
pairwise_similarity,human,,,,,0.214285714286,,,,,,,,,
pairwise_similarity,human,,,,,0.357142857143,,,,,,,,,
pairwise_similarity,human,,,,,0.5,,,,,,,,,
pairwise_similarity,human,,,,,0.5,,,,,,,,,
pairwise_similarity,human,,,,,0.5,,,,,,,,,
pairwise_similarity,human,,,,,0.0714285714286,,,,,,,,,
pairwise_similarity,human,,,,,0.285714285714,,,,,,,,,
pairwise_similarity,human,,,,,0.571428571429,,,,,,,,,
pairwise_similarity,human,,,,,0.571428571429,,,,,,,,,
pairwise_similarity,human,,,,,0.571428571429,,,,,,,,,
pairwise_similarity,human,,,,,0.428571428571,,,,,,,,,
pairwise_similarity,human,,,,,0.428571428571,,,,,,,,,
pairwise_similarity,human,,,,,0.714285714286,,,,,,,,,
pairwise_similarity,human,,,,,0.285714285714,,,,,,,,,
pairwise_similarity,human,,,,,0.857142857143,,,,,,,,,
pairwise_similarity,human,,,,,0.5,,,,,,,,,
pairwise_similarity,human,,,,,0.571428571429,,,,,,,,,
pairwise_similarity,human,,,,,0.785714285714,,,,,,,,,
pairwise_similarity,human,,,,,0.642857142857,,,,,,,,,
pairwise_similarity,human,,,,,0.5,,,,,,,,,
pairwise_similarity,human,,,,,0.5,,,,,,,,,
pairwise_similarity,human,,,,,0.5,,,,,,,,,
pairwise_similarity,human,,,,,0.642857142857,,,,,,,,,
pairwise_similarity,human,,,,,0.357142857143,,,,,,,,,
pairwise_similarity,human,,,,,0.857142857143,,,,,,,,,
pairwise_similarity,human,,,,,0.571428571429,,,,,,,,,
pairwise_similarity,human,,,,,0.5,,,,,,,,,
pairwise_similarity,human,,,,,0.571428571429,,,,,,,,,
pairwise_similarity,human,,,,,0.714285714286,,,,,,,,,
pairwise_similarity,human,,,,,0.571428571429,,,,,,,,,
pairwise_similarity,human,,,,,0.5,,,,,,,,,
pairwise_similarity,human,,,,,0.642857142857,,,,,,,,,
pairwise_similarity,human,,,,,0.5,,,,,,,,,
pairwise_similarity,human,,,,,0.571428571429,,,,,,,,,
pairwise_similarity,human,,,,,0.0714285714286,,,,,,,,,
pairwise_similarity,human,,,,,0.571428571429,,,,,,,,,
pairwise_similarity,human,,,,,0.571428571429,,,,,,,,,
pairwise_similarity,human,,,,,0.428571428571,,,,,,,,,
pairwise_similarity,human,,,,,0.5,,,,,,,,,
pairwise_similarity,human,,,,,0.214285714286,,,,,,,,,
pairwise_similarity,human,,,,,0.5,,,,,,,,,
pairwise_similarity,human,,,,,0.357142857143,,,,,,,,,
pairwise_similarity,human,,,,,0.142857142857,,,,,,,,,
pairwise_similarity,human,,,,,0.571428571429,,,,,,,,,
pairwise_similarity,human,,,,,0.285714285714,,,,,,,,,
pairwise_similarity,human,,,,,0.571428571429,,,,,,,,,
pairwise_similarity,human,,,,,0.428571428571,,,,,,,,,
pairwise_similarity,human,,,,,0.285714285714,,,,,,,,,
pairwise_similarity,human,,,,,0.642857142857,,,,,,,,,
pairwise_similarity,human,,,,,0.714285714286,,,,,,,,,
pairwise_similarity,human,,,,,0.714285714286,,,,,,,,,
pairwise_similarity,human,,,,,0.642857142857,,,,,,,,,
pairwise_similarity,human,,,,,0.785714285714,,,,,,,,,
pairwise_similarity,human,,,,,0.714285714286,,,,,,,,,
pairwise_similarity,human,,,,,0.714285714286,,,,,,,,,
pairwise_similarity,human,,,,,0.428571428571,,,,,,,,,
pairwise_similarity,human,,,,,0.714285714286,,,,,,,,,
pairwise_similarity,human,,,,,0.928571428571,,,,,,,,,
pairwise_similarity,human,,,,,0.5,,,,,,,,,
pairwise_similarity,human,,,,,0.714285714286,,,,,,,,,
pairwise_similarity,human,,,,,0.571428571429,,,,,,,,,
pairwise_similarity,human,,,,,0.714285714286,,,,,,,,,
pairwise_similarity,human,,,,,0.714285714286,,,,,,,,,
pairwise_similarity,human,,,,,0.714285714286,,,,,,,,,
pairwise_similarity,human,,,,,0.428571428571,,,,,,,,,
pairwise_similarity,human,,,,,0.642857142857,,,,,,,,,
pairwise_similarity,human,,,,,0.785714285714,,,,,,,,,
pairwise_similarity,human,,,,,0.928571428571,,,,,,,,,
pairwise_similarity,human,,,,,0.785714285714,,,,,,,,,
pairwise_similarity,human,,,,,0.785714285714,,,,,,,,,
pairwise_similarity,human,,,,,0.928571428571,,,,,,,,,
pairwise_similarity,human,,,,,0.5,,,,,,,,,
pairwise_similarity,human,,,,,0.785714285714,,,,,,,,,
pairwise_similarity,human,,,,,0.5,,,,,,,,,
pairwise_similarity,human,,,,,0.714285714286,,,,,,,,,
pairwise_similarity,human,,,,,0.928571428571,,,,,,,,,
pairwise_similarity,human,,,,,0.428571428571,,,,,,,,,
pairwise_similarity,human,,,,,0.714285714286,,,,,,,,,
pairwise_similarity,human,,,,,0.714285714286,,,,,,,,,
pairwise_similarity,human,,,,,1,,,,,,,,,
pairwise_similarity,human,,,,,1,,,,,,,,,
pairwise_similarity,human,,,,,0.714285714286,,,,,,,,,
pairwise_similarity,human,,,,,0.571428571429,,,,,,,,,
pairwise_similarity,human,,,,,0.642857142857,,,,,,,,,
pairwise_similarity,human,,,,,0.785714285714,,,,,,,,,
pairwise_similarity,human,,,,,0.714285714286,,,,,,,,,
pairwise_similarity,human,,,,,0.5,,,,,,,,,
pairwise_similarity,human,,,,,0.5,,,,,,,,,
pairwise_similarity,human,,,,,0.785714285714,,,,,,,,,
pairwise_similarity,human,,,,,0.714285714286,,,,,,,,,
pairwise_similarity,human,,,,,0.714285714286,,,,,,,,,
pairwise_similarity,human,,,,,0.714285714286,,,,,,,,,
pairwise_similarity,human,,,,,0.5,,,,,,,,,
pairwise_similarity,human,,,,,0.428571428571,,,,,,,,,
pairwise_similarity,human,,,,,0.785714285714,,,,,,,,,
pairwise_similarity,human,,,,,0.642857142857,,,,,,,,,
pairwise_similarity,human,,,,,0.357142857143,,,,,,,,,
pairwise_similarity,human,,,,,0.428571428571,,,,,,,,,
pairwise_similarity,human,,,,,0.428571428571,,,,,,,,,
pairwise_similarity,human,,,,,0.857142857143,,,,,,,,,
pairwise_similarity,human,,,,,0.285714285714,,,,,,,,,
pairwise_similarity,human,,,,,0.357142857143,,,,,,,,,
pairwise_similarity,human,,,,,0.785714285714,,,,,,,,,
pairwise_similarity,human,,,,,0.785714285714,,,,,,,,,
pairwise_similarity,human,,,,,0.785714285714,,,,,,,,,
pairwise_similarity,human,,,,,0.928571428571,,,,,,,,,
pairwise_similarity,human,,,,,0.642857142857,,,,,,,,,
pairwise_similarity,human,,,,,0.5,,,,,,,,,
pairwise_similarity,human,,,,,0.642857142857,,,,,,,,,
pairwise_similarity,human,,,,,0.571428571429,,,,,,,,,
pairwise_similarity,human,,,,,0.714285714286,,,,,,,,,
pairwise_similarity,human,,,,,0.357142857143,,,,,,,,,
pairwise_similarity,human,,,,,0.5,,,,,,,,,
pairwise_similarity,human,,,,,0.642857142857,,,,,,,,,
pairwise_similarity,human,,,,,0.357142857143,,,,,,,,,
pairwise_similarity,human,,,,,0.571428571429,,,,,,,,,
pairwise_similarity,human,,,,,0.428571428571,,,,,,,,,
pairwise_similarity,human,,,,,0.357142857143,,,,,,,,,
pairwise_similarity,human,,,,,0.642857142857,,,,,,,,,
pairwise_similarity,human,,,,,0.785714285714,,,,,,,,,
pairwise_similarity,human,,,,,0.642857142857,,,,,,,,,
pairwise_similarity,human,,,,,0.785714285714,,,,,,,,,
pairwise_similarity,human,,,,,0.357142857143,,,,,,,,,
pairwise_similarity,human,,,,,0.428571428571,,,,,,,,,
pairwise_similarity,human,,,,,0.714285714286,,,,,,,,,
pairwise_similarity,human,,,,,0.714285714286,,,,,,,,,
pairwise_similarity,human,,,,,0.857142857143,,,,,,,,,
pairwise_similarity,human,,,,,0.714285714286,,,,,,,,,
pairwise_similarity,human,,,,,0.571428571429,,,,,,,,,
pairwise_similarity,human,,,,,0.571428571429,,,,,,,,,
pairwise_similarity,human,,,,,0.428571428571,,,,,,,,,
pairwise_similarity,human,,,,,0.571428571429,,,,,,,,,
pairwise_similarity,human,,,,,0.642857142857,,,,,,,,,
pairwise_similarity,human,,,,,0.714285714286,,,,,,,,,
pairwise_similarity,human,,,,,0.5,,,,,,,,,
pairwise_similarity,human,,,,,0.642857142857,,,,,,,,,
pairwise_similarity,human,,,,,0.785714285714,,,,,,,,,
pairwise_similarity,human,,,,,0.642857142857,,,,,,,,,
pairwise_similarity,human,,,,,0.642857142857,,,,,,,,,
pairwise_similarity,human,,,,,0.785714285714,,,,,,,,,
pairwise_similarity,human,,,,,0.642857142857,,,,,,,,,
pairwise_similarity,human,,,,,0.571428571429,,,,,,,,,
pairwise_similarity,human,,,,,0.714285714286,,,,,,,,,
pairwise_similarity,human,,,,,0.785714285714,,,,,,,,,
pairwise_similarity,human,,,,,0.714285714286,,,,,,,,,
pairwise_similarity,human,,,,,0.571428571429,,,,,,,,,
pairwise_similarity,human,,,,,0.857142857143,,,,,,,,,
pairwise_similarity,human,,,,,0.5,,,,,,,,,
pairwise_similarity,human,,,,,0.642857142857,,,,,,,,,
pairwise_similarity,human,,,,,0.785714285714,,,,,,,,,
pairwise_similarity,human,,,,,0.571428571429,,,,,,,,,
pairwise_similarity,human,,,,,0.357142857143,,,,,,,,,
pairwise_similarity,human,,,,,0.714285714286,,,,,,,,,
pairwise_similarity,human,,,,,0.857142857143,,,,,,,,,
pairwise_similarity,human,,,,,0.285714285714,,,,,,,,,
pairwise_similarity,human,,,,,0.357142857143,,,,,,,,,
pairwise_similarity,human,,,,,0.5,,,,,,,,,
pairwise_similarity,human,,,,,0.642857142857,,,,,,,,,
pairwise_similarity,human,,,,,0.642857142857,,,,,,,,,
pairwise_similarity,human,,,,,0.142857142857,,,,,,,,,
pairwise_similarity,human,,,,,0.714285714286,,,,,,,,,
pairwise_similarity,human,,,,,0.428571428571,,,,,,,,,
pairwise_similarity,human,,,,,0.714285714286,,,,,,,,,
pairwise_similarity,human,,,,,0.571428571429,,,,,,,,,
pairwise_similarity,human,,,,,0.428571428571,,,,,,,,,
pairwise_similarity,human,,,,,0.571428571429,,,,,,,,,
pairwise_similarity,human,,,,,0.357142857143,,,,,,,,,
pairwise_similarity,human,,,,,0.642857142857,,,,,,,,,
pairwise_similarity,human,,,,,0.428571428571,,,,,,,,,
pairwise_similarity,human,,,,,0.428571428571,,,,,,,,,
pairwise_similarity,human,,,,,0.571428571429,,,,,,,,,
pairwise_similarity,human,,,,,0.571428571429,,,,,,,,,
pairwise_similarity,human,,,,,0.642857142857,,,,,,,,,
pairwise_similarity,human,,,,,0.357142857143,,,,,,,,,
pairwise_similarity,human,,,,,0.571428571429,,,,,,,,,
pairwise_similarity,human,,,,,0.285714285714,,,,,,,,,
pairwise_similarity,human,,,,,0.571428571429,,,,,,,,,
pairwise_similarity,human,,,,,0.714285714286,,,,,,,,,
pairwise_similarity,human,,,,,0.428571428571,,,,,,,,,
pairwise_similarity,human,,,,,0.142857142857,,,,,,,,,
pairwise_similarity,human,,,,,0.5,,,,,,,,,
pairwise_similarity,human,,,,,0.5,,,,,,,,,
pairwise_similarity,human,,,,,0.785714285714,,,,,,,,,
pairwise_similarity,human,,,,,0.5,,,,,,,,,
pairwise_similarity,human,,,,,0.5,,,,,,,,,
pairwise_similarity,human,,,,,0.642857142857,,,,,,,,,
pairwise_similarity,human,,,,,0.642857142857,,,,,,,,,
pairwise_similarity,human,,,,,0.5,,,,,,,,,
pairwise_similarity,human,,,,,0.642857142857,,,,,,,,,
pairwise_similarity,human,,,,,0.428571428571,,,,,,,,,
pairwise_similarity,human,,,,,0.642857142857,,,,,,,,,
pairwise_similarity,human,,,,,0.571428571429,,,,,,,,,
pairwise_similarity,human,,,,,0.428571428571,,,,,,,,,
pairwise_similarity,human,,,,,0.428571428571,,,,,,,,,
pairwise_similarity,human,,,,,0.714285714286,,,,,,,,,
pairwise_similarity,human,,,,,0.714285714286,,,,,,,,,
pairwise_similarity,human,,,,,0.714285714286,,,,,,,,,
pairwise_similarity,human,,,,,0.285714285714,,,,,,,,,
pairwise_similarity,human,,,,,0.642857142857,,,,,,,,,
pairwise_similarity,human,,,,,0.5,,,,,,,,,
pairwise_similarity,human,,,,,0.428571428571,,,,,,,,,
pairwise_similarity,human,,,,,0.214285714286,,,,,,,,,
pairwise_similarity,human,,,,,0.642857142857,,,,,,,,,
pairwise_similarity,human,,,,,0.5,,,,,,,,,
pairwise_similarity,human,,,,,0.857142857143,,,,,,,,,
pairwise_similarity,human,,,,,0.428571428571,,,,,,,,,
pairwise_similarity,human,,,,,0.571428571429,,,,,,,,,
pairwise_similarity,human,,,,,0.785714285714,,,,,,,,,
pairwise_similarity,human,,,,,0.142857142857,,,,,,,,,
pairwise_similarity,human,,,,,0.642857142857,,,,,,,,,
pairwise_similarity,human,,,,,0.5,,,,,,,,,
pairwise_similarity,human,,,,,0.5,,,,,,,,,
pairwise_similarity,human,,,,,0.571428571429,,,,,,,,,
pairwise_similarity,human,,,,,0.285714285714,,,,,,,,,
pairwise_similarity,human,,,,,0.714285714286,,,,,,,,,
pairwise_similarity,human,,,,,0.285714285714,,,,,,,,,
pairwise_similarity,human,,,,,0.357142857143,,,,,,,,,
pairwise_similarity,human,,,,,0.642857142857,,,,,,,,,
pairwise_similarity,human,,,,,0.642857142857,,,,,,,,,
pairwise_similarity,human,,,,,0.642857142857,,,,,,,,,
pairwise_similarity,human,,,,,0.642857142857,,,,,,,,,
pairwise_similarity,human,,,,,0.357142857143,,,,,,,,,
pairwise_similarity,human,,,,,0.785714285714,,,,,,,,,
pairwise_similarity,human,,,,,0.928571428571,,,,,,,,,
pairwise_similarity,human,,,,,0.428571428571,,,,,,,,,
pairwise_similarity,human,,,,,0.714285714286,,,,,,,,,
pairwise_similarity,human,,,,,0.571428571429,,,,,,,,,
pairwise_similarity,human,,,,,0.571428571429,,,,,,,,,
pairwise_similarity,human,,,,,0.785714285714,,,,,,,,,
pairwise_similarity,human,,,,,0.642857142857,,,,,,,,,
pairwise_similarity,human,,,,,0.571428571429,,,,,,,,,
pairwise_similarity,human,,,,,0.571428571429,,,,,,,,,
pairwise_similarity,human,,,,,0.857142857143,,,,,,,,,
pairwise_similarity,human,,,,,0.714285714286,,,,,,,,,
pairwise_similarity,human,,,,,0.714285714286,,,,,,,,,
pairwise_similarity,human,,,,,0.428571428571,,,,,,,,,
pairwise_similarity,human,,,,,0.642857142857,,,,,,,,,
pairwise_similarity,human,,,,,0.785714285714,,,,,,,,,
pairwise_similarity,human,,,,,0.642857142857,,,,,,,,,
pairwise_similarity,human,,,,,0.785714285714,,,,,,,,,
pairwise_similarity,human,,,,,0.642857142857,,,,,,,,,
pairwise_similarity,human,,,,,0.642857142857,,,,,,,,,
pairwise_similarity,human,,,,,0.642857142857,,,,,,,,,
pairwise_similarity,human,,,,,0.5,,,,,,,,,
pairwise_similarity,human,,,,,0.642857142857,,,,,,,,,
pairwise_similarity,human,,,,,0.857142857143,,,,,,,,,
pairwise_similarity,human,,,,,0.785714285714,,,,,,,,,
pairwise_similarity,human,,,,,0.571428571429,,,,,,,,,
pairwise_similarity,human,,,,,0.714285714286,,,,,,,,,
pairwise_similarity,human,,,,,0.714285714286,,,,,,,,,
pairwise_similarity,human,,,,,0.714285714286,,,,,,,,,
pairwise_similarity,human,,,,,0.714285714286,,,,,,,,,
pairwise_similarity,human,,,,,0.857142857143,,,,,,,,,
pairwise_similarity,human,,,,,0.571428571429,,,,,,,,,
pairwise_similarity,human,,,,,0.5,,,,,,,,,
pairwise_similarity,human,,,,,0.785714285714,,,,,,,,,
pairwise_similarity,human,,,,,0.857142857143,,,,,,,,,
pairwise_similarity,human,,,,,0.5,,,,,,,,,
pairwise_similarity,human,,,,,0.642857142857,,,,,,,,,
pairwise_similarity,human,,,,,0.785714285714,,,,,,,,,
pairwise_similarity,human,,,,,0.571428571429,,,,,,,,,
pairwise_similarity,human,,,,,0.714285714286,,,,,,,,,
pairwise_similarity,human,,,,,0.857142857143,,,,,,,,,
pairwise_similarity,human,,,,,0.642857142857,,,,,,,,,
pairwise_similarity,human,,,,,0.428571428571,,,,,,,,,
pairwise_similarity,human,,,,,0.928571428571,,,,,,,,,
pairwise_similarity,human,,,,,0.642857142857,,,,,,,,,
pairwise_similarity,human,,,,,0.357142857143,,,,,,,,,
pairwise_similarity,human,,,,,0.428571428571,,,,,,,,,
pairwise_similarity,human,,,,,0.571428571429,,,,,,,,,
pairwise_similarity,human,,,,,0.857142857143,,,,,,,,,
pairwise_similarity,human,,,,,0.428571428571,,,,,,,,,
pairwise_similarity,human,,,,,0.214285714286,,,,,,,,,
pairwise_similarity,human,,,,,0.928571428571,,,,,,,,,
pairwise_similarity,human,,,,,0.642857142857,,,,,,,,,
pairwise_similarity,human,,,,,0.928571428571,,,,,,,,,
pairwise_similarity,human,,,,,0.642857142857,,,,,,,,,
pairwise_similarity,human,,,,,0.642857142857,,,,,,,,,
pairwise_similarity,human,,,,,0.714285714286,,,,,,,,,
pairwise_similarity,human,,,,,0.357142857143,,,,,,,,,
pairwise_similarity,human,,,,,0.785714285714,,,,,,,,,
pairwise_similarity,human,,,,,0.357142857143,,,,,,,,,
pairwise_similarity,human,,,,,0.642857142857,,,,,,,,,
pairwise_similarity,human,,,,,0.714285714286,,,,,,,,,
pairwise_similarity,human,,,,,0.428571428571,,,,,,,,,
pairwise_similarity,human,,,,,0.642857142857,,,,,,,,,
pairwise_similarity,human,,,,,0.642857142857,,,,,,,,,
pairwise_similarity,human,,,,,0.642857142857,,,,,,,,,
pairwise_similarity,human,,,,,0.5,,,,,,,,,
pairwise_similarity,human,,,,,0.785714285714,,,,,,,,,
pairwise_similarity,human,,,,,0.642857142857,,,,,,,,,
pairwise_similarity,human,,,,,0.428571428571,,,,,,,,,
pairwise_similarity,human,,,,,0.857142857143,,,,,,,,,
pairwise_similarity,human,,,,,0.571428571429,,,,,,,,,
pairwise_similarity,human,,,,,0.714285714286,,,,,,,,,
pairwise_similarity,human,,,,,0.714285714286,,,,,,,,,
pairwise_similarity,human,,,,,0.571428571429,,,,,,,,,
pairwise_similarity,human,,,,,0.428571428571,,,,,,,,,
pairwise_similarity,human,,,,,0.571428571429,,,,,,,,,
pairwise_similarity,human,,,,,0.428571428571,,,,,,,,,
pairwise_similarity,human,,,,,0.928571428571,,,,,,,,,
pairwise_similarity,human,,,,,0.714285714286,,,,,,,,,
pairwise_similarity,human,,,,,0.357142857143,,,,,,,,,
pairwise_similarity,human,,,,,0.785714285714,,,,,,,,,
pairwise_similarity,human,,,,,0.642857142857,,,,,,,,,
pairwise_similarity,human,,,,,0.642857142857,,,,,,,,,
pairwise_similarity,human,,,,,0.642857142857,,,,,,,,,
pairwise_similarity,human,,,,,0.642857142857,,,,,,,,,
pairwise_similarity,human,,,,,0.642857142857,,,,,,,,,
pairwise_similarity,human,,,,,0.428571428571,,,,,,,,,
pairwise_similarity,human,,,,,0.857142857143,,,,,,,,,
pairwise_similarity,human,,,,,0.785714285714,,,,,,,,,
pairwise_similarity,human,,,,,0.571428571429,,,,,,,,,
pairwise_similarity,human,,,,,0.428571428571,,,,,,,,,
pairwise_similarity,human,,,,,0.714285714286,,,,,,,,,
pairwise_similarity,human,,,,,0.357142857143,,,,,,,,,
pairwise_similarity,human,,,,,0.785714285714,,,,,,,,,
pairwise_similarity,human,,,,,0.642857142857,,,,,,,,,
pairwise_similarity,human,,,,,0.428571428571,,,,,,,,,
pairwise_similarity,human,,,,,0.642857142857,,,,,,,,,
pairwise_similarity,human,,,,,0.714285714286,,,,,,,,,
pairwise_similarity,human,,,,,0.714285714286,,,,,,,,,
pairwise_similarity,human,,,,,0.142857142857,,,,,,,,,
pairwise_similarity,human,,,,,0.214285714286,,,,,,,,,
pairwise_similarity,human,,,,,0.642857142857,,,,,,,,,
pairwise_similarity,human,,,,,0.642857142857,,,,,,,,,
pairwise_similarity,human,,,,,0.357142857143,,,,,,,,,
pairwise_similarity,human,,,,,0,,,,,,,,,
pairwise_similarity,human,,,,,0.714285714286,,,,,,,,,
pairwise_similarity,human,,,,,0.428571428571,,,,,,,,,
pairwise_similarity,human,,,,,0.714285714286,,,,,,,,,
pairwise_similarity,human,,,,,0.571428571429,,,,,,,,,
pairwise_similarity,human,,,,,0.857142857143,,,,,,,,,
pairwise_similarity,human,,,,,0.5,,,,,,,,,
pairwise_similarity,human,,,,,0.642857142857,,,,,,,,,
pairwise_similarity,human,,,,,0.642857142857,,,,,,,,,
pairwise_similarity,human,,,,,0.5,,,,,,,,,
pairwise_similarity,human,,,,,0.714285714286,,,,,,,,,
pairwise_similarity,human,,,,,0.714285714286,,,,,,,,,
pairwise_similarity,human,,,,,0.5,,,,,,,,,
pairwise_similarity,human,,,,,0.642857142857,,,,,,,,,
pairwise_similarity,human,,,,,0.928571428571,,,,,,,,,
pairwise_similarity,human,,,,,0.785714285714,,,,,,,,,
pairwise_similarity,human,,,,,0.785714285714,,,,,,,,,
pairwise_similarity,human,,,,,0.357142857143,,,,,,,,,
pairwise_similarity,human,,,,,0.714285714286,,,,,,,,,
pairwise_similarity,human,,,,,0.857142857143,,,,,,,,,
pairwise_similarity,human,,,,,0.714285714286,,,,,,,,,
pairwise_similarity,human,,,,,0.857142857143,,,,,,,,,
pairwise_similarity,human,,,,,0.714285714286,,,,,,,,,
pairwise_similarity,human,,,,,0.714285714286,,,,,,,,,
pairwise_similarity,human,,,,,0.714285714286,,,,,,,,,
pairwise_similarity,human,,,,,0.571428571429,,,,,,,,,
pairwise_similarity,human,,,,,0.714285714286,,,,,,,,,
pairwise_similarity,human,,,,,0.785714285714,,,,,,,,,
pairwise_similarity,human,,,,,0.857142857143,,,,,,,,,
pairwise_similarity,human,,,,,0.642857142857,,,,,,,,,
pairwise_similarity,human,,,,,0.785714285714,,,,,,,,,
pairwise_similarity,human,,,,,0.785714285714,,,,,,,,,
pairwise_similarity,human,,,,,0.785714285714,,,,,,,,,
pairwise_similarity,human,,,,,0.785714285714,,,,,,,,,
pairwise_similarity,human,,,,,0.928571428571,,,,,,,,,
pairwise_similarity,human,,,,,0.642857142857,,,,,,,,,
pairwise_similarity,human,,,,,0.571428571429,,,,,,,,,
pairwise_similarity,human,,,,,0.857142857143,,,,,,,,,
pairwise_similarity,human,,,,,0.785714285714,,,,,,,,,
pairwise_similarity,human,,,,,0.571428571429,,,,,,,,,
pairwise_similarity,human,,,,,0.714285714286,,,,,,,,,
pairwise_similarity,human,,,,,0.857142857143,,,,,,,,,
pairwise_similarity,human,,,,,0.642857142857,,,,,,,,,
pairwise_similarity,human,,,,,0.785714285714,,,,,,,,,
pairwise_similarity,human,,,,,0.928571428571,,,,,,,,,
pairwise_similarity,human,,,,,0.714285714286,,,,,,,,,
pairwise_similarity,human,,,,,0.357142857143,,,,,,,,,
pairwise_similarity,human,,,,,1,,,,,,,,,
pairwise_similarity,human,,,,,0.714285714286,,,,,,,,,
pairwise_similarity,human,,,,,0.428571428571,,,,,,,,,
pairwise_similarity,human,,,,,0.5,,,,,,,,,
pairwise_similarity,human,,,,,0.5,,,,,,,,,
pairwise_similarity,human,,,,,0.928571428571,,,,,,,,,
pairwise_similarity,human,,,,,0.5,,,,,,,,,
pairwise_similarity,human,,,,,0.285714285714,,,,,,,,,
pairwise_similarity,human,,,,,1,,,,,,,,,
pairwise_similarity,human,,,,,0.714285714286,,,,,,,,,
pairwise_similarity,human,,,,,1,,,,,,,,,
pairwise_similarity,human,,,,,0.714285714286,,,,,,,,,
pairwise_similarity,human,,,,,0.571428571429,,,,,,,,,
pairwise_similarity,human,,,,,0.428571428571,,,,,,,,,
pairwise_similarity,human,,,,,0.285714285714,,,,,,,,,
pairwise_similarity,human,,,,,0.571428571429,,,,,,,,,
pairwise_similarity,human,,,,,0.642857142857,,,,,,,,,
pairwise_similarity,human,,,,,0.214285714286,,,,,,,,,
pairwise_similarity,human,,,,,0.571428571429,,,,,,,,,
pairwise_similarity,human,,,,,0.285714285714,,,,,,,,,
pairwise_similarity,human,,,,,0.428571428571,,,,,,,,,
pairwise_similarity,human,,,,,0.428571428571,,,,,,,,,
pairwise_similarity,human,,,,,0.428571428571,,,,,,,,,
pairwise_similarity,human,,,,,0.428571428571,,,,,,,,,
pairwise_similarity,human,,,,,0.5,,,,,,,,,
pairwise_similarity,human,,,,,0.5,,,,,,,,,
pairwise_similarity,human,,,,,0.642857142857,,,,,,,,,
pairwise_similarity,human,,,,,0.5,,,,,,,,,
pairwise_similarity,human,,,,,0.5,,,,,,,,,
pairwise_similarity,human,,,,,0.785714285714,,,,,,,,,
pairwise_similarity,human,,,,,0.214285714286,,,,,,,,,
pairwise_similarity,human,,,,,0.642857142857,,,,,,,,,
pairwise_similarity,human,,,,,0.214285714286,,,,,,,,,
pairwise_similarity,human,,,,,0.428571428571,,,,,,,,,
pairwise_similarity,human,,,,,0.642857142857,,,,,,,,,
pairwise_similarity,human,,,,,0.142857142857,,,,,,,,,
pairwise_similarity,human,,,,,0.428571428571,,,,,,,,,
pairwise_similarity,human,,,,,0.428571428571,,,,,,,,,
pairwise_similarity,human,,,,,0.714285714286,,,,,,,,,
pairwise_similarity,human,,,,,0.714285714286,,,,,,,,,
pairwise_similarity,human,,,,,0.428571428571,,,,,,,,,
pairwise_similarity,human,,,,,0.285714285714,,,,,,,,,
pairwise_similarity,human,,,,,0.357142857143,,,,,,,,,
pairwise_similarity,human,,,,,0.5,,,,,,,,,
pairwise_similarity,human,,,,,0.428571428571,,,,,,,,,
pairwise_similarity,human,,,,,0.214285714286,,,,,,,,,
pairwise_similarity,human,,,,,0.214285714286,,,,,,,,,
pairwise_similarity,human,,,,,0.5,,,,,,,,,
pairwise_similarity,human,,,,,0.428571428571,,,,,,,,,
pairwise_similarity,human,,,,,0.428571428571,,,,,,,,,
pairwise_similarity,human,,,,,0.428571428571,,,,,,,,,
pairwise_similarity,human,,,,,0.214285714286,,,,,,,,,
pairwise_similarity,human,,,,,0.142857142857,,,,,,,,,
pairwise_similarity,human,,,,,0.5,,,,,,,,,
pairwise_similarity,human,,,,,0.357142857143,,,,,,,,,
pairwise_similarity,human,,,,,0.357142857143,,,,,,,,,
pairwise_similarity,human,,,,,0.428571428571,,,,,,,,,
pairwise_similarity,human,,,,,0.142857142857,,,,,,,,,
pairwise_similarity,human,,,,,0.571428571429,,,,,,,,,
pairwise_similarity,human,,,,,0,,,,,,,,,
pairwise_similarity,human,,,,,0.642857142857,,,,,,,,,
pairwise_similarity,human,,,,,0.5,,,,,,,,,
pairwise_similarity,human,,,,,0.785714285714,,,,,,,,,
pairwise_similarity,human,,,,,0.5,,,,,,,,,
pairwise_similarity,human,,,,,0.642857142857,,,,,,,,,
pairwise_similarity,human,,,,,0.357142857143,,,,,,,,,
pairwise_similarity,human,,,,,0.285714285714,,,,,,,,,
pairwise_similarity,human,,,,,0.571428571429,,,,,,,,,
pairwise_similarity,human,,,,,0.785714285714,,,,,,,,,
pairwise_similarity,human,,,,,0.357142857143,,,,,,,,,
pairwise_similarity,human,,,,,0.571428571429,,,,,,,,,
pairwise_similarity,human,,,,,0.714285714286,,,,,,,,,
pairwise_similarity,human,,,,,0.571428571429,,,,,,,,,
pairwise_similarity,human,,,,,0.428571428571,,,,,,,,,
pairwise_similarity,human,,,,,0.714285714286,,,,,,,,,
pairwise_similarity,human,,,,,0.571428571429,,,,,,,,,
pairwise_similarity,human,,,,,0.357142857143,,,,,,,,,
pairwise_similarity,human,,,,,0.785714285714,,,,,,,,,
pairwise_similarity,human,,,,,0.642857142857,,,,,,,,,
pairwise_similarity,human,,,,,0.642857142857,,,,,,,,,
pairwise_similarity,human,,,,,0.785714285714,,,,,,,,,
pairwise_similarity,human,,,,,0.642857142857,,,,,,,,,
pairwise_similarity,human,,,,,0.357142857143,,,,,,,,,
pairwise_similarity,human,,,,,0.785714285714,,,,,,,,,
pairwise_similarity,human,,,,,0.357142857143,,,,,,,,,
pairwise_similarity,human,,,,,0.714285714286,,,,,,,,,
pairwise_similarity,human,,,,,0.785714285714,,,,,,,,,
pairwise_similarity,human,,,,,0.285714285714,,,,,,,,,
pairwise_similarity,human,,,,,0.714285714286,,,,,,,,,
pairwise_similarity,human,,,,,0.714285714286,,,,,,,,,
pairwise_similarity,human,,,,,0.714285714286,,,,,,,,,
pairwise_similarity,human,,,,,0.714285714286,,,,,,,,,
pairwise_similarity,human,,,,,0.571428571429,,,,,,,,,
pairwise_similarity,human,,,,,0.571428571429,,,,,,,,,
pairwise_similarity,human,,,,,0.5,,,,,,,,,
pairwise_similarity,human,,,,,0.785714285714,,,,,,,,,
pairwise_similarity,human,,,,,0.714285714286,,,,,,,,,
pairwise_similarity,human,,,,,0.5,,,,,,,,,
pairwise_similarity,human,,,,,0.357142857143,,,,,,,,,
pairwise_similarity,human,,,,,0.642857142857,,,,,,,,,
pairwise_similarity,human,,,,,0.428571428571,,,,,,,,,
pairwise_similarity,human,,,,,0.714285714286,,,,,,,,,
pairwise_similarity,human,,,,,0.571428571429,,,,,,,,,
pairwise_similarity,human,,,,,0.357142857143,,,,,,,,,
pairwise_similarity,human,,,,,0.714285714286,,,,,,,,,
pairwise_similarity,human,,,,,0.642857142857,,,,,,,,,
pairwise_similarity,human,,,,,0.642857142857,,,,,,,,,
pairwise_similarity,human,,,,,0.0714285714286,,,,,,,,,
pairwise_similarity,human,,,,,0.142857142857,,,,,,,,,
pairwise_similarity,human,,,,,0.571428571429,,,,,,,,,
pairwise_similarity,human,,,,,0.571428571429,,,,,,,,,
pairwise_similarity,human,,,,,0.285714285714,,,,,,,,,
pairwise_similarity,human,,,,,0.0714285714286,,,,,,,,,
pairwise_similarity,human,,,,,0.642857142857,,,,,,,,,
pairwise_similarity,human,,,,,0.5,,,,,,,,,
pairwise_similarity,human,,,,,0.642857142857,,,,,,,,,
pairwise_similarity,human,,,,,0.785714285714,,,,,,,,,
pairwise_similarity,human,,,,,0.785714285714,,,,,,,,,
pairwise_similarity,human,,,,,0.142857142857,,,,,,,,,
pairwise_similarity,human,,,,,0.357142857143,,,,,,,,,
pairwise_similarity,human,,,,,0.5,,,,,,,,,
pairwise_similarity,human,,,,,0.142857142857,,,,,,,,,
pairwise_similarity,human,,,,,0.285714285714,,,,,,,,,
pairwise_similarity,human,,,,,0.571428571429,,,,,,,,,
pairwise_similarity,human,,,,,0.714285714286,,,,,,,,,
pairwise_similarity,human,,,,,0.428571428571,,,,,,,,,
pairwise_similarity,human,,,,,0.142857142857,,,,,,,,,
pairwise_similarity,human,,,,,0.5,,,,,,,,,
pairwise_similarity,human,,,,,0.5,,,,,,,,,
pairwise_similarity,human,,,,,0.5,,,,,,,,,
pairwise_similarity,human,,,,,0.5,,,,,,,,,
pairwise_similarity,human,,,,,0.5,,,,,,,,,
pairwise_similarity,human,,,,,0.357142857143,,,,,,,,,
pairwise_similarity,human,,,,,0.785714285714,,,,,,,,,
pairwise_similarity,human,,,,,0.214285714286,,,,,,,,,
pairwise_similarity,human,,,,,0.642857142857,,,,,,,,,
pairwise_similarity,human,,,,,0.428571428571,,,,,,,,,
pairwise_similarity,human,,,,,0.5,,,,,,,,,
pairwise_similarity,human,,,,,0.714285714286,,,,,,,,,
pairwise_similarity,human,,,,,0.428571428571,,,,,,,,,
pairwise_similarity,human,,,,,0.428571428571,,,,,,,,,
pairwise_similarity,human,,,,,0.428571428571,,,,,,,,,
pairwise_similarity,human,,,,,0.428571428571,,,,,,,,,
pairwise_similarity,human,,,,,0.714285714286,,,,,,,,,
pairwise_similarity,human,,,,,0.285714285714,,,,,,,,,
pairwise_similarity,human,,,,,0.5,,,,,,,,,
pairwise_similarity,human,,,,,0.5,,,,,,,,,
pairwise_similarity,human,,,,,0.428571428571,,,,,,,,,
pairwise_similarity,human,,,,,0.357142857143,,,,,,,,,
pairwise_similarity,human,,,,,0.785714285714,,,,,,,,,
pairwise_similarity,human,,,,,0.5,,,,,,,,,
pairwise_similarity,human,,,,,0.571428571429,,,,,,,,,
pairwise_similarity,human,,,,,0.428571428571,,,,,,,,,
pairwise_similarity,human,,,,,0.571428571429,,,,,,,,,
pairwise_similarity,human,,,,,0.785714285714,,,,,,,,,
pairwise_similarity,human,,,,,0,,,,,,,,,
pairwise_similarity,human,,,,,0.642857142857,,,,,,,,,
pairwise_similarity,human,,,,,0.642857142857,,,,,,,,,
pairwise_similarity,human,,,,,0.642857142857,,,,,,,,,
pairwise_similarity,human,,,,,0.714285714286,,,,,,,,,
pairwise_similarity,human,,,,,0.142857142857,,,,,,,,,
pairwise_similarity,human,,,,,0.571428571429,,,,,,,,,
pairwise_similarity,human,,,,,0.571428571429,,,,,,,,,
pairwise_similarity,human,,,,,0.357142857143,,,,,,,,,
pairwise_similarity,human,,,,,0.642857142857,,,,,,,,,
pairwise_similarity,human,,,,,0.5,,,,,,,,,
pairwise_similarity,human,,,,,0.642857142857,,,,,,,,,
pairwise_similarity,human,,,,,0.357142857143,,,,,,,,,
pairwise_similarity,human,,,,,0.214285714286,,,,,,,,,
pairwise_similarity,human,,,,,0.785714285714,,,,,,,,,
pairwise_similarity,human,,,,,0.214285714286,,,,,,,,,
pairwise_similarity,human,,,,,1,,,,,,,,,
pairwise_similarity,human,,,,,0.285714285714,,,,,,,,,
pairwise_similarity,human,,,,,0.428571428571,,,,,,,,,
pairwise_similarity,human,,,,,0.428571428571,,,,,,,,,
pairwise_similarity,human,,,,,0.428571428571,,,,,,,,,
pairwise_similarity,human,,,,,0.571428571429,,,,,,,,,
pairwise_similarity,human,,,,,0.357142857143,,,,,,,,,
pairwise_similarity,human,,,,,0.5,,,,,,,,,
pairwise_similarity,human,,,,,0.642857142857,,,,,,,,,
pairwise_similarity,human,,,,,0.5,,,,,,,,,
pairwise_similarity,human,,,,,0.5,,,,,,,,,
pairwise_similarity,human,,,,,0.642857142857,,,,,,,,,
pairwise_similarity,human,,,,,0.214285714286,,,,,,,,,
pairwise_similarity,human,,,,,0.5,,,,,,,,,
pairwise_similarity,human,,,,,0.214285714286,,,,,,,,,
pairwise_similarity,human,,,,,0.714285714286,,,,,,,,,
pairwise_similarity,human,,,,,0.642857142857,,,,,,,,,
pairwise_similarity,human,,,,,0.142857142857,,,,,,,,,
pairwise_similarity,human,,,,,0.428571428571,,,,,,,,,
pairwise_similarity,human,,,,,0.428571428571,,,,,,,,,
pairwise_similarity,human,,,,,0.714285714286,,,,,,,,,
pairwise_similarity,human,,,,,0.714285714286,,,,,,,,,
pairwise_similarity,human,,,,,0.428571428571,,,,,,,,,
pairwise_similarity,human,,,,,0.285714285714,,,,,,,,,
pairwise_similarity,human,,,,,0.357142857143,,,,,,,,,
pairwise_similarity,human,,,,,0.5,,,,,,,,,
pairwise_similarity,human,,,,,0.571428571429,,,,,,,,,
pairwise_similarity,human,,,,,0.214285714286,,,,,,,,,
pairwise_similarity,human,,,,,0.214285714286,,,,,,,,,
pairwise_similarity,human,,,,,0.5,,,,,,,,,
pairwise_similarity,human,,,,,0.428571428571,,,,,,,,,
pairwise_similarity,human,,,,,0.428571428571,,,,,,,,,
pairwise_similarity,human,,,,,0.428571428571,,,,,,,,,
pairwise_similarity,human,,,,,0.357142857143,,,,,,,,,
pairwise_similarity,human,,,,,0.428571428571,,,,,,,,,
pairwise_similarity,human,,,,,0.5,,,,,,,,,
pairwise_similarity,human,,,,,0.357142857143,,,,,,,,,
pairwise_similarity,human,,,,,0.0714285714286,,,,,,,,,
pairwise_similarity,human,,,,,0.142857142857,,,,,,,,,
pairwise_similarity,human,,,,,0.571428571429,,,,,,,,,
pairwise_similarity,human,,,,,0.571428571429,,,,,,,,,
pairwise_similarity,human,,,,,0,,,,,,,,,
pairwise_similarity,human,,,,,0.214285714286,,,,,,,,,
pairwise_similarity,human,,,,,0.5,,,,,,,,,
pairwise_similarity,human,,,,,0.5,,,,,,,,,
pairwise_similarity,human,,,,,0.5,,,,,,,,,
pairwise_similarity,human,,,,,0.642857142857,,,,,,,,,
pairwise_similarity,human,,,,,0.642857142857,,,,,,,,,
pairwise_similarity,human,,,,,0.428571428571,,,,,,,,,
pairwise_similarity,human,,,,,0.785714285714,,,,,,,,,
pairwise_similarity,human,,,,,0.5,,,,,,,,,
pairwise_similarity,human,,,,,0.642857142857,,,,,,,,,
pairwise_similarity,human,,,,,0.642857142857,,,,,,,,,
pairwise_similarity,human,,,,,0.642857142857,,,,,,,,,
pairwise_similarity,human,,,,,0.5,,,,,,,,,
pairwise_similarity,human,,,,,0.571428571429,,,,,,,,,
pairwise_similarity,human,,,,,0.714285714286,,,,,,,,,
pairwise_similarity,human,,,,,0.857142857143,,,,,,,,,
pairwise_similarity,human,,,,,0.714285714286,,,,,,,,,
pairwise_similarity,human,,,,,0.714285714286,,,,,,,,,
pairwise_similarity,human,,,,,0.857142857143,,,,,,,,,
pairwise_similarity,human,,,,,0.428571428571,,,,,,,,,
pairwise_similarity,human,,,,,0.714285714286,,,,,,,,,
pairwise_similarity,human,,,,,0.428571428571,,,,,,,,,
pairwise_similarity,human,,,,,0.785714285714,,,,,,,,,
pairwise_similarity,human,,,,,0.857142857143,,,,,,,,,
pairwise_similarity,human,,,,,0.357142857143,,,,,,,,,
pairwise_similarity,human,,,,,0.642857142857,,,,,,,,,
pairwise_similarity,human,,,,,0.642857142857,,,,,,,,,
pairwise_similarity,human,,,,,0.928571428571,,,,,,,,,
pairwise_similarity,human,,,,,0.928571428571,,,,,,,,,
pairwise_similarity,human,,,,,0.642857142857,,,,,,,,,
pairwise_similarity,human,,,,,0.5,,,,,,,,,
pairwise_similarity,human,,,,,0.571428571429,,,,,,,,,
pairwise_similarity,human,,,,,0.714285714286,,,,,,,,,
pairwise_similarity,human,,,,,0.785714285714,,,,,,,,,
pairwise_similarity,human,,,,,0.428571428571,,,,,,,,,
pairwise_similarity,human,,,,,0.428571428571,,,,,,,,,
pairwise_similarity,human,,,,,0.714285714286,,,,,,,,,
pairwise_similarity,human,,,,,0.642857142857,,,,,,,,,
pairwise_similarity,human,,,,,0.642857142857,,,,,,,,,
pairwise_similarity,human,,,,,0.642857142857,,,,,,,,,
pairwise_similarity,human,,,,,0.428571428571,,,,,,,,,
pairwise_similarity,human,,,,,0.5,,,,,,,,,
pairwise_similarity,human,,,,,0.714285714286,,,,,,,,,
pairwise_similarity,human,,,,,0.571428571429,,,,,,,,,
pairwise_similarity,human,,,,,0.285714285714,,,,,,,,,
pairwise_similarity,human,,,,,0.357142857143,,,,,,,,,
pairwise_similarity,human,,,,,0.5,,,,,,,,,
pairwise_similarity,human,,,,,0.785714285714,,,,,,,,,
pairwise_similarity,human,,,,,0.214285714286,,,,,,,,,
pairwise_similarity,human,,,,,0.285714285714,,,,,,,,,
pairwise_similarity,human,,,,,0.714285714286,,,,,,,,,
pairwise_similarity,human,,,,,0.714285714286,,,,,,,,,
pairwise_similarity,human,,,,,0.714285714286,,,,,,,,,
pairwise_similarity,human,,,,,0.857142857143,,,,,,,,,
pairwise_similarity,human,,,,,0.714285714286,,,,,,,,,
pairwise_similarity,human,,,,,0.214285714286,,,,,,,,,
pairwise_similarity,human,,,,,0.357142857143,,,,,,,,,
pairwise_similarity,human,,,,,0.642857142857,,,,,,,,,
pairwise_similarity,human,,,,,0.642857142857,,,,,,,,,
pairwise_similarity,human,,,,,0.5,,,,,,,,,
pairwise_similarity,human,,,,,0.0714285714286,,,,,,,,,
pairwise_similarity,human,,,,,0.714285714286,,,,,,,,,
pairwise_similarity,human,,,,,0.571428571429,,,,,,,,,
pairwise_similarity,human,,,,,0.428571428571,,,,,,,,,
pairwise_similarity,human,,,,,0.571428571429,,,,,,,,,
pairwise_similarity,human,,,,,0.428571428571,,,,,,,,,
pairwise_similarity,human,,,,,0.428571428571,,,,,,,,,
pairwise_similarity,human,,,,,0.714285714286,,,,,,,,,
pairwise_similarity,human,,,,,0.285714285714,,,,,,,,,
pairwise_similarity,human,,,,,0.571428571429,,,,,,,,,
pairwise_similarity,human,,,,,0.5,,,,,,,,,
pairwise_similarity,human,,,,,0.571428571429,,,,,,,,,
pairwise_similarity,human,,,,,0.642857142857,,,,,,,,,
pairwise_similarity,human,,,,,0.5,,,,,,,,,
pairwise_similarity,human,,,,,0.5,,,,,,,,,
pairwise_similarity,human,,,,,0.5,,,,,,,,,
pairwise_similarity,human,,,,,0.5,,,,,,,,,
pairwise_similarity,human,,,,,0.642857142857,,,,,,,,,
pairwise_similarity,human,,,,,0.5,,,,,,,,,
pairwise_similarity,human,,,,,0.285714285714,,,,,,,,,
pairwise_similarity,human,,,,,0.571428571429,,,,,,,,,
pairwise_similarity,human,,,,,0.5,,,,,,,,,
pairwise_similarity,human,,,,,0.285714285714,,,,,,,,,
pairwise_similarity,human,,,,,0.714285714286,,,,,,,,,
pairwise_similarity,human,,,,,0.571428571429,,,,,,,,,
pairwise_similarity,human,,,,,0.357142857143,,,,,,,,,
pairwise_similarity,human,,,,,0.5,,,,,,,,,
pairwise_similarity,human,,,,,0.642857142857,,,,,,,,,
pairwise_similarity,human,,,,,0.571428571429,,,,,,,,,
pairwise_similarity,human,,,,,0.0714285714286,,,,,,,,,
pairwise_similarity,human,,,,,0.714285714286,,,,,,,,,
pairwise_similarity,human,,,,,0.428571428571,,,,,,,,,
pairwise_similarity,human,,,,,0.571428571429,,,,,,,,,
pairwise_similarity,human,,,,,0.5,,,,,,,,,
pairwise_similarity,human,,,,,0.214285714286,,,,,,,,,
pairwise_similarity,human,,,,,0.642857142857,,,,,,,,,
pairwise_similarity,human,,,,,0.642857142857,,,,,,,,,
pairwise_similarity,human,,,,,0.428571428571,,,,,,,,,
pairwise_similarity,human,,,,,0.714285714286,,,,,,,,,
pairwise_similarity,human,,,,,0.428571428571,,,,,,,,,
pairwise_similarity,human,,,,,0.714285714286,,,,,,,,,
pairwise_similarity,human,,,,,0.428571428571,,,,,,,,,
pairwise_similarity,human,,,,,0.285714285714,,,,,,,,,
pairwise_similarity,human,,,,,0.285714285714,,,,,,,,,
pairwise_similarity,human,,,,,0.428571428571,,,,,,,,,
pairwise_similarity,human,,,,,0.428571428571,,,,,,,,,
pairwise_similarity,human,,,,,0.428571428571,,,,,,,,,
pairwise_similarity,human,,,,,0.571428571429,,,,,,,,,
pairwise_similarity,human,,,,,0.357142857143,,,,,,,,,
pairwise_similarity,human,,,,,0.5,,,,,,,,,
pairwise_similarity,human,,,,,0.642857142857,,,,,,,,,
pairwise_similarity,human,,,,,0.5,,,,,,,,,
pairwise_similarity,human,,,,,0.5,,,,,,,,,
pairwise_similarity,human,,,,,0.642857142857,,,,,,,,,
pairwise_similarity,human,,,,,0.214285714286,,,,,,,,,
pairwise_similarity,human,,,,,0.5,,,,,,,,,
pairwise_similarity,human,,,,,0.214285714286,,,,,,,,,
pairwise_similarity,human,,,,,0.714285714286,,,,,,,,,
pairwise_similarity,human,,,,,0.642857142857,,,,,,,,,
pairwise_similarity,human,,,,,0.142857142857,,,,,,,,,
pairwise_similarity,human,,,,,0.428571428571,,,,,,,,,
pairwise_similarity,human,,,,,0.428571428571,,,,,,,,,
pairwise_similarity,human,,,,,0.714285714286,,,,,,,,,
pairwise_similarity,human,,,,,0.714285714286,,,,,,,,,
pairwise_similarity,human,,,,,0.428571428571,,,,,,,,,
pairwise_similarity,human,,,,,0.285714285714,,,,,,,,,
pairwise_similarity,human,,,,,0.357142857143,,,,,,,,,
pairwise_similarity,human,,,,,0.5,,,,,,,,,
pairwise_similarity,human,,,,,0.571428571429,,,,,,,,,
pairwise_similarity,human,,,,,0.214285714286,,,,,,,,,
pairwise_similarity,human,,,,,0.214285714286,,,,,,,,,
pairwise_similarity,human,,,,,0.5,,,,,,,,,
pairwise_similarity,human,,,,,0.428571428571,,,,,,,,,
pairwise_similarity,human,,,,,0.428571428571,,,,,,,,,
pairwise_similarity,human,,,,,0.428571428571,,,,,,,,,
pairwise_similarity,human,,,,,0.357142857143,,,,,,,,,
pairwise_similarity,human,,,,,0.428571428571,,,,,,,,,
pairwise_similarity,human,,,,,0.5,,,,,,,,,
pairwise_similarity,human,,,,,0.357142857143,,,,,,,,,
pairwise_similarity,human,,,,,0.0714285714286,,,,,,,,,
pairwise_similarity,human,,,,,0.142857142857,,,,,,,,,
pairwise_similarity,human,,,,,0.571428571429,,,,,,,,,
pairwise_similarity,human,,,,,0.571428571429,,,,,,,,,
pairwise_similarity,human,,,,,0,,,,,,,,,
pairwise_similarity,human,,,,,0.214285714286,,,,,,,,,
pairwise_similarity,human,,,,,0.5,,,,,,,,,
pairwise_similarity,human,,,,,0.5,,,,,,,,,
pairwise_similarity,human,,,,,0.5,,,,,,,,,
pairwise_similarity,human,,,,,0.642857142857,,,,,,,,,
pairwise_similarity,human,,,,,0.642857142857,,,,,,,,,
pairwise_similarity,human,,,,,0.714285714286,,,,,,,,,
pairwise_similarity,human,,,,,0.428571428571,,,,,,,,,
pairwise_similarity,human,,,,,0.857142857143,,,,,,,,,
pairwise_similarity,human,,,,,0.285714285714,,,,,,,,,
pairwise_similarity,human,,,,,0.357142857143,,,,,,,,,
pairwise_similarity,human,,,,,0.785714285714,,,,,,,,,
pairwise_similarity,human,,,,,0.5,,,,,,,,,
pairwise_similarity,human,,,,,0.785714285714,,,,,,,,,
pairwise_similarity,human,,,,,0.642857142857,,,,,,,,,
pairwise_similarity,human,,,,,0.5,,,,,,,,,
pairwise_similarity,human,,,,,0.357142857143,,,,,,,,,
pairwise_similarity,human,,,,,0.642857142857,,,,,,,,,
pairwise_similarity,human,,,,,0.357142857143,,,,,,,,,
pairwise_similarity,human,,,,,0.571428571429,,,,,,,,,
pairwise_similarity,human,,,,,0.642857142857,,,,,,,,,
pairwise_similarity,human,,,,,0.285714285714,,,,,,,,,
pairwise_similarity,human,,,,,0.714285714286,,,,,,,,,
pairwise_similarity,human,,,,,0.857142857143,,,,,,,,,
pairwise_similarity,human,,,,,0.571428571429,,,,,,,,,
pairwise_similarity,human,,,,,0.571428571429,,,,,,,,,
pairwise_similarity,human,,,,,0.571428571429,,,,,,,,,
pairwise_similarity,human,,,,,0.857142857143,,,,,,,,,
pairwise_similarity,human,,,,,0.357142857143,,,,,,,,,
pairwise_similarity,human,,,,,0.785714285714,,,,,,,,,
pairwise_similarity,human,,,,,0.714285714286,,,,,,,,,
pairwise_similarity,human,,,,,0.642857142857,,,,,,,,,
pairwise_similarity,human,,,,,0.357142857143,,,,,,,,,
pairwise_similarity,human,,,,,0.785714285714,,,,,,,,,
pairwise_similarity,human,,,,,0.285714285714,,,,,,,,,
pairwise_similarity,human,,,,,0.714285714286,,,,,,,,,
pairwise_similarity,human,,,,,0.714285714286,,,,,,,,,
pairwise_similarity,human,,,,,0.357142857143,,,,,,,,,
pairwise_similarity,human,,,,,0.714285714286,,,,,,,,,
pairwise_similarity,human,,,,,0.642857142857,,,,,,,,,
pairwise_similarity,human,,,,,0.642857142857,,,,,,,,,
pairwise_similarity,human,,,,,0.0714285714286,,,,,,,,,
pairwise_similarity,human,,,,,0.142857142857,,,,,,,,,
pairwise_similarity,human,,,,,0.571428571429,,,,,,,,,
pairwise_similarity,human,,,,,0.571428571429,,,,,,,,,
pairwise_similarity,human,,,,,0.428571428571,,,,,,,,,
pairwise_similarity,human,,,,,-0.0714285714286,,,,,,,,,
pairwise_similarity,human,,,,,0.642857142857,,,,,,,,,
pairwise_similarity,human,,,,,0.357142857143,,,,,,,,,
pairwise_similarity,human,,,,,0.642857142857,,,,,,,,,
pairwise_similarity,human,,,,,0.642857142857,,,,,,,,,
pairwise_similarity,human,,,,,0.5,,,,,,,,,
pairwise_similarity,human,,,,,0.714285714286,,,,,,,,,
pairwise_similarity,human,,,,,0.857142857143,,,,,,,,,
pairwise_similarity,human,,,,,0.285714285714,,,,,,,,,
pairwise_similarity,human,,,,,0.642857142857,,,,,,,,,
pairwise_similarity,human,,,,,0.785714285714,,,,,,,,,
pairwise_similarity,human,,,,,0.642857142857,,,,,,,,,
pairwise_similarity,human,,,,,0.928571428571,,,,,,,,,
pairwise_similarity,human,,,,,0.642857142857,,,,,,,,,
pairwise_similarity,human,,,,,0.642857142857,,,,,,,,,
pairwise_similarity,human,,,,,0.642857142857,,,,,,,,,
pairwise_similarity,human,,,,,0.5,,,,,,,,,
pairwise_similarity,human,,,,,0.642857142857,,,,,,,,,
pairwise_similarity,human,,,,,0.714285714286,,,,,,,,,
pairwise_similarity,human,,,,,0.785714285714,,,,,,,,,
pairwise_similarity,human,,,,,0.571428571429,,,,,,,,,
pairwise_similarity,human,,,,,0.714285714286,,,,,,,,,
pairwise_similarity,human,,,,,0.857142857143,,,,,,,,,
pairwise_similarity,human,,,,,0.714285714286,,,,,,,,,
pairwise_similarity,human,,,,,0.714285714286,,,,,,,,,
pairwise_similarity,human,,,,,0.857142857143,,,,,,,,,
pairwise_similarity,human,,,,,0.714285714286,,,,,,,,,
pairwise_similarity,human,,,,,0.5,,,,,,,,,
pairwise_similarity,human,,,,,0.785714285714,,,,,,,,,
pairwise_similarity,human,,,,,0.857142857143,,,,,,,,,
pairwise_similarity,human,,,,,0.642857142857,,,,,,,,,
pairwise_similarity,human,,,,,0.642857142857,,,,,,,,,
pairwise_similarity,human,,,,,0.928571428571,,,,,,,,,
pairwise_similarity,human,,,,,0.571428571429,,,,,,,,,
pairwise_similarity,human,,,,,0.714285714286,,,,,,,,,
pairwise_similarity,human,,,,,1,,,,,,,,,
pairwise_similarity,human,,,,,0.642857142857,,,,,,,,,
pairwise_similarity,human,,,,,0.428571428571,,,,,,,,,
pairwise_similarity,human,,,,,0.928571428571,,,,,,,,,
pairwise_similarity,human,,,,,0.642857142857,,,,,,,,,
pairwise_similarity,human,,,,,0.357142857143,,,,,,,,,
pairwise_similarity,human,,,,,0.428571428571,,,,,,,,,
pairwise_similarity,human,,,,,0.571428571429,,,,,,,,,
pairwise_similarity,human,,,,,0.857142857143,,,,,,,,,
pairwise_similarity,human,,,,,0.571428571429,,,,,,,,,
pairwise_similarity,human,,,,,0.214285714286,,,,,,,,,
pairwise_similarity,human,,,,,0.928571428571,,,,,,,,,
pairwise_similarity,human,,,,,0.642857142857,,,,,,,,,
pairwise_similarity,human,,,,,0.928571428571,,,,,,,,,
pairwise_similarity,human,,,,,0.642857142857,,,,,,,,,
pairwise_similarity,human,,,,,0.5,,,,,,,,,
pairwise_similarity,human,,,,,0.571428571429,,,,,,,,,
pairwise_similarity,human,,,,,0.142857142857,,,,,,,,,
pairwise_similarity,human,,,,,0.785714285714,,,,,,,,,
pairwise_similarity,human,,,,,0.642857142857,,,,,,,,,
pairwise_similarity,human,,,,,0.785714285714,,,,,,,,,
pairwise_similarity,human,,,,,0.642857142857,,,,,,,,,
pairwise_similarity,human,,,,,0.5,,,,,,,,,
pairwise_similarity,human,,,,,0.642857142857,,,,,,,,,
pairwise_similarity,human,,,,,0.785714285714,,,,,,,,,
pairwise_similarity,human,,,,,0.5,,,,,,,,,
pairwise_similarity,human,,,,,0.642857142857,,,,,,,,,
pairwise_similarity,human,,,,,0.571428571429,,,,,,,,,
pairwise_similarity,human,,,,,0.642857142857,,,,,,,,,
pairwise_similarity,human,,,,,0.714285714286,,,,,,,,,
pairwise_similarity,human,,,,,0.571428571429,,,,,,,,,
pairwise_similarity,human,,,,,0.571428571429,,,,,,,,,
pairwise_similarity,human,,,,,0.714285714286,,,,,,,,,
pairwise_similarity,human,,,,,0.714285714286,,,,,,,,,
pairwise_similarity,human,,,,,0.857142857143,,,,,,,,,
pairwise_similarity,human,,,,,0.428571428571,,,,,,,,,
pairwise_similarity,human,,,,,0.5,,,,,,,,,
pairwise_similarity,human,,,,,0.642857142857,,,,,,,,,
pairwise_similarity,human,,,,,0.571428571429,,,,,,,,,
pairwise_similarity,human,,,,,0.357142857143,,,,,,,,,
pairwise_similarity,human,,,,,0.785714285714,,,,,,,,,
pairwise_similarity,human,,,,,0.642857142857,,,,,,,,,
pairwise_similarity,human,,,,,0.714285714286,,,,,,,,,
pairwise_similarity,human,,,,,0.571428571429,,,,,,,,,
pairwise_similarity,human,,,,,0.714285714286,,,,,,,,,
pairwise_similarity,human,,,,,0.785714285714,,,,,,,,,
pairwise_similarity,human,,,,,0.142857142857,,,,,,,,,
pairwise_similarity,human,,,,,0.785714285714,,,,,,,,,
pairwise_similarity,human,,,,,0.642857142857,,,,,,,,,
pairwise_similarity,human,,,,,0.642857142857,,,,,,,,,
pairwise_similarity,human,,,,,0.714285714286,,,,,,,,,
pairwise_similarity,human,,,,,0.285714285714,,,,,,,,,
pairwise_similarity,human,,,,,0.857142857143,,,,,,,,,
pairwise_similarity,human,,,,,0.571428571429,,,,,,,,,
pairwise_similarity,human,,,,,0.5,,,,,,,,,
pairwise_similarity,human,,,,,0.785714285714,,,,,,,,,
pairwise_similarity,human,,,,,0.642857142857,,,,,,,,,
pairwise_similarity,human,,,,,0.785714285714,,,,,,,,,
pairwise_similarity,human,,,,,0.642857142857,,,,,,,,,
pairwise_similarity,human,,,,,0.357142857143,,,,,,,,,
pairwise_similarity,human,,,,,0.428571428571,,,,,,,,,
pairwise_similarity,human,,,,,0.5,,,,,,,,,
pairwise_similarity,human,,,,,0.928571428571,,,,,,,,,
pairwise_similarity,human,,,,,0.642857142857,,,,,,,,,
pairwise_similarity,human,,,,,0.928571428571,,,,,,,,,
pairwise_similarity,human,,,,,0.785714285714,,,,,,,,,
pairwise_similarity,human,,,,,0.642857142857,,,,,,,,,
pairwise_similarity,human,,,,,0.5,,,,,,,,,
pairwise_similarity,human,,,,,0.642857142857,,,,,,,,,
pairwise_similarity,human,,,,,0.5,,,,,,,,,
pairwise_similarity,human,,,,,0.714285714286,,,,,,,,,
pairwise_similarity,human,,,,,0.785714285714,,,,,,,,,
pairwise_similarity,human,,,,,0.428571428571,,,,,,,,,
pairwise_similarity,human,,,,,0.857142857143,,,,,,,,,
pairwise_similarity,human,,,,,0.857142857143,,,,,,,,,
pairwise_similarity,human,,,,,0.714285714286,,,,,,,,,
pairwise_similarity,human,,,,,0.714285714286,,,,,,,,,
pairwise_similarity,human,,,,,0.714285714286,,,,,,,,,
pairwise_similarity,human,,,,,0.857142857143,,,,,,,,,
pairwise_similarity,human,,,,,0.5,,,,,,,,,
pairwise_similarity,human,,,,,0.928571428571,,,,,,,,,
pairwise_similarity,human,,,,,0.857142857143,,,,,,,,,
pairwise_similarity,human,,,,,0.785714285714,,,,,,,,,
pairwise_similarity,human,,,,,0.5,,,,,,,,,
pairwise_similarity,human,,,,,0.928571428571,,,,,,,,,
pairwise_similarity,human,,,,,0.428571428571,,,,,,,,,
pairwise_similarity,human,,,,,0.857142857143,,,,,,,,,
pairwise_similarity,human,,,,,0.857142857143,,,,,,,,,
pairwise_similarity,human,,,,,0.5,,,,,,,,,
pairwise_similarity,human,,,,,0.571428571429,,,,,,,,,
pairwise_similarity,human,,,,,0.785714285714,,,,,,,,,
pairwise_similarity,human,,,,,0.785714285714,,,,,,,,,
pairwise_similarity,human,,,,,0.214285714286,,,,,,,,,
pairwise_similarity,human,,,,,0.285714285714,,,,,,,,,
pairwise_similarity,human,,,,,0.571428571429,,,,,,,,,
pairwise_similarity,human,,,,,0.714285714286,,,,,,,,,
pairwise_similarity,human,,,,,0.571428571429,,,,,,,,,
pairwise_similarity,human,,,,,0.0714285714286,,,,,,,,,
pairwise_similarity,human,,,,,0.785714285714,,,,,,,,,
pairwise_similarity,human,,,,,0.5,,,,,,,,,
pairwise_similarity,human,,,,,0.785714285714,,,,,,,,,
pairwise_similarity,human,,,,,0.642857142857,,,,,,,,,
pairwise_similarity,human,,,,,0.642857142857,,,,,,,,,
pairwise_similarity,human,,,,,0.214285714286,,,,,,,,,
pairwise_similarity,human,,,,,0.5,,,,,,,,,
pairwise_similarity,human,,,,,0.357142857143,,,,,,,,,
pairwise_similarity,human,,,,,0.357142857143,,,,,,,,,
pairwise_similarity,human,,,,,0.642857142857,,,,,,,,,
pairwise_similarity,human,,,,,0.5,,,,,,,,,
pairwise_similarity,human,,,,,0.0714285714286,,,,,,,,,
pairwise_similarity,human,,,,,0.5,,,,,,,,,
pairwise_similarity,human,,,,,0.0714285714286,,,,,,,,,
pairwise_similarity,human,,,,,0.571428571429,,,,,,,,,
pairwise_similarity,human,,,,,0.5,,,,,,,,,
pairwise_similarity,human,,,,,0,,,,,,,,,
pairwise_similarity,human,,,,,0.428571428571,,,,,,,,,
pairwise_similarity,human,,,,,0.285714285714,,,,,,,,,
pairwise_similarity,human,,,,,0.428571428571,,,,,,,,,
pairwise_similarity,human,,,,,0.428571428571,,,,,,,,,
pairwise_similarity,human,,,,,0.285714285714,,,,,,,,,
pairwise_similarity,human,,,,,0.285714285714,,,,,,,,,
pairwise_similarity,human,,,,,0.214285714286,,,,,,,,,
pairwise_similarity,human,,,,,0.5,,,,,,,,,
pairwise_similarity,human,,,,,0.428571428571,,,,,,,,,
pairwise_similarity,human,,,,,0.357142857143,,,,,,,,,
pairwise_similarity,human,,,,,0.0714285714286,,,,,,,,,
pairwise_similarity,human,,,,,0.357142857143,,,,,,,,,
pairwise_similarity,human,,,,,0.142857142857,,,,,,,,,
pairwise_similarity,human,,,,,0.428571428571,,,,,,,,,
pairwise_similarity,human,,,,,0.285714285714,,,,,,,,,
pairwise_similarity,human,,,,,0.0714285714286,,,,,,,,,
pairwise_similarity,human,,,,,0.571428571429,,,,,,,,,
pairwise_similarity,human,,,,,0.357142857143,,,,,,,,,
pairwise_similarity,human,,,,,0.5,,,,,,,,,
pairwise_similarity,human,,,,,-0.214285714286,,,,,,,,,
pairwise_similarity,human,,,,,-0.142857142857,,,,,,,,,
pairwise_similarity,human,,,,,0.428571428571,,,,,,,,,
pairwise_similarity,human,,,,,0.285714285714,,,,,,,,,
pairwise_similarity,human,,,,,0.142857142857,,,,,,,,,
pairwise_similarity,human,,,,,0.0714285714286,,,,,,,,,
pairwise_similarity,human,,,,,0.357142857143,,,,,,,,,
pairwise_similarity,human,,,,,0.357142857143,,,,,,,,,
pairwise_similarity,human,,,,,0.357142857143,,,,,,,,,
pairwise_similarity,human,,,,,0.357142857143,,,,,,,,,
pairwise_similarity,human,,,,,0.785714285714,,,,,,,,,
pairwise_similarity,human,,,,,0.571428571429,,,,,,,,,
pairwise_similarity,human,,,,,0.571428571429,,,,,,,,,
pairwise_similarity,human,,,,,0.571428571429,,,,,,,,,
pairwise_similarity,human,,,,,0.428571428571,,,,,,,,,
pairwise_similarity,human,,,,,0.714285714286,,,,,,,,,
pairwise_similarity,human,,,,,0.571428571429,,,,,,,,,
pairwise_similarity,human,,,,,0.571428571429,,,,,,,,,
pairwise_similarity,human,,,,,0.428571428571,,,,,,,,,
pairwise_similarity,human,,,,,0.5,,,,,,,,,
pairwise_similarity,human,,,,,0.571428571429,,,,,,,,,
pairwise_similarity,human,,,,,0.5,,,,,,,,,
pairwise_similarity,human,,,,,0.5,,,,,,,,,
pairwise_similarity,human,,,,,0.5,,,,,,,,,
pairwise_similarity,human,,,,,0.642857142857,,,,,,,,,
pairwise_similarity,human,,,,,0.642857142857,,,,,,,,,
pairwise_similarity,human,,,,,0.642857142857,,,,,,,,,
pairwise_similarity,human,,,,,0.5,,,,,,,,,
pairwise_similarity,human,,,,,0.285714285714,,,,,,,,,
pairwise_similarity,human,,,,,0.571428571429,,,,,,,,,
pairwise_similarity,human,,,,,0.5,,,,,,,,,
pairwise_similarity,human,,,,,0.285714285714,,,,,,,,,
pairwise_similarity,human,,,,,0.571428571429,,,,,,,,,
pairwise_similarity,human,,,,,0.571428571429,,,,,,,,,
pairwise_similarity,human,,,,,0.5,,,,,,,,,
pairwise_similarity,human,,,,,0.5,,,,,,,,,
pairwise_similarity,human,,,,,0.642857142857,,,,,,,,,
pairwise_similarity,human,,,,,0.571428571429,,,,,,,,,
pairwise_similarity,human,,,,,0.0714285714286,,,,,,,,,
pairwise_similarity,human,,,,,0.714285714286,,,,,,,,,
pairwise_similarity,human,,,,,0.428571428571,,,,,,,,,
pairwise_similarity,human,,,,,0.571428571429,,,,,,,,,
pairwise_similarity,human,,,,,0.5,,,,,,,,,
pairwise_similarity,human,,,,,0.214285714286,,,,,,,,,
pairwise_similarity,human,,,,,0.785714285714,,,,,,,,,
pairwise_similarity,human,,,,,0.5,,,,,,,,,
pairwise_similarity,human,,,,,0.571428571429,,,,,,,,,
pairwise_similarity,human,,,,,0.714285714286,,,,,,,,,
pairwise_similarity,human,,,,,0.714285714286,,,,,,,,,
pairwise_similarity,human,,,,,0.714285714286,,,,,,,,,
pairwise_similarity,human,,,,,0.571428571429,,,,,,,,,
pairwise_similarity,human,,,,,0.285714285714,,,,,,,,,
pairwise_similarity,human,,,,,0.714285714286,,,,,,,,,
pairwise_similarity,human,,,,,0.857142857143,,,,,,,,,
pairwise_similarity,human,,,,,0.857142857143,,,,,,,,,
pairwise_similarity,human,,,,,0.714285714286,,,,,,,,,
pairwise_similarity,human,,,,,0.571428571429,,,,,,,,,
pairwise_similarity,human,,,,,0.714285714286,,,,,,,,,
pairwise_similarity,human,,,,,0.571428571429,,,,,,,,,
pairwise_similarity,human,,,,,0.785714285714,,,,,,,,,
pairwise_similarity,human,,,,,0.857142857143,,,,,,,,,
pairwise_similarity,human,,,,,0.5,,,,,,,,,
pairwise_similarity,human,,,,,0.928571428571,,,,,,,,,
pairwise_similarity,human,,,,,0.785714285714,,,,,,,,,
pairwise_similarity,human,,,,,0.785714285714,,,,,,,,,
pairwise_similarity,human,,,,,0.785714285714,,,,,,,,,
pairwise_similarity,human,,,,,0.785714285714,,,,,,,,,
pairwise_similarity,human,,,,,0.785714285714,,,,,,,,,
pairwise_similarity,human,,,,,0.571428571429,,,,,,,,,
pairwise_similarity,human,,,,,1,,,,,,,,,
pairwise_similarity,human,,,,,0.785714285714,,,,,,,,,
pairwise_similarity,human,,,,,0.714285714286,,,,,,,,,
pairwise_similarity,human,,,,,0.571428571429,,,,,,,,,
pairwise_similarity,human,,,,,0.857142857143,,,,,,,,,
pairwise_similarity,human,,,,,0.5,,,,,,,,,
pairwise_similarity,human,,,,,0.928571428571,,,,,,,,,
pairwise_similarity,human,,,,,0.785714285714,,,,,,,,,
pairwise_similarity,human,,,,,0.571428571429,,,,,,,,,
pairwise_similarity,human,,,,,0.5,,,,,,,,,
pairwise_similarity,human,,,,,0.857142857143,,,,,,,,,
pairwise_similarity,human,,,,,0.857142857143,,,,,,,,,
pairwise_similarity,human,,,,,0.285714285714,,,,,,,,,
pairwise_similarity,human,,,,,0.357142857143,,,,,,,,,
pairwise_similarity,human,,,,,0.5,,,,,,,,,
pairwise_similarity,human,,,,,0.785714285714,,,,,,,,,
pairwise_similarity,human,,,,,0.5,,,,,,,,,
pairwise_similarity,human,,,,,0.142857142857,,,,,,,,,
pairwise_similarity,human,,,,,0.857142857143,,,,,,,,,
pairwise_similarity,human,,,,,0.571428571429,,,,,,,,,
pairwise_similarity,human,,,,,0.857142857143,,,,,,,,,
pairwise_similarity,human,,,,,0.714285714286,,,,,,,,,
pairwise_similarity,human,,,,,0.714285714286,,,,,,,,,
pairwise_similarity,human,,,,,0.714285714286,,,,,,,,,
pairwise_similarity,human,,,,,0.714285714286,,,,,,,,,
pairwise_similarity,human,,,,,0.857142857143,,,,,,,,,
pairwise_similarity,human,,,,,0.571428571429,,,,,,,,,
pairwise_similarity,human,,,,,0.714285714286,,,,,,,,,
pairwise_similarity,human,,,,,0.571428571429,,,,,,,,,
pairwise_similarity,human,,,,,0.642857142857,,,,,,,,,
pairwise_similarity,human,,,,,0.857142857143,,,,,,,,,
pairwise_similarity,human,,,,,0.5,,,,,,,,,
pairwise_similarity,human,,,,,0.642857142857,,,,,,,,,
pairwise_similarity,human,,,,,0.642857142857,,,,,,,,,
pairwise_similarity,human,,,,,0.928571428571,,,,,,,,,
pairwise_similarity,human,,,,,0.928571428571,,,,,,,,,
pairwise_similarity,human,,,,,0.785714285714,,,,,,,,,
pairwise_similarity,human,,,,,0.5,,,,,,,,,
pairwise_similarity,human,,,,,0.714285714286,,,,,,,,,
pairwise_similarity,human,,,,,0.714285714286,,,,,,,,,
pairwise_similarity,human,,,,,0.642857142857,,,,,,,,,
pairwise_similarity,human,,,,,0.428571428571,,,,,,,,,
pairwise_similarity,human,,,,,0.571428571429,,,,,,,,,
pairwise_similarity,human,,,,,0.714285714286,,,,,,,,,
pairwise_similarity,human,,,,,0.785714285714,,,,,,,,,
pairwise_similarity,human,,,,,0.642857142857,,,,,,,,,
pairwise_similarity,human,,,,,0.642857142857,,,,,,,,,
pairwise_similarity,human,,,,,0.571428571429,,,,,,,,,
pairwise_similarity,human,,,,,0.357142857143,,,,,,,,,
pairwise_similarity,human,,,,,0.714285714286,,,,,,,,,
pairwise_similarity,human,,,,,0.714285714286,,,,,,,,,
pairwise_similarity,human,,,,,0.428571428571,,,,,,,,,
pairwise_similarity,human,,,,,0.5,,,,,,,,,
pairwise_similarity,human,,,,,0.357142857143,,,,,,,,,
pairwise_similarity,human,,,,,0.785714285714,,,,,,,,,
pairwise_similarity,human,,,,,0.357142857143,,,,,,,,,
pairwise_similarity,human,,,,,0.428571428571,,,,,,,,,
pairwise_similarity,human,,,,,0.714285714286,,,,,,,,,
pairwise_similarity,human,,,,,0.714285714286,,,,,,,,,
pairwise_similarity,human,,,,,0.714285714286,,,,,,,,,
pairwise_similarity,human,,,,,0.857142857143,,,,,,,,,
pairwise_similarity,human,,,,,0.571428571429,,,,,,,,,
pairwise_similarity,human,,,,,0.714285714286,,,,,,,,,
pairwise_similarity,human,,,,,0.714285714286,,,,,,,,,
pairwise_similarity,human,,,,,0.571428571429,,,,,,,,,
pairwise_similarity,human,,,,,0.571428571429,,,,,,,,,
pairwise_similarity,human,,,,,0.571428571429,,,,,,,,,
pairwise_similarity,human,,,,,0.785714285714,,,,,,,,,
pairwise_similarity,human,,,,,0.857142857143,,,,,,,,,
pairwise_similarity,human,,,,,0.5,,,,,,,,,
pairwise_similarity,human,,,,,0.785714285714,,,,,,,,,
pairwise_similarity,human,,,,,0.928571428571,,,,,,,,,
pairwise_similarity,human,,,,,0.785714285714,,,,,,,,,
pairwise_similarity,human,,,,,0.785714285714,,,,,,,,,
pairwise_similarity,human,,,,,0.785714285714,,,,,,,,,
pairwise_similarity,human,,,,,0.785714285714,,,,,,,,,
pairwise_similarity,human,,,,,0.571428571429,,,,,,,,,
pairwise_similarity,human,,,,,0.857142857143,,,,,,,,,
pairwise_similarity,human,,,,,0.928571428571,,,,,,,,,
pairwise_similarity,human,,,,,0.714285714286,,,,,,,,,
pairwise_similarity,human,,,,,0.571428571429,,,,,,,,,
pairwise_similarity,human,,,,,1,,,,,,,,,
pairwise_similarity,human,,,,,0.5,,,,,,,,,
pairwise_similarity,human,,,,,0.785714285714,,,,,,,,,
pairwise_similarity,human,,,,,0.928571428571,,,,,,,,,
pairwise_similarity,human,,,,,0.571428571429,,,,,,,,,
pairwise_similarity,human,,,,,0.5,,,,,,,,,
pairwise_similarity,human,,,,,0.857142857143,,,,,,,,,
pairwise_similarity,human,,,,,0.714285714286,,,,,,,,,
pairwise_similarity,human,,,,,0.285714285714,,,,,,,,,
pairwise_similarity,human,,,,,0.357142857143,,,,,,,,,
pairwise_similarity,human,,,,,0.642857142857,,,,,,,,,
pairwise_similarity,human,,,,,0.785714285714,,,,,,,,,
pairwise_similarity,human,,,,,0.5,,,,,,,,,
pairwise_similarity,human,,,,,0.142857142857,,,,,,,,,
pairwise_similarity,human,,,,,0.857142857143,,,,,,,,,
pairwise_similarity,human,,,,,0.571428571429,,,,,,,,,
pairwise_similarity,human,,,,,0.857142857143,,,,,,,,,
pairwise_similarity,human,,,,,0.714285714286,,,,,,,,,
pairwise_similarity,human,,,,,0.571428571429,,,,,,,,,
pairwise_similarity,human,,,,,0.714285714286,,,,,,,,,
pairwise_similarity,human,,,,,0.428571428571,,,,,,,,,
pairwise_similarity,human,,,,,0.714285714286,,,,,,,,,
pairwise_similarity,human,,,,,0.428571428571,,,,,,,,,
pairwise_similarity,human,,,,,0.642857142857,,,,,,,,,
pairwise_similarity,human,,,,,0.857142857143,,,,,,,,,
pairwise_similarity,human,,,,,0.357142857143,,,,,,,,,
pairwise_similarity,human,,,,,0.785714285714,,,,,,,,,
pairwise_similarity,human,,,,,0.642857142857,,,,,,,,,
pairwise_similarity,human,,,,,0.785714285714,,,,,,,,,
pairwise_similarity,human,,,,,0.785714285714,,,,,,,,,
pairwise_similarity,human,,,,,0.642857142857,,,,,,,,,
pairwise_similarity,human,,,,,0.642857142857,,,,,,,,,
pairwise_similarity,human,,,,,0.571428571429,,,,,,,,,
pairwise_similarity,human,,,,,0.857142857143,,,,,,,,,
pairwise_similarity,human,,,,,0.642857142857,,,,,,,,,
pairwise_similarity,human,,,,,0.714285714286,,,,,,,,,
pairwise_similarity,human,,,,,0.428571428571,,,,,,,,,
pairwise_similarity,human,,,,,0.714285714286,,,,,,,,,
pairwise_similarity,human,,,,,0.5,,,,,,,,,
pairwise_similarity,human,,,,,0.785714285714,,,,,,,,,
pairwise_similarity,human,,,,,0.642857142857,,,,,,,,,
pairwise_similarity,human,,,,,0.428571428571,,,,,,,,,
pairwise_similarity,human,,,,,0.5,,,,,,,,,
pairwise_similarity,human,,,,,0.714285714286,,,,,,,,,
pairwise_similarity,human,,,,,0.857142857143,,,,,,,,,
pairwise_similarity,human,,,,,0.142857142857,,,,,,,,,
pairwise_similarity,human,,,,,0.214285714286,,,,,,,,,
pairwise_similarity,human,,,,,0.357142857143,,,,,,,,,
pairwise_similarity,human,,,,,0.642857142857,,,,,,,,,
pairwise_similarity,human,,,,,0.5,,,,,,,,,
pairwise_similarity,human,,,,,0.142857142857,,,,,,,,,
pairwise_similarity,human,,,,,0.714285714286,,,,,,,,,
pairwise_similarity,human,,,,,0.571428571429,,,,,,,,,
pairwise_similarity,human,,,,,0.714285714286,,,,,,,,,
pairwise_similarity,human,,,,,0.714285714286,,,,,,,,,
pairwise_similarity,human,,,,,0.714285714286,,,,,,,,,
pairwise_similarity,human,,,,,0.428571428571,,,,,,,,,
pairwise_similarity,human,,,,,0.857142857143,,,,,,,,,
pairwise_similarity,human,,,,,0.428571428571,,,,,,,,,
pairwise_similarity,human,,,,,0.642857142857,,,,,,,,,
pairwise_similarity,human,,,,,0.857142857143,,,,,,,,,
pairwise_similarity,human,,,,,0.357142857143,,,,,,,,,
pairwise_similarity,human,,,,,0.642857142857,,,,,,,,,
pairwise_similarity,human,,,,,0.642857142857,,,,,,,,,
pairwise_similarity,human,,,,,0.928571428571,,,,,,,,,
pairwise_similarity,human,,,,,0.928571428571,,,,,,,,,
pairwise_similarity,human,,,,,0.642857142857,,,,,,,,,
pairwise_similarity,human,,,,,0.5,,,,,,,,,
pairwise_similarity,human,,,,,0.571428571429,,,,,,,,,
pairwise_similarity,human,,,,,0.714285714286,,,,,,,,,
pairwise_similarity,human,,,,,0.642857142857,,,,,,,,,
pairwise_similarity,human,,,,,0.428571428571,,,,,,,,,
pairwise_similarity,human,,,,,0.428571428571,,,,,,,,,
pairwise_similarity,human,,,,,0.714285714286,,,,,,,,,
pairwise_similarity,human,,,,,0.642857142857,,,,,,,,,
pairwise_similarity,human,,,,,0.642857142857,,,,,,,,,
pairwise_similarity,human,,,,,0.642857142857,,,,,,,,,
pairwise_similarity,human,,,,,0.428571428571,,,,,,,,,
pairwise_similarity,human,,,,,0.357142857143,,,,,,,,,
pairwise_similarity,human,,,,,0.714285714286,,,,,,,,,
pairwise_similarity,human,,,,,0.571428571429,,,,,,,,,
pairwise_similarity,human,,,,,0.285714285714,,,,,,,,,
pairwise_similarity,human,,,,,0.357142857143,,,,,,,,,
pairwise_similarity,human,,,,,0.357142857143,,,,,,,,,
pairwise_similarity,human,,,,,0.785714285714,,,,,,,,,
pairwise_similarity,human,,,,,0.214285714286,,,,,,,,,
pairwise_similarity,human,,,,,0.428571428571,,,,,,,,,
pairwise_similarity,human,,,,,0.714285714286,,,,,,,,,
pairwise_similarity,human,,,,,0.857142857143,,,,,,,,,
pairwise_similarity,human,,,,,0.714285714286,,,,,,,,,
pairwise_similarity,human,,,,,0.857142857143,,,,,,,,,
pairwise_similarity,human,,,,,0.571428571429,,,,,,,,,
pairwise_similarity,human,,,,,0.285714285714,,,,,,,,,
pairwise_similarity,human,,,,,0.857142857143,,,,,,,,,
pairwise_similarity,human,,,,,0.5,,,,,,,,,
pairwise_similarity,human,,,,,0.571428571429,,,,,,,,,
pairwise_similarity,human,,,,,0.928571428571,,,,,,,,,
pairwise_similarity,human,,,,,0.5,,,,,,,,,
pairwise_similarity,human,,,,,0.5,,,,,,,,,
pairwise_similarity,human,,,,,0.5,,,,,,,,,
pairwise_similarity,human,,,,,0.5,,,,,,,,,
pairwise_similarity,human,,,,,0.785714285714,,,,,,,,,
pairwise_similarity,human,,,,,0.357142857143,,,,,,,,,
pairwise_similarity,human,,,,,0.571428571429,,,,,,,,,
pairwise_similarity,human,,,,,0.571428571429,,,,,,,,,
pairwise_similarity,human,,,,,0.5,,,,,,,,,
pairwise_similarity,human,,,,,0.285714285714,,,,,,,,,
pairwise_similarity,human,,,,,1,,,,,,,,,
pairwise_similarity,human,,,,,0.571428571429,,,,,,,,,
pairwise_similarity,human,,,,,0.642857142857,,,,,,,,,
pairwise_similarity,human,,,,,0.5,,,,,,,,,
pairwise_similarity,human,,,,,0.642857142857,,,,,,,,,
pairwise_similarity,human,,,,,0.857142857143,,,,,,,,,
pairwise_similarity,human,,,,,0.0714285714286,,,,,,,,,
pairwise_similarity,human,,,,,0.714285714286,,,,,,,,,
pairwise_similarity,human,,,,,0.571428571429,,,,,,,,,
pairwise_similarity,human,,,,,0.714285714286,,,,,,,,,
pairwise_similarity,human,,,,,0.785714285714,,,,,,,,,
pairwise_similarity,human,,,,,0.214285714286,,,,,,,,,
pairwise_similarity,human,,,,,0.642857142857,,,,,,,,,
pairwise_similarity,human,,,,,0.642857142857,,,,,,,,,
pairwise_similarity,human,,,,,0.428571428571,,,,,,,,,
pairwise_similarity,human,,,,,0.714285714286,,,,,,,,,
pairwise_similarity,human,,,,,0.428571428571,,,,,,,,,
pairwise_similarity,human,,,,,0.714285714286,,,,,,,,,
pairwise_similarity,human,,,,,0.428571428571,,,,,,,,,
pairwise_similarity,human,,,,,0.285714285714,,,,,,,,,
pairwise_similarity,human,,,,,0.285714285714,,,,,,,,,
pairwise_similarity,human,,,,,0.5,,,,,,,,,
pairwise_similarity,human,,,,,0.714285714286,,,,,,,,,
pairwise_similarity,human,,,,,0.214285714286,,,,,,,,,
pairwise_similarity,human,,,,,0.642857142857,,,,,,,,,
pairwise_similarity,human,,,,,0.642857142857,,,,,,,,,
pairwise_similarity,human,,,,,0.785714285714,,,,,,,,,
pairwise_similarity,human,,,,,0.785714285714,,,,,,,,,
pairwise_similarity,human,,,,,0.5,,,,,,,,,
pairwise_similarity,human,,,,,0.5,,,,,,,,,
pairwise_similarity,human,,,,,0.428571428571,,,,,,,,,
pairwise_similarity,human,,,,,0.714285714286,,,,,,,,,
pairwise_similarity,human,,,,,0.5,,,,,,,,,
pairwise_similarity,human,,,,,0.428571428571,,,,,,,,,
pairwise_similarity,human,,,,,0.285714285714,,,,,,,,,
pairwise_similarity,human,,,,,0.571428571429,,,,,,,,,
pairwise_similarity,human,,,,,0.5,,,,,,,,,
pairwise_similarity,human,,,,,0.642857142857,,,,,,,,,
pairwise_similarity,human,,,,,0.5,,,,,,,,,
pairwise_similarity,human,,,,,0.285714285714,,,,,,,,,
pairwise_similarity,human,,,,,0.5,,,,,,,,,
pairwise_similarity,human,,,,,0.571428571429,,,,,,,,,
pairwise_similarity,human,,,,,0.571428571429,,,,,,,,,
pairwise_similarity,human,,,,,0.142857142857,,,,,,,,,
pairwise_similarity,human,,,,,0.214285714286,,,,,,,,,
pairwise_similarity,human,,,,,0.357142857143,,,,,,,,,
pairwise_similarity,human,,,,,0.642857142857,,,,,,,,,
pairwise_similarity,human,,,,,0.214285714286,,,,,,,,,
pairwise_similarity,human,,,,,0.285714285714,,,,,,,,,
pairwise_similarity,human,,,,,0.571428571429,,,,,,,,,
pairwise_similarity,human,,,,,0.714285714286,,,,,,,,,
pairwise_similarity,human,,,,,0.571428571429,,,,,,,,,
pairwise_similarity,human,,,,,0.857142857143,,,,,,,,,
pairwise_similarity,human,,,,,0.571428571429,,,,,,,,,
pairwise_similarity,human,,,,,0.5,,,,,,,,,
pairwise_similarity,human,,,,,0.571428571429,,,,,,,,,
pairwise_similarity,human,,,,,0.928571428571,,,,,,,,,
pairwise_similarity,human,,,,,0.642857142857,,,,,,,,,
pairwise_similarity,human,,,,,0.5,,,,,,,,,
pairwise_similarity,human,,,,,0.5,,,,,,,,,
pairwise_similarity,human,,,,,0.5,,,,,,,,,
pairwise_similarity,human,,,,,0.785714285714,,,,,,,,,
pairwise_similarity,human,,,,,0.357142857143,,,,,,,,,
pairwise_similarity,human,,,,,0.714285714286,,,,,,,,,
pairwise_similarity,human,,,,,0.571428571429,,,,,,,,,
pairwise_similarity,human,,,,,0.5,,,,,,,,,
pairwise_similarity,human,,,,,0.428571428571,,,,,,,,,
pairwise_similarity,human,,,,,0.857142857143,,,,,,,,,
pairwise_similarity,human,,,,,0.571428571429,,,,,,,,,
pairwise_similarity,human,,,,,0.642857142857,,,,,,,,,
pairwise_similarity,human,,,,,0.642857142857,,,,,,,,,
pairwise_similarity,human,,,,,0.642857142857,,,,,,,,,
pairwise_similarity,human,,,,,0.714285714286,,,,,,,,,
pairwise_similarity,human,,,,,0.0714285714286,,,,,,,,,
pairwise_similarity,human,,,,,0.714285714286,,,,,,,,,
pairwise_similarity,human,,,,,0.571428571429,,,,,,,,,
pairwise_similarity,human,,,,,0.571428571429,,,,,,,,,
pairwise_similarity,human,,,,,0.642857142857,,,,,,,,,
pairwise_similarity,human,,,,,0.214285714286,,,,,,,,,
pairwise_similarity,human,,,,,0.642857142857,,,,,,,,,
pairwise_similarity,human,,,,,0.5,,,,,,,,,
pairwise_similarity,human,,,,,0.285714285714,,,,,,,,,
pairwise_similarity,human,,,,,0.714285714286,,,,,,,,,
pairwise_similarity,human,,,,,0.428571428571,,,,,,,,,
pairwise_similarity,human,,,,,0.714285714286,,,,,,,,,
pairwise_similarity,human,,,,,0.428571428571,,,,,,,,,
pairwise_similarity,human,,,,,0.285714285714,,,,,,,,,
pairwise_similarity,human,,,,,0.785714285714,,,,,,,,,
pairwise_similarity,human,,,,,0.428571428571,,,,,,,,,
pairwise_similarity,human,,,,,0.714285714286,,,,,,,,,
pairwise_similarity,human,,,,,0.714285714286,,,,,,,,,
pairwise_similarity,human,,,,,0.714285714286,,,,,,,,,
pairwise_similarity,human,,,,,0.714285714286,,,,,,,,,
pairwise_similarity,human,,,,,0.714285714286,,,,,,,,,
pairwise_similarity,human,,,,,0.571428571429,,,,,,,,,
pairwise_similarity,human,,,,,0.5,,,,,,,,,
pairwise_similarity,human,,,,,0.785714285714,,,,,,,,,
pairwise_similarity,human,,,,,0.857142857143,,,,,,,,,
pairwise_similarity,human,,,,,0.5,,,,,,,,,
pairwise_similarity,human,,,,,0.5,,,,,,,,,
pairwise_similarity,human,,,,,0.785714285714,,,,,,,,,
pairwise_similarity,human,,,,,0.428571428571,,,,,,,,,
pairwise_similarity,human,,,,,0.714285714286,,,,,,,,,
pairwise_similarity,human,,,,,0.714285714286,,,,,,,,,
pairwise_similarity,human,,,,,0.5,,,,,,,,,
pairwise_similarity,human,,,,,0.571428571429,,,,,,,,,
pairwise_similarity,human,,,,,0.785714285714,,,,,,,,,
pairwise_similarity,human,,,,,0.642857142857,,,,,,,,,
pairwise_similarity,human,,,,,0.214285714286,,,,,,,,,
pairwise_similarity,human,,,,,0.285714285714,,,,,,,,,
pairwise_similarity,human,,,,,0.714285714286,,,,,,,,,
pairwise_similarity,human,,,,,0.714285714286,,,,,,,,,
pairwise_similarity,human,,,,,0.285714285714,,,,,,,,,
pairwise_similarity,human,,,,,0.0714285714286,,,,,,,,,
pairwise_similarity,human,,,,,0.785714285714,,,,,,,,,
pairwise_similarity,human,,,,,0.5,,,,,,,,,
pairwise_similarity,human,,,,,0.785714285714,,,,,,,,,
pairwise_similarity,human,,,,,0.642857142857,,,,,,,,,
pairwise_similarity,human,,,,,0.785714285714,,,,,,,,,
pairwise_similarity,human,,,,,0.5,,,,,,,,,
pairwise_similarity,human,,,,,0.785714285714,,,,,,,,,
pairwise_similarity,human,,,,,0.785714285714,,,,,,,,,
pairwise_similarity,human,,,,,0.928571428571,,,,,,,,,
pairwise_similarity,human,,,,,0.928571428571,,,,,,,,,
pairwise_similarity,human,,,,,0.785714285714,,,,,,,,,
pairwise_similarity,human,,,,,0.642857142857,,,,,,,,,
pairwise_similarity,human,,,,,0.714285714286,,,,,,,,,
pairwise_similarity,human,,,,,0.857142857143,,,,,,,,,
pairwise_similarity,human,,,,,0.785714285714,,,,,,,,,
pairwise_similarity,human,,,,,0.571428571429,,,,,,,,,
pairwise_similarity,human,,,,,0.571428571429,,,,,,,,,
pairwise_similarity,human,,,,,0.857142857143,,,,,,,,,
pairwise_similarity,human,,,,,0.642857142857,,,,,,,,,
pairwise_similarity,human,,,,,0.785714285714,,,,,,,,,
pairwise_similarity,human,,,,,0.785714285714,,,,,,,,,
pairwise_similarity,human,,,,,0.571428571429,,,,,,,,,
pairwise_similarity,human,,,,,0.5,,,,,,,,,
pairwise_similarity,human,,,,,0.857142857143,,,,,,,,,
pairwise_similarity,human,,,,,0.714285714286,,,,,,,,,
pairwise_similarity,human,,,,,0.285714285714,,,,,,,,,
pairwise_similarity,human,,,,,0.357142857143,,,,,,,,,
pairwise_similarity,human,,,,,0.5,,,,,,,,,
pairwise_similarity,human,,,,,0.785714285714,,,,,,,,,
pairwise_similarity,human,,,,,0.357142857143,,,,,,,,,
pairwise_similarity,human,,,,,0.285714285714,,,,,,,,,
pairwise_similarity,human,,,,,0.857142857143,,,,,,,,,
pairwise_similarity,human,,,,,0.714285714286,,,,,,,,,
pairwise_similarity,human,,,,,0.857142857143,,,,,,,,,
pairwise_similarity,human,,,,,0.857142857143,,,,,,,,,
pairwise_similarity,human,,,,,0.714285714286,,,,,,,,,
pairwise_similarity,human,,,,,0.571428571429,,,,,,,,,
pairwise_similarity,human,,,,,0.428571428571,,,,,,,,,
pairwise_similarity,human,,,,,0.428571428571,,,,,,,,,
pairwise_similarity,human,,,,,0.428571428571,,,,,,,,,
pairwise_similarity,human,,,,,0.714285714286,,,,,,,,,
pairwise_similarity,human,,,,,0.285714285714,,,,,,,,,
pairwise_similarity,human,,,,,0.642857142857,,,,,,,,,
pairwise_similarity,human,,,,,0.5,,,,,,,,,
pairwise_similarity,human,,,,,0.428571428571,,,,,,,,,
pairwise_similarity,human,,,,,0.357142857143,,,,,,,,,
pairwise_similarity,human,,,,,0.928571428571,,,,,,,,,
pairwise_similarity,human,,,,,0.5,,,,,,,,,
pairwise_similarity,human,,,,,0.571428571429,,,,,,,,,
pairwise_similarity,human,,,,,0.571428571429,,,,,,,,,
pairwise_similarity,human,,,,,0.571428571429,,,,,,,,,
pairwise_similarity,human,,,,,0.785714285714,,,,,,,,,
pairwise_similarity,human,,,,,0,,,,,,,,,
pairwise_similarity,human,,,,,0.642857142857,,,,,,,,,
pairwise_similarity,human,,,,,0.5,,,,,,,,,
pairwise_similarity,human,,,,,0.642857142857,,,,,,,,,
pairwise_similarity,human,,,,,0.714285714286,,,,,,,,,
pairwise_similarity,human,,,,,0.142857142857,,,,,,,,,
pairwise_similarity,human,,,,,0.571428571429,,,,,,,,,
pairwise_similarity,human,,,,,0.571428571429,,,,,,,,,
pairwise_similarity,human,,,,,0.357142857143,,,,,,,,,
pairwise_similarity,human,,,,,0.642857142857,,,,,,,,,
pairwise_similarity,human,,,,,0.357142857143,,,,,,,,,
pairwise_similarity,human,,,,,0.642857142857,,,,,,,,,
pairwise_similarity,human,,,,,0.357142857143,,,,,,,,,
pairwise_similarity,human,,,,,0.214285714286,,,,,,,,,
pairwise_similarity,human,,,,,0.714285714286,,,,,,,,,
pairwise_similarity,human,,,,,0.714285714286,,,,,,,,,
pairwise_similarity,human,,,,,0.714285714286,,,,,,,,,
pairwise_similarity,human,,,,,0.714285714286,,,,,,,,,
pairwise_similarity,human,,,,,0.714285714286,,,,,,,,,
pairwise_similarity,human,,,,,0.642857142857,,,,,,,,,
pairwise_similarity,human,,,,,0.928571428571,,,,,,,,,
pairwise_similarity,human,,,,,0.714285714286,,,,,,,,,
pairwise_similarity,human,,,,,0.785714285714,,,,,,,,,
pairwise_similarity,human,,,,,0.5,,,,,,,,,
pairwise_similarity,human,,,,,0.785714285714,,,,,,,,,
pairwise_similarity,human,,,,,0.428571428571,,,,,,,,,
pairwise_similarity,human,,,,,1,,,,,,,,,
pairwise_similarity,human,,,,,0.714285714286,,,,,,,,,
pairwise_similarity,human,,,,,0.5,,,,,,,,,
pairwise_similarity,human,,,,,0.428571428571,,,,,,,,,
pairwise_similarity,human,,,,,0.785714285714,,,,,,,,,
pairwise_similarity,human,,,,,0.785714285714,,,,,,,,,
pairwise_similarity,human,,,,,0.214285714286,,,,,,,,,
pairwise_similarity,human,,,,,0.285714285714,,,,,,,,,
pairwise_similarity,human,,,,,0.428571428571,,,,,,,,,
pairwise_similarity,human,,,,,0.714285714286,,,,,,,,,
pairwise_similarity,human,,,,,0.428571428571,,,,,,,,,
pairwise_similarity,human,,,,,0.0714285714286,,,,,,,,,
pairwise_similarity,human,,,,,0.785714285714,,,,,,,,,
pairwise_similarity,human,,,,,0.5,,,,,,,,,
pairwise_similarity,human,,,,,0.785714285714,,,,,,,,,
pairwise_similarity,human,,,,,0.642857142857,,,,,,,,,
pairwise_similarity,human,,,,,0.642857142857,,,,,,,,,
pairwise_similarity,human,,,,,0.714285714286,,,,,,,,,
pairwise_similarity,human,,,,,0.714285714286,,,,,,,,,
pairwise_similarity,human,,,,,0.714285714286,,,,,,,,,
pairwise_similarity,human,,,,,0.714285714286,,,,,,,,,
pairwise_similarity,human,,,,,0.5,,,,,,,,,
pairwise_similarity,human,,,,,0.785714285714,,,,,,,,,
pairwise_similarity,human,,,,,0.857142857143,,,,,,,,,
pairwise_similarity,human,,,,,0.642857142857,,,,,,,,,
pairwise_similarity,human,,,,,0.5,,,,,,,,,
pairwise_similarity,human,,,,,0.928571428571,,,,,,,,,
pairwise_similarity,human,,,,,0.428571428571,,,,,,,,,
pairwise_similarity,human,,,,,0.714285714286,,,,,,,,,
pairwise_similarity,human,,,,,0.857142857143,,,,,,,,,
pairwise_similarity,human,,,,,0.5,,,,,,,,,
pairwise_similarity,human,,,,,0.571428571429,,,,,,,,,
pairwise_similarity,human,,,,,0.785714285714,,,,,,,,,
pairwise_similarity,human,,,,,0.642857142857,,,,,,,,,
pairwise_similarity,human,,,,,0.214285714286,,,,,,,,,
pairwise_similarity,human,,,,,0.285714285714,,,,,,,,,
pairwise_similarity,human,,,,,0.714285714286,,,,,,,,,
pairwise_similarity,human,,,,,0.714285714286,,,,,,,,,
pairwise_similarity,human,,,,,0.428571428571,,,,,,,,,
pairwise_similarity,human,,,,,0.0714285714286,,,,,,,,,
pairwise_similarity,human,,,,,0.785714285714,,,,,,,,,
pairwise_similarity,human,,,,,0.5,,,,,,,,,
pairwise_similarity,human,,,,,0.785714285714,,,,,,,,,
pairwise_similarity,human,,,,,0.785714285714,,,,,,,,,
pairwise_similarity,human,,,,,0.5,,,,,,,,,
pairwise_similarity,human,,,,,1,,,,,,,,,
pairwise_similarity,human,,,,,0.714285714286,,,,,,,,,
pairwise_similarity,human,,,,,0.571428571429,,,,,,,,,
pairwise_similarity,human,,,,,0.642857142857,,,,,,,,,
pairwise_similarity,human,,,,,0.785714285714,,,,,,,,,
pairwise_similarity,human,,,,,0.714285714286,,,,,,,,,
pairwise_similarity,human,,,,,0.5,,,,,,,,,
pairwise_similarity,human,,,,,0.5,,,,,,,,,
pairwise_similarity,human,,,,,0.785714285714,,,,,,,,,
pairwise_similarity,human,,,,,0.714285714286,,,,,,,,,
pairwise_similarity,human,,,,,0.714285714286,,,,,,,,,
pairwise_similarity,human,,,,,0.714285714286,,,,,,,,,
pairwise_similarity,human,,,,,0.5,,,,,,,,,
pairwise_similarity,human,,,,,0.428571428571,,,,,,,,,
pairwise_similarity,human,,,,,0.785714285714,,,,,,,,,
pairwise_similarity,human,,,,,0.642857142857,,,,,,,,,
pairwise_similarity,human,,,,,0.357142857143,,,,,,,,,
pairwise_similarity,human,,,,,0.428571428571,,,,,,,,,
pairwise_similarity,human,,,,,0.428571428571,,,,,,,,,
pairwise_similarity,human,,,,,0.857142857143,,,,,,,,,
pairwise_similarity,human,,,,,0.285714285714,,,,,,,,,
pairwise_similarity,human,,,,,0.357142857143,,,,,,,,,
pairwise_similarity,human,,,,,0.785714285714,,,,,,,,,
pairwise_similarity,human,,,,,0.785714285714,,,,,,,,,
pairwise_similarity,human,,,,,0.785714285714,,,,,,,,,
pairwise_similarity,human,,,,,0.928571428571,,,,,,,,,
pairwise_similarity,human,,,,,0.642857142857,,,,,,,,,
pairwise_similarity,human,,,,,0.714285714286,,,,,,,,,
pairwise_similarity,human,,,,,0.571428571429,,,,,,,,,
pairwise_similarity,human,,,,,0.642857142857,,,,,,,,,
pairwise_similarity,human,,,,,0.785714285714,,,,,,,,,
pairwise_similarity,human,,,,,0.714285714286,,,,,,,,,
pairwise_similarity,human,,,,,0.5,,,,,,,,,
pairwise_similarity,human,,,,,0.5,,,,,,,,,
pairwise_similarity,human,,,,,0.785714285714,,,,,,,,,
pairwise_similarity,human,,,,,0.714285714286,,,,,,,,,
pairwise_similarity,human,,,,,0.714285714286,,,,,,,,,
pairwise_similarity,human,,,,,0.714285714286,,,,,,,,,
pairwise_similarity,human,,,,,0.5,,,,,,,,,
pairwise_similarity,human,,,,,0.428571428571,,,,,,,,,
pairwise_similarity,human,,,,,0.785714285714,,,,,,,,,
pairwise_similarity,human,,,,,0.642857142857,,,,,,,,,
pairwise_similarity,human,,,,,0.357142857143,,,,,,,,,
pairwise_similarity,human,,,,,0.428571428571,,,,,,,,,
pairwise_similarity,human,,,,,0.428571428571,,,,,,,,,
pairwise_similarity,human,,,,,0.857142857143,,,,,,,,,
pairwise_similarity,human,,,,,0.285714285714,,,,,,,,,
pairwise_similarity,human,,,,,0.357142857143,,,,,,,,,
pairwise_similarity,human,,,,,0.785714285714,,,,,,,,,
pairwise_similarity,human,,,,,0.785714285714,,,,,,,,,
pairwise_similarity,human,,,,,0.785714285714,,,,,,,,,
pairwise_similarity,human,,,,,0.928571428571,,,,,,,,,
pairwise_similarity,human,,,,,0.642857142857,,,,,,,,,
pairwise_similarity,human,,,,,0.571428571429,,,,,,,,,
pairwise_similarity,human,,,,,0.642857142857,,,,,,,,,
pairwise_similarity,human,,,,,0.785714285714,,,,,,,,,
pairwise_similarity,human,,,,,0.714285714286,,,,,,,,,
pairwise_similarity,human,,,,,0.5,,,,,,,,,
pairwise_similarity,human,,,,,0.785714285714,,,,,,,,,
pairwise_similarity,human,,,,,0.785714285714,,,,,,,,,
pairwise_similarity,human,,,,,0.714285714286,,,,,,,,,
pairwise_similarity,human,,,,,0.714285714286,,,,,,,,,
pairwise_similarity,human,,,,,0.857142857143,,,,,,,,,
pairwise_similarity,human,,,,,0.785714285714,,,,,,,,,
pairwise_similarity,human,,,,,0.285714285714,,,,,,,,,
pairwise_similarity,human,,,,,0.928571428571,,,,,,,,,
pairwise_similarity,human,,,,,0.785714285714,,,,,,,,,
pairwise_similarity,human,,,,,0.5,,,,,,,,,
pairwise_similarity,human,,,,,0.571428571429,,,,,,,,,
pairwise_similarity,human,,,,,0.428571428571,,,,,,,,,
pairwise_similarity,human,,,,,0.857142857143,,,,,,,,,
pairwise_similarity,human,,,,,0.571428571429,,,,,,,,,
pairwise_similarity,human,,,,,0.357142857143,,,,,,,,,
pairwise_similarity,human,,,,,0.928571428571,,,,,,,,,
pairwise_similarity,human,,,,,0.642857142857,,,,,,,,,
pairwise_similarity,human,,,,,0.928571428571,,,,,,,,,
pairwise_similarity,human,,,,,0.642857142857,,,,,,,,,
pairwise_similarity,human,,,,,0.5,,,,,,,,,
pairwise_similarity,human,,,,,0.357142857143,,,,,,,,,
pairwise_similarity,human,,,,,0.785714285714,,,,,,,,,
pairwise_similarity,human,,,,,0.714285714286,,,,,,,,,
pairwise_similarity,human,,,,,0.642857142857,,,,,,,,,
pairwise_similarity,human,,,,,0.357142857143,,,,,,,,,
pairwise_similarity,human,,,,,0.785714285714,,,,,,,,,
pairwise_similarity,human,,,,,0.285714285714,,,,,,,,,
pairwise_similarity,human,,,,,0.714285714286,,,,,,,,,
pairwise_similarity,human,,,,,0.714285714286,,,,,,,,,
pairwise_similarity,human,,,,,0.357142857143,,,,,,,,,
pairwise_similarity,human,,,,,0.571428571429,,,,,,,,,
pairwise_similarity,human,,,,,0.642857142857,,,,,,,,,
pairwise_similarity,human,,,,,0.642857142857,,,,,,,,,
pairwise_similarity,human,,,,,0.214285714286,,,,,,,,,
pairwise_similarity,human,,,,,0.142857142857,,,,,,,,,
pairwise_similarity,human,,,,,0.428571428571,,,,,,,,,
pairwise_similarity,human,,,,,0.571428571429,,,,,,,,,
pairwise_similarity,human,,,,,0.571428571429,,,,,,,,,
pairwise_similarity,human,,,,,0.0714285714286,,,,,,,,,
pairwise_similarity,human,,,,,0.642857142857,,,,,,,,,
pairwise_similarity,human,,,,,0.357142857143,,,,,,,,,
pairwise_similarity,human,,,,,0.642857142857,,,,,,,,,
pairwise_similarity,human,,,,,0.5,,,,,,,,,
pairwise_similarity,human,,,,,0.5,,,,,,,,,
pairwise_similarity,human,,,,,0.571428571429,,,,,,,,,
pairwise_similarity,human,,,,,0.5,,,,,,,,,
pairwise_similarity,human,,,,,0.571428571429,,,,,,,,,
pairwise_similarity,human,,,,,0.571428571429,,,,,,,,,
pairwise_similarity,human,,,,,0.571428571429,,,,,,,,,
pairwise_similarity,human,,,,,0.642857142857,,,,,,,,,
pairwise_similarity,human,,,,,0.642857142857,,,,,,,,,
pairwise_similarity,human,,,,,0.5,,,,,,,,,
pairwise_similarity,human,,,,,0.571428571429,,,,,,,,,
pairwise_similarity,human,,,,,0.214285714286,,,,,,,,,
pairwise_similarity,human,,,,,0.571428571429,,,,,,,,,
pairwise_similarity,human,,,,,0.571428571429,,,,,,,,,
pairwise_similarity,human,,,,,0.285714285714,,,,,,,,,
pairwise_similarity,human,,,,,0.357142857143,,,,,,,,,
pairwise_similarity,human,,,,,0.214285714286,,,,,,,,,
pairwise_similarity,human,,,,,0.5,,,,,,,,,
pairwise_similarity,human,,,,,0.214285714286,,,,,,,,,
pairwise_similarity,human,,,,,0.142857142857,,,,,,,,,
pairwise_similarity,human,,,,,0.571428571429,,,,,,,,,
pairwise_similarity,human,,,,,0.428571428571,,,,,,,,,
pairwise_similarity,human,,,,,0.571428571429,,,,,,,,,
pairwise_similarity,human,,,,,0.571428571429,,,,,,,,,
pairwise_similarity,human,,,,,0.428571428571,,,,,,,,,
pairwise_similarity,human,,,,,0.785714285714,,,,,,,,,
pairwise_similarity,human,,,,,0.714285714286,,,,,,,,,
pairwise_similarity,human,,,,,0.571428571429,,,,,,,,,
pairwise_similarity,human,,,,,0.857142857143,,,,,,,,,
pairwise_similarity,human,,,,,0.5,,,,,,,,,
pairwise_similarity,human,,,,,0.928571428571,,,,,,,,,
pairwise_similarity,human,,,,,0.785714285714,,,,,,,,,
pairwise_similarity,human,,,,,0.571428571429,,,,,,,,,
pairwise_similarity,human,,,,,0.5,,,,,,,,,
pairwise_similarity,human,,,,,0.857142857143,,,,,,,,,
pairwise_similarity,human,,,,,0.857142857143,,,,,,,,,
pairwise_similarity,human,,,,,0.285714285714,,,,,,,,,
pairwise_similarity,human,,,,,0.357142857143,,,,,,,,,
pairwise_similarity,human,,,,,0.5,,,,,,,,,
pairwise_similarity,human,,,,,0.785714285714,,,,,,,,,
pairwise_similarity,human,,,,,0.5,,,,,,,,,
pairwise_similarity,human,,,,,0.142857142857,,,,,,,,,
pairwise_similarity,human,,,,,0.857142857143,,,,,,,,,
pairwise_similarity,human,,,,,0.571428571429,,,,,,,,,
pairwise_similarity,human,,,,,0.857142857143,,,,,,,,,
pairwise_similarity,human,,,,,0.714285714286,,,,,,,,,
pairwise_similarity,human,,,,,0.714285714286,,,,,,,,,
pairwise_similarity,human,,,,,0.642857142857,,,,,,,,,
pairwise_similarity,human,,,,,0.5,,,,,,,,,
pairwise_similarity,human,,,,,0.928571428571,,,,,,,,,
pairwise_similarity,human,,,,,0.428571428571,,,,,,,,,
pairwise_similarity,human,,,,,0.714285714286,,,,,,,,,
pairwise_similarity,human,,,,,0.857142857143,,,,,,,,,
pairwise_similarity,human,,,,,0.5,,,,,,,,,
pairwise_similarity,human,,,,,0.571428571429,,,,,,,,,
pairwise_similarity,human,,,,,0.785714285714,,,,,,,,,
pairwise_similarity,human,,,,,0.642857142857,,,,,,,,,
pairwise_similarity,human,,,,,0.214285714286,,,,,,,,,
pairwise_similarity,human,,,,,0.285714285714,,,,,,,,,
pairwise_similarity,human,,,,,0.714285714286,,,,,,,,,
pairwise_similarity,human,,,,,0.714285714286,,,,,,,,,
pairwise_similarity,human,,,,,0.428571428571,,,,,,,,,
pairwise_similarity,human,,,,,0.0714285714286,,,,,,,,,
pairwise_similarity,human,,,,,0.785714285714,,,,,,,,,
pairwise_similarity,human,,,,,0.5,,,,,,,,,
pairwise_similarity,human,,,,,0.785714285714,,,,,,,,,
pairwise_similarity,human,,,,,0.642857142857,,,,,,,,,
pairwise_similarity,human,,,,,0.642857142857,,,,,,,,,
pairwise_similarity,human,,,,,0.285714285714,,,,,,,,,
pairwise_similarity,human,,,,,0.714285714286,,,,,,,,,
pairwise_similarity,human,,,,,0.214285714286,,,,,,,,,
pairwise_similarity,human,,,,,0.785714285714,,,,,,,,,
pairwise_similarity,human,,,,,0.642857142857,,,,,,,,,
pairwise_similarity,human,,,,,0.285714285714,,,,,,,,,
pairwise_similarity,human,,,,,0.357142857143,,,,,,,,,
pairwise_similarity,human,,,,,0.571428571429,,,,,,,,,
pairwise_similarity,human,,,,,0.714285714286,,,,,,,,,
pairwise_similarity,human,,,,,0,,,,,,,,,
pairwise_similarity,human,,,,,0.0714285714286,,,,,,,,,
pairwise_similarity,human,,,,,0.357142857143,,,,,,,,,
pairwise_similarity,human,,,,,0.5,,,,,,,,,
pairwise_similarity,human,,,,,0.5,,,,,,,,,
pairwise_similarity,human,,,,,-0.142857142857,,,,,,,,,
pairwise_similarity,human,,,,,0.571428571429,,,,,,,,,
pairwise_similarity,human,,,,,0.285714285714,,,,,,,,,
pairwise_similarity,human,,,,,0.571428571429,,,,,,,,,
pairwise_similarity,human,,,,,0.428571428571,,,,,,,,,
pairwise_similarity,human,,,,,0.428571428571,,,,,,,,,
pairwise_similarity,human,,,,,0.571428571429,,,,,,,,,
pairwise_similarity,human,,,,,0.642857142857,,,,,,,,,
pairwise_similarity,human,,,,,0.5,,,,,,,,,
pairwise_similarity,human,,,,,0.642857142857,,,,,,,,,
pairwise_similarity,human,,,,,0.857142857143,,,,,,,,,
pairwise_similarity,human,,,,,0.0714285714286,,,,,,,,,
pairwise_similarity,human,,,,,0.714285714286,,,,,,,,,
pairwise_similarity,human,,,,,0.571428571429,,,,,,,,,
pairwise_similarity,human,,,,,0.714285714286,,,,,,,,,
pairwise_similarity,human,,,,,0.785714285714,,,,,,,,,
pairwise_similarity,human,,,,,0.214285714286,,,,,,,,,
pairwise_similarity,human,,,,,0.642857142857,,,,,,,,,
pairwise_similarity,human,,,,,0.642857142857,,,,,,,,,
pairwise_similarity,human,,,,,0.428571428571,,,,,,,,,
pairwise_similarity,human,,,,,0.714285714286,,,,,,,,,
pairwise_similarity,human,,,,,0.428571428571,,,,,,,,,
pairwise_similarity,human,,,,,0.714285714286,,,,,,,,,
pairwise_similarity,human,,,,,0.428571428571,,,,,,,,,
pairwise_similarity,human,,,,,0.285714285714,,,,,,,,,
pairwise_similarity,human,,,,,0.5,,,,,,,,,
pairwise_similarity,human,,,,,0.785714285714,,,,,,,,,
pairwise_similarity,human,,,,,0.928571428571,,,,,,,,,
pairwise_similarity,human,,,,,0.571428571429,,,,,,,,,
pairwise_similarity,human,,,,,0.5,,,,,,,,,
pairwise_similarity,human,,,,,0.857142857143,,,,,,,,,
pairwise_similarity,human,,,,,0.714285714286,,,,,,,,,
pairwise_similarity,human,,,,,0.285714285714,,,,,,,,,
pairwise_similarity,human,,,,,0.357142857143,,,,,,,,,
pairwise_similarity,human,,,,,0.642857142857,,,,,,,,,
pairwise_similarity,human,,,,,0.785714285714,,,,,,,,,
pairwise_similarity,human,,,,,0.5,,,,,,,,,
pairwise_similarity,human,,,,,0.142857142857,,,,,,,,,
pairwise_similarity,human,,,,,0.857142857143,,,,,,,,,
pairwise_similarity,human,,,,,0.571428571429,,,,,,,,,
pairwise_similarity,human,,,,,0.857142857143,,,,,,,,,
pairwise_similarity,human,,,,,0.714285714286,,,,,,,,,
pairwise_similarity,human,,,,,0.571428571429,,,,,,,,,
pairwise_similarity,human,,,,,0.428571428571,,,,,,,,,
pairwise_similarity,human,,,,,0.571428571429,,,,,,,,,
pairwise_similarity,human,,,,,0.642857142857,,,,,,,,,
pairwise_similarity,human,,,,,0.142857142857,,,,,,,,,
pairwise_similarity,human,,,,,0.642857142857,,,,,,,,,
pairwise_similarity,human,,,,,0.5,,,,,,,,,
pairwise_similarity,human,,,,,0.5,,,,,,,,,
pairwise_similarity,human,,,,,0.571428571429,,,,,,,,,
pairwise_similarity,human,,,,,0.142857142857,,,,,,,,,
pairwise_similarity,human,,,,,0.714285714286,,,,,,,,,
pairwise_similarity,human,,,,,0.285714285714,,,,,,,,,
pairwise_similarity,human,,,,,0.357142857143,,,,,,,,,
pairwise_similarity,human,,,,,0.642857142857,,,,,,,,,
pairwise_similarity,human,,,,,0.642857142857,,,,,,,,,
pairwise_similarity,human,,,,,0.642857142857,,,,,,,,,
pairwise_similarity,human,,,,,0.642857142857,,,,,,,,,
pairwise_similarity,human,,,,,0.357142857143,,,,,,,,,
pairwise_similarity,human,,,,,0.714285714286,,,,,,,,,
pairwise_similarity,human,,,,,0.5,,,,,,,,,
pairwise_similarity,human,,,,,0.428571428571,,,,,,,,,
pairwise_similarity,human,,,,,0.785714285714,,,,,,,,,
pairwise_similarity,human,,,,,0.785714285714,,,,,,,,,
pairwise_similarity,human,,,,,0.214285714286,,,,,,,,,
pairwise_similarity,human,,,,,0.285714285714,,,,,,,,,
pairwise_similarity,human,,,,,0.428571428571,,,,,,,,,
pairwise_similarity,human,,,,,0.714285714286,,,,,,,,,
pairwise_similarity,human,,,,,0.428571428571,,,,,,,,,
pairwise_similarity,human,,,,,0.0714285714286,,,,,,,,,
pairwise_similarity,human,,,,,0.785714285714,,,,,,,,,
pairwise_similarity,human,,,,,0.5,,,,,,,,,
pairwise_similarity,human,,,,,0.785714285714,,,,,,,,,
pairwise_similarity,human,,,,,0.642857142857,,,,,,,,,
pairwise_similarity,human,,,,,0.642857142857,,,,,,,,,
pairwise_similarity,human,,,,,0.642857142857,,,,,,,,,
pairwise_similarity,human,,,,,0.428571428571,,,,,,,,,
pairwise_similarity,human,,,,,0.928571428571,,,,,,,,,
pairwise_similarity,human,,,,,0.642857142857,,,,,,,,,
pairwise_similarity,human,,,,,0.357142857143,,,,,,,,,
pairwise_similarity,human,,,,,0.428571428571,,,,,,,,,
pairwise_similarity,human,,,,,0.571428571429,,,,,,,,,
pairwise_similarity,human,,,,,0.857142857143,,,,,,,,,
pairwise_similarity,human,,,,,0.571428571429,,,,,,,,,
pairwise_similarity,human,,,,,0.214285714286,,,,,,,,,
pairwise_similarity,human,,,,,0.928571428571,,,,,,,,,
pairwise_similarity,human,,,,,0.642857142857,,,,,,,,,
pairwise_similarity,human,,,,,0.928571428571,,,,,,,,,
pairwise_similarity,human,,,,,0.642857142857,,,,,,,,,
pairwise_similarity,human,,,,,0.5,,,,,,,,,
pairwise_similarity,human,,,,,0.0714285714286,,,,,,,,,
pairwise_similarity,human,,,,,0.714285714286,,,,,,,,,
pairwise_similarity,human,,,,,0.571428571429,,,,,,,,,
pairwise_similarity,human,,,,,0.571428571429,,,,,,,,,
pairwise_similarity,human,,,,,0.642857142857,,,,,,,,,
pairwise_similarity,human,,,,,0.357142857143,,,,,,,,,
pairwise_similarity,human,,,,,0.642857142857,,,,,,,,,
pairwise_similarity,human,,,,,0.5,,,,,,,,,
pairwise_similarity,human,,,,,0.285714285714,,,,,,,,,
pairwise_similarity,human,,,,,0.714285714286,,,,,,,,,
pairwise_similarity,human,,,,,0.428571428571,,,,,,,,,
pairwise_similarity,human,,,,,0.714285714286,,,,,,,,,
pairwise_similarity,human,,,,,0.428571428571,,,,,,,,,
pairwise_similarity,human,,,,,0.285714285714,,,,,,,,,
pairwise_similarity,human,,,,,0.357142857143,,,,,,,,,
pairwise_similarity,human,,,,,0.357142857143,,,,,,,,,
pairwise_similarity,human,,,,,-0.214285714286,,,,,,,,,
pairwise_similarity,human,,,,,-0.142857142857,,,,,,,,,
pairwise_similarity,human,,,,,0.714285714286,,,,,,,,,
pairwise_similarity,human,,,,,0.285714285714,,,,,,,,,
pairwise_similarity,human,,,,,0.142857142857,,,,,,,,,
pairwise_similarity,human,,,,,-0.214285714286,,,,,,,,,
pairwise_similarity,human,,,,,0.357142857143,,,,,,,,,
pairwise_similarity,human,,,,,0.214285714286,,,,,,,,,
pairwise_similarity,human,,,,,0.357142857143,,,,,,,,,
pairwise_similarity,human,,,,,0.5,,,,,,,,,
pairwise_similarity,human,,,,,0.785714285714,,,,,,,,,
pairwise_similarity,human,,,,,0.714285714286,,,,,,,,,
pairwise_similarity,human,,,,,0.428571428571,,,,,,,,,
pairwise_similarity,human,,,,,0.5,,,,,,,,,
pairwise_similarity,human,,,,,0.5,,,,,,,,,
pairwise_similarity,human,,,,,0.928571428571,,,,,,,,,
pairwise_similarity,human,,,,,0.5,,,,,,,,,
pairwise_similarity,human,,,,,0.285714285714,,,,,,,,,
pairwise_similarity,human,,,,,1,,,,,,,,,
pairwise_similarity,human,,,,,0.714285714286,,,,,,,,,
pairwise_similarity,human,,,,,1,,,,,,,,,
pairwise_similarity,human,,,,,0.714285714286,,,,,,,,,
pairwise_similarity,human,,,,,0.571428571429,,,,,,,,,
pairwise_similarity,human,,,,,0.285714285714,,,,,,,,,
pairwise_similarity,human,,,,,0.357142857143,,,,,,,,,
pairwise_similarity,human,,,,,0.357142857143,,,,,,,,,
pairwise_similarity,human,,,,,0.642857142857,,,,,,,,,
pairwise_similarity,human,,,,,0.642857142857,,,,,,,,,
pairwise_similarity,human,,,,,0.142857142857,,,,,,,,,
pairwise_similarity,human,,,,,0.714285714286,,,,,,,,,
pairwise_similarity,human,,,,,0.428571428571,,,,,,,,,
pairwise_similarity,human,,,,,0.714285714286,,,,,,,,,
pairwise_similarity,human,,,,,0.571428571429,,,,,,,,,
pairwise_similarity,human,,,,,0.571428571429,,,,,,,,,
pairwise_similarity,human,,,,,0.928571428571,,,,,,,,,
pairwise_similarity,human,,,,,-0.0714285714286,,,,,,,,,
pairwise_similarity,human,,,,,0.5,,,,,,,,,
pairwise_similarity,human,,,,,0.5,,,,,,,,,
pairwise_similarity,human,,,,,0.714285714286,,,,,,,,,
pairwise_similarity,human,,,,,0.428571428571,,,,,,,,,
pairwise_similarity,human,,,,,0.428571428571,,,,,,,,,
pairwise_similarity,human,,,,,0.428571428571,,,,,,,,,
pairwise_similarity,human,,,,,0.285714285714,,,,,,,,,
pairwise_similarity,human,,,,,0,,,,,,,,,
pairwise_similarity,human,,,,,0,,,,,,,,,
pairwise_similarity,human,,,,,0.571428571429,,,,,,,,,
pairwise_similarity,human,,,,,0.428571428571,,,,,,,,,
pairwise_similarity,human,,,,,0.642857142857,,,,,,,,,
pairwise_similarity,human,,,,,0.5,,,,,,,,,
pairwise_similarity,human,,,,,0.5,,,,,,,,,
pairwise_similarity,human,,,,,0.5,,,,,,,,,
pairwise_similarity,human,,,,,0.357142857143,,,,,,,,,
pairwise_similarity,human,,,,,0.0714285714286,,,,,,,,,
pairwise_similarity,human,,,,,0.428571428571,,,,,,,,,
pairwise_similarity,human,,,,,0.142857142857,,,,,,,,,
pairwise_similarity,human,,,,,-0.214285714286,,,,,,,,,
pairwise_similarity,human,,,,,0.5,,,,,,,,,
pairwise_similarity,human,,,,,0.214285714286,,,,,,,,,
pairwise_similarity,human,,,,,0.5,,,,,,,,,
pairwise_similarity,human,,,,,0.5,,,,,,,,,
pairwise_similarity,human,,,,,0.642857142857,,,,,,,,,
pairwise_similarity,human,,,,,0.428571428571,,,,,,,,,
pairwise_similarity,human,,,,,0.357142857143,,,,,,,,,
pairwise_similarity,human,,,,,0.928571428571,,,,,,,,,
pairwise_similarity,human,,,,,0.785714285714,,,,,,,,,
pairwise_similarity,human,,,,,0.928571428571,,,,,,,,,
pairwise_similarity,human,,,,,0.785714285714,,,,,,,,,
pairwise_similarity,human,,,,,0.5,,,,,,,,,
pairwise_similarity,human,,,,,0.357142857143,,,,,,,,,
pairwise_similarity,human,,,,,0.5,,,,,,,,,
pairwise_similarity,human,,,,,0.214285714286,,,,,,,,,
pairwise_similarity,human,,,,,0.5,,,,,,,,,
pairwise_similarity,human,,,,,0.214285714286,,,,,,,,,
pairwise_similarity,human,,,,,0.214285714286,,,,,,,,,
pairwise_similarity,human,,,,,0.285714285714,,,,,,,,,
pairwise_similarity,human,,,,,0.571428571429,,,,,,,,,
pairwise_similarity,human,,,,,0.285714285714,,,,,,,,,
pairwise_similarity,human,,,,,0.285714285714,,,,,,,,,
pairwise_similarity,human,,,,,0,,,,,,,,,
pairwise_similarity,human,,,,,0.714285714286,,,,,,,,,
pairwise_similarity,human,,,,,1,,,,,,,,,
pairwise_similarity,human,,,,,0.714285714286,,,,,,,,,
pairwise_similarity,human,,,,,0.571428571429,,,,,,,,,
pairwise_similarity,human,,,,,0.714285714286,,,,,,,,,
pairwise_similarity,human,,,,,0.714285714286,,,,,,,,,
pairwise_similarity,human,,,,,0.428571428571,,,,,,,,,
pairwise_similarity,human,,,,,0.714285714286,,,,,,,,,
pairwise_similarity,human,,,,,0.571428571429,,,,,,,,,
pairwise_similarity,human,,,,,0.571428571429,,,,,,,,,
pairwise_similarity,2104,2104,,,,0.142857142857,,,,,,,,,
pairwise_similarity,2104,2104,,,,0.642857142857,,,,,,,,,
pairwise_similarity,2104,2104,,,,0.5,,,,,,,,,
pairwise_similarity,2104,2104,,,,0.5,,,,,,,,,
pairwise_similarity,2104,2104,,,,0.428571428571,,,,,,,,,
pairwise_similarity,2104,2104,,,,0.357142857143,,,,,,,,,
pairwise_similarity,2104,2104,,,,0.285714285714,,,,,,,,,
pairwise_similarity,2104,2104,,,,0.428571428571,,,,,,,,,
pairwise_similarity,2104,2104,,,,0.857142857143,,,,,,,,,
pairwise_similarity,2104,2104,,,,0.357142857143,,,,,,,,,
pairwise_similarity,2104,2104,,,,0.357142857143,,,,,,,,,
pairwise_similarity,2104,2104,,,,0.428571428571,,,,,,,,,
pairwise_similarity,2104,2104,,,,0.571428571429,,,,,,,,,
pairwise_similarity,2104,2104,,,,0.642857142857,,,,,,,,,
pairwise_similarity,2104,2104,,,,0.428571428571,,,,,,,,,
pairwise_similarity,2104,2104,,,,0.571428571429,,,,,,,,,
pairwise_similarity,2104,2104,,,,0.5,,,,,,,,,
pairwise_similarity,2104,2104,,,,0.714285714286,,,,,,,,,
pairwise_similarity,2104,2104,,,,0.357142857143,,,,,,,,,
pairwise_similarity,2104,2104,,,,0.5,,,,,,,,,
pairwise_similarity,2104,2104,,,,0.214285714286,,,,,,,,,
pairwise_similarity,2104,2104,,,,0.214285714286,,,,,,,,,
pairwise_similarity,2104,2104,,,,0.5,,,,,,,,,
pairwise_similarity,2104,2104,,,,0.5,,,,,,,,,
pairwise_similarity,2104,2104,,,,0.5,,,,,,,,,
pairwise_similarity,2104,2104,,,,0.5,,,,,,,,,
pairwise_similarity,2104,2104,,,,0.428571428571,,,,,,,,,
pairwise_similarity,2104,2104,,,,0.357142857143,,,,,,,,,
pairwise_similarity,2104,2104,,,,0.214285714286,,,,,,,,,
pairwise_similarity,2104,2104,,,,0.0714285714286,,,,,,,,,
pairwise_similarity,2104,2104,,,,0.214285714286,,,,,,,,,
pairwise_similarity,2104,2104,,,,0.5,,,,,,,,,
pairwise_similarity,2104,2104,,,,0.642857142857,,,,,,,,,
pairwise_similarity,2104,2104,,,,0.214285714286,,,,,,,,,
pairwise_similarity,2104,2104,,,,0.357142857143,,,,,,,,,
pairwise_similarity,2104,2104,,,,0.357142857143,,,,,,,,,
pairwise_similarity,2104,2104,,,,0.5,,,,,,,,,
pairwise_similarity,2104,2104,,,,0.642857142857,,,,,,,,,
pairwise_similarity,2104,2104,,,,0.571428571429,,,,,,,,,
pairwise_similarity,2104,2104,,,,0.428571428571,,,,,,,,,
pairwise_similarity,2104,2104,,,,0.285714285714,,,,,,,,,
pairwise_similarity,2104,2104,,,,0.142857142857,,,,,,,,,
pairwise_similarity,2104,2104,,,,0.357142857143,,,,,,,,,
pairwise_similarity,2104,2104,,,,0.857142857143,,,,,,,,,
pairwise_similarity,2104,2104,,,,0.5,,,,,,,,,
pairwise_similarity,2104,2104,,,,0.428571428571,,,,,,,,,
pairwise_similarity,2104,2104,,,,0.571428571429,,,,,,,,,
pairwise_similarity,2104,2104,,,,0.285714285714,,,,,,,,,
pairwise_similarity,2104,2104,,,,0.357142857143,,,,,,,,,
pairwise_similarity,2104,2104,,,,0.285714285714,,,,,,,,,
pairwise_similarity,2104,2104,,,,0.357142857143,,,,,,,,,
pairwise_similarity,2104,2104,,,,0.214285714286,,,,,,,,,
pairwise_similarity,2104,2104,,,,0.785714285714,,,,,,,,,
pairwise_similarity,2104,2104,,,,0.214285714286,,,,,,,,,
pairwise_similarity,2104,2104,,,,0.285714285714,,,,,,,,,
pairwise_similarity,2104,2104,,,,0.428571428571,,,,,,,,,
pairwise_similarity,2104,2104,,,,0.428571428571,,,,,,,,,
pairwise_similarity,2104,2104,,,,0,,,,,,,,,
pairwise_similarity,2104,2104,,,,0.428571428571,,,,,,,,,
pairwise_similarity,2104,2104,,,,0.285714285714,,,,,,,,,
pairwise_similarity,2104,2104,,,,0.285714285714,,,,,,,,,
pairwise_similarity,2104,2104,,,,0.428571428571,,,,,,,,,
pairwise_similarity,2104,2104,,,,0.571428571429,,,,,,,,,
pairwise_similarity,2104,2104,,,,0.357142857143,,,,,,,,,
pairwise_similarity,2104,2104,,,,0.642857142857,,,,,,,,,
pairwise_similarity,2104,2104,,,,0.142857142857,,,,,,,,,
pairwise_similarity,2104,2104,,,,0.214285714286,,,,,,,,,
pairwise_similarity,2104,2104,,,,0.357142857143,,,,,,,,,
pairwise_similarity,2104,2104,,,,0.428571428571,,,,,,,,,
pairwise_similarity,2104,2104,,,,0.428571428571,,,,,,,,,
pairwise_similarity,2104,2104,,,,0.357142857143,,,,,,,,,
pairwise_similarity,2104,2104,,,,0.5,,,,,,,,,
pairwise_similarity,2104,2104,,,,0.5,,,,,,,,,
pairwise_similarity,2104,2104,,,,0.142857142857,,,,,,,,,
pairwise_similarity,2104,2104,,,,0.642857142857,,,,,,,,,
pairwise_similarity,2104,2104,,,,0.571428571429,,,,,,,,,
pairwise_similarity,2104,2104,,,,0.285714285714,,,,,,,,,
pairwise_similarity,2104,2104,,,,0.142857142857,,,,,,,,,
pairwise_similarity,2104,2104,,,,0.642857142857,,,,,,,,,
pairwise_similarity,2104,2104,,,,0.642857142857,,,,,,,,,
pairwise_similarity,2104,2104,,,,0.428571428571,,,,,,,,,
pairwise_similarity,2104,2104,,,,0.428571428571,,,,,,,,,
pairwise_similarity,2104,2104,,,,0.357142857143,,,,,,,,,
pairwise_similarity,2104,2104,,,,0.571428571429,,,,,,,,,
pairwise_similarity,2104,2104,,,,0.285714285714,,,,,,,,,
pairwise_similarity,2104,2104,,,,0.5,,,,,,,,,
pairwise_similarity,2104,2104,,,,0.428571428571,,,,,,,,,
pairwise_similarity,2104,2104,,,,0.5,,,,,,,,,
pairwise_similarity,2104,2104,,,,0.5,,,,,,,,,
pairwise_similarity,2104,2104,,,,-0.0714285714286,,,,,,,,,
pairwise_similarity,2104,2104,,,,0.785714285714,,,,,,,,,
pairwise_similarity,2104,2104,,,,0.642857142857,,,,,,,,,
pairwise_similarity,2104,2104,,,,0.214285714286,,,,,,,,,
pairwise_similarity,2104,2104,,,,0.214285714286,,,,,,,,,
pairwise_similarity,2104,2104,,,,0.642857142857,,,,,,,,,
pairwise_similarity,2104,2104,,,,0.428571428571,,,,,,,,,
pairwise_similarity,2104,2104,,,,0.5,,,,,,,,,
pairwise_similarity,2104,2104,,,,0.0714285714286,,,,,,,,,
pairwise_similarity,2104,2104,,,,0.785714285714,,,,,,,,,
pairwise_similarity,2104,2104,,,,0.785714285714,,,,,,,,,
pairwise_similarity,2104,2104,,,,0.214285714286,,,,,,,,,
pairwise_similarity,2104,2104,,,,0.5,,,,,,,,,
pairwise_similarity,2104,2104,,,,0.785714285714,,,,,,,,,
pairwise_similarity,2104,2104,,,,0.5,,,,,,,,,
pairwise_similarity,2104,2104,,,,0.642857142857,,,,,,,,,
pairwise_similarity,2104,2104,,,,0.357142857143,,,,,,,,,
pairwise_similarity,2104,2104,,,,0.5,,,,,,,,,
pairwise_similarity,2104,2104,,,,0.285714285714,,,,,,,,,
pairwise_similarity,2104,2104,,,,0.571428571429,,,,,,,,,
pairwise_similarity,2104,2104,,,,0.857142857143,,,,,,,,,
pairwise_similarity,2104,2104,,,,0.714285714286,,,,,,,,,
pairwise_similarity,2104,2104,,,,0.642857142857,,,,,,,,,
pairwise_similarity,2104,2104,,,,0.285714285714,,,,,,,,,
pairwise_similarity,2104,2104,,,,0.357142857143,,,,,,,,,
pairwise_similarity,2104,2104,,,,0.142857142857,,,,,,,,,
pairwise_similarity,2104,2104,,,,0.285714285714,,,,,,,,,
pairwise_similarity,2104,2104,,,,0.571428571429,,,,,,,,,
pairwise_similarity,2104,2104,,,,0.357142857143,,,,,,,,,
pairwise_similarity,2104,2104,,,,0.428571428571,,,,,,,,,
pairwise_similarity,2104,2104,,,,0.642857142857,,,,,,,,,
pairwise_similarity,2104,2104,,,,0.642857142857,,,,,,,,,
pairwise_similarity,2104,2104,,,,0.357142857143,,,,,,,,,
pairwise_similarity,2104,2104,,,,0.214285714286,,,,,,,,,
pairwise_similarity,2104,2104,,,,0.714285714286,,,,,,,,,
pairwise_similarity,2104,2104,,,,0,,,,,,,,,
pairwise_similarity,2104,2104,,,,0.428571428571,,,,,,,,,
pairwise_similarity,2104,2104,,,,0.285714285714,,,,,,,,,
pairwise_similarity,2104,2104,,,,0.714285714286,,,,,,,,,
pairwise_similarity,2104,2104,,,,0.571428571429,,,,,,,,,
pairwise_similarity,2104,2104,,,,0.714285714286,,,,,,,,,
pairwise_similarity,2104,2104,,,,0.571428571429,,,,,,,,,
pairwise_similarity,2104,2104,,,,0.142857142857,,,,,,,,,
pairwise_similarity,2104,2104,,,,0.5,,,,,,,,,
pairwise_similarity,2104,2104,,,,0.5,,,,,,,,,
pairwise_similarity,2104,2104,,,,0.857142857143,,,,,,,,,
pairwise_similarity,2104,2104,,,,0.5,,,,,,,,,
pairwise_similarity,2104,2104,,,,0.0714285714286,,,,,,,,,
pairwise_similarity,2104,2104,,,,0.428571428571,,,,,,,,,
pairwise_similarity,2104,2104,,,,0.285714285714,,,,,,,,,
pairwise_similarity,2104,2104,,,,0.714285714286,,,,,,,,,
pairwise_similarity,2104,2104,,,,0.714285714286,,,,,,,,,
pairwise_similarity,2104,2104,,,,0.785714285714,,,,,,,,,
pairwise_similarity,2104,2104,,,,0.571428571429,,,,,,,,,
pairwise_similarity,2104,2104,,,,0.5,,,,,,,,,
pairwise_similarity,2104,2104,,,,0.642857142857,,,,,,,,,
pairwise_similarity,2104,2104,,,,0.5,,,,,,,,,
pairwise_similarity,2104,2104,,,,0.571428571429,,,,,,,,,
pairwise_similarity,2104,2104,,,,0.571428571429,,,,,,,,,
pairwise_similarity,2104,2104,,,,0.5,,,,,,,,,
pairwise_similarity,2104,2104,,,,0.785714285714,,,,,,,,,
pairwise_similarity,2104,2104,,,,0.857142857143,,,,,,,,,
pairwise_similarity,2104,2104,,,,0.642857142857,,,,,,,,,
pairwise_similarity,2104,2104,,,,0.5,,,,,,,,,
pairwise_similarity,2104,2104,,,,0.714285714286,,,,,,,,,
pairwise_similarity,2104,2104,,,,0.5,,,,,,,,,
pairwise_similarity,2104,2104,,,,0.571428571429,,,,,,,,,
pairwise_similarity,2104,2104,,,,0.714285714286,,,,,,,,,
pairwise_similarity,2104,2104,,,,0.571428571429,,,,,,,,,
pairwise_similarity,2104,2104,,,,0.428571428571,,,,,,,,,
pairwise_similarity,2104,2104,,,,0.714285714286,,,,,,,,,
pairwise_similarity,2104,2104,,,,0.714285714286,,,,,,,,,
pairwise_similarity,2104,2104,,,,0.714285714286,,,,,,,,,
pairwise_similarity,2104,2104,,,,0.428571428571,,,,,,,,,
pairwise_similarity,2104,2104,,,,0.642857142857,,,,,,,,,
pairwise_similarity,2104,2104,,,,0.571428571429,,,,,,,,,
pairwise_similarity,2104,2104,,,,0.428571428571,,,,,,,,,
pairwise_similarity,2104,2104,,,,0.285714285714,,,,,,,,,
pairwise_similarity,2104,2104,,,,0.285714285714,,,,,,,,,
pairwise_similarity,2104,2104,,,,0.714285714286,,,,,,,,,
pairwise_similarity,2104,2104,,,,0.857142857143,,,,,,,,,
pairwise_similarity,2104,2104,,,,0.428571428571,,,,,,,,,
pairwise_similarity,2104,2104,,,,0.142857142857,,,,,,,,,
pairwise_similarity,2104,2104,,,,0.571428571429,,,,,,,,,
pairwise_similarity,2104,2104,,,,0.714285714286,,,,,,,,,
pairwise_similarity,2104,2104,,,,0.428571428571,,,,,,,,,
pairwise_similarity,2104,2104,,,,0.928571428571,,,,,,,,,
pairwise_similarity,2104,2104,,,,0.357142857143,,,,,,,,,
pairwise_similarity,2104,2104,,,,0.5,,,,,,,,,
pairwise_similarity,2104,2104,,,,0.214285714286,,,,,,,,,
pairwise_similarity,2104,2104,,,,0.571428571429,,,,,,,,,
pairwise_similarity,2104,2104,,,,0.785714285714,,,,,,,,,
pairwise_similarity,2104,2104,,,,0.714285714286,,,,,,,,,
pairwise_similarity,2104,2104,,,,0.642857142857,,,,,,,,,
pairwise_similarity,2104,2104,,,,0.785714285714,,,,,,,,,
pairwise_similarity,2104,2104,,,,0.5,,,,,,,,,
pairwise_similarity,2104,2104,,,,0.714285714286,,,,,,,,,
pairwise_similarity,2104,2104,,,,0.642857142857,,,,,,,,,
pairwise_similarity,2104,2104,,,,0.571428571429,,,,,,,,,
pairwise_similarity,2104,2104,,,,0.428571428571,,,,,,,,,
pairwise_similarity,2104,2104,,,,0.857142857143,,,,,,,,,
pairwise_similarity,2104,2104,,,,0.428571428571,,,,,,,,,
pairwise_similarity,2104,2104,,,,0.5,,,,,,,,,
pairwise_similarity,2104,2104,,,,0.5,,,,,,,,,
pairwise_similarity,2104,2104,,,,0.642857142857,,,,,,,,,
pairwise_similarity,2104,2104,,,,0.214285714286,,,,,,,,,
pairwise_similarity,2104,2104,,,,0.642857142857,,,,,,,,,
pairwise_similarity,2104,2104,,,,0.5,,,,,,,,,
pairwise_similarity,2104,2104,,,,0.5,,,,,,,,,
pairwise_similarity,2104,2104,,,,0.642857142857,,,,,,,,,
pairwise_similarity,2104,2104,,,,0.642857142857,,,,,,,,,
pairwise_similarity,2104,2104,,,,0.571428571429,,,,,,,,,
pairwise_similarity,2104,2104,,,,0.571428571429,,,,,,,,,
pairwise_similarity,2104,2104,,,,0.357142857143,,,,,,,,,
pairwise_similarity,2104,2104,,,,0.428571428571,,,,,,,,,
pairwise_similarity,2104,2104,,,,0.571428571429,,,,,,,,,
pairwise_similarity,2104,2104,,,,0.642857142857,,,,,,,,,
pairwise_similarity,2104,2104,,,,0.785714285714,,,,,,,,,
pairwise_similarity,2104,2104,,,,0.714285714286,,,,,,,,,
pairwise_similarity,2104,2104,,,,0.642857142857,,,,,,,,,
pairwise_similarity,2104,2104,,,,0.571428571429,,,,,,,,,
pairwise_similarity,2104,2104,,,,0.785714285714,,,,,,,,,
pairwise_similarity,2104,2104,,,,0.5,,,,,,,,,
pairwise_similarity,2104,2104,,,,0.5,,,,,,,,,
pairwise_similarity,2104,2104,,,,0.857142857143,,,,,,,,,
pairwise_similarity,2104,2104,,,,0.714285714286,,,,,,,,,
pairwise_similarity,2104,2104,,,,0.642857142857,,,,,,,,,
pairwise_similarity,2104,2104,,,,0.785714285714,,,,,,,,,
pairwise_similarity,2104,2104,,,,0.857142857143,,,,,,,,,
pairwise_similarity,2104,2104,,,,0.642857142857,,,,,,,,,
pairwise_similarity,2104,2104,,,,0.357142857143,,,,,,,,,
pairwise_similarity,2104,2104,,,,0.857142857143,,,,,,,,,
pairwise_similarity,2104,2104,,,,0.642857142857,,,,,,,,,
pairwise_similarity,2104,2104,,,,0.714285714286,,,,,,,,,
pairwise_similarity,2104,2104,,,,0.714285714286,,,,,,,,,
pairwise_similarity,2104,2104,,,,0.428571428571,,,,,,,,,
pairwise_similarity,2104,2104,,,,0.714285714286,,,,,,,,,
pairwise_similarity,2104,2104,,,,0.714285714286,,,,,,,,,
pairwise_similarity,2104,2104,,,,0.714285714286,,,,,,,,,
pairwise_similarity,2104,2104,,,,0.714285714286,,,,,,,,,
pairwise_similarity,2104,2104,,,,0.571428571429,,,,,,,,,
pairwise_similarity,2104,2104,,,,0.928571428571,,,,,,,,,
pairwise_similarity,2104,2104,,,,0.714285714286,,,,,,,,,
pairwise_similarity,2104,2104,,,,0.571428571429,,,,,,,,,
pairwise_similarity,2104,2104,,,,0.571428571429,,,,,,,,,
pairwise_similarity,2104,2104,,,,0.428571428571,,,,,,,,,
pairwise_similarity,2104,2104,,,,0.714285714286,,,,,,,,,
pairwise_similarity,2104,2104,,,,0.857142857143,,,,,,,,,
pairwise_similarity,2104,2104,,,,0.571428571429,,,,,,,,,
pairwise_similarity,2104,2104,,,,0.285714285714,,,,,,,,,
pairwise_similarity,2104,2104,,,,0.857142857143,,,,,,,,,
pairwise_similarity,2104,2104,,,,0.857142857143,,,,,,,,,
pairwise_similarity,2104,2104,,,,0.571428571429,,,,,,,,,
pairwise_similarity,2104,2104,,,,0.785714285714,,,,,,,,,
pairwise_similarity,2104,2104,,,,0.357142857143,,,,,,,,,
pairwise_similarity,2104,2104,,,,0.642857142857,,,,,,,,,
pairwise_similarity,2104,2104,,,,0.357142857143,,,,,,,,,
pairwise_similarity,2104,2104,,,,0.714285714286,,,,,,,,,
pairwise_similarity,2104,2104,,,,0.642857142857,,,,,,,,,
pairwise_similarity,2104,2104,,,,0.857142857143,,,,,,,,,
pairwise_similarity,2104,2104,,,,0.642857142857,,,,,,,,,
pairwise_similarity,2104,2104,,,,0.785714285714,,,,,,,,,
pairwise_similarity,2104,2104,,,,0.642857142857,,,,,,,,,
pairwise_similarity,2104,2104,,,,0.714285714286,,,,,,,,,
pairwise_similarity,2104,2104,,,,0.642857142857,,,,,,,,,
pairwise_similarity,2104,2104,,,,0.714285714286,,,,,,,,,
pairwise_similarity,2104,2104,,,,0.714285714286,,,,,,,,,
pairwise_similarity,2104,2104,,,,0.714285714286,,,,,,,,,
pairwise_similarity,2104,2104,,,,0.571428571429,,,,,,,,,
pairwise_similarity,2104,2104,,,,0.642857142857,,,,,,,,,
pairwise_similarity,2104,2104,,,,0.5,,,,,,,,,
pairwise_similarity,2104,2104,,,,0.642857142857,,,,,,,,,
pairwise_similarity,2104,2104,,,,0.357142857143,,,,,,,,,
pairwise_similarity,2104,2104,,,,0.642857142857,,,,,,,,,
pairwise_similarity,2104,2104,,,,0.642857142857,,,,,,,,,
pairwise_similarity,2104,2104,,,,0.785714285714,,,,,,,,,
pairwise_similarity,2104,2104,,,,0.928571428571,,,,,,,,,
pairwise_similarity,2104,2104,,,,0.5,,,,,,,,,
pairwise_similarity,2104,2104,,,,0.714285714286,,,,,,,,,
pairwise_similarity,2104,2104,,,,0.571428571429,,,,,,,,,
pairwise_similarity,2104,2104,,,,0.642857142857,,,,,,,,,
pairwise_similarity,2104,2104,,,,0.571428571429,,,,,,,,,
pairwise_similarity,2104,2104,,,,0.571428571429,,,,,,,,,
pairwise_similarity,2104,2104,,,,0.928571428571,,,,,,,,,
pairwise_similarity,2104,2104,,,,0.642857142857,,,,,,,,,
pairwise_similarity,2104,2104,,,,0.642857142857,,,,,,,,,
pairwise_similarity,2104,2104,,,,0.857142857143,,,,,,,,,
pairwise_similarity,2104,2104,,,,0.642857142857,,,,,,,,,
pairwise_similarity,2104,2104,,,,0.357142857143,,,,,,,,,
pairwise_similarity,2104,2104,,,,0.357142857143,,,,,,,,,
pairwise_similarity,2104,2104,,,,0.714285714286,,,,,,,,,
pairwise_similarity,2104,2104,,,,0.857142857143,,,,,,,,,
pairwise_similarity,2104,2104,,,,0.785714285714,,,,,,,,,
pairwise_similarity,2104,2104,,,,0.928571428571,,,,,,,,,
pairwise_similarity,2104,2104,,,,0.857142857143,,,,,,,,,
pairwise_similarity,2104,2104,,,,0.785714285714,,,,,,,,,
pairwise_similarity,2104,2104,,,,0.5,,,,,,,,,
pairwise_similarity,2104,2104,,,,0.857142857143,,,,,,,,,
pairwise_similarity,2104,2104,,,,0.5,,,,,,,,,
pairwise_similarity,2104,2104,,,,0.714285714286,,,,,,,,,
pairwise_similarity,2104,2104,,,,1,,,,,,,,,
pairwise_similarity,2104,2104,,,,0.428571428571,,,,,,,,,
pairwise_similarity,2104,2104,,,,0.714285714286,,,,,,,,,
pairwise_similarity,2104,2104,,,,0.857142857143,,,,,,,,,
pairwise_similarity,2104,2104,,,,0.714285714286,,,,,,,,,
pairwise_similarity,2104,2104,,,,0.714285714286,,,,,,,,,
pairwise_similarity,2104,2104,,,,0.571428571429,,,,,,,,,
pairwise_similarity,2104,2104,,,,0.642857142857,,,,,,,,,
pairwise_similarity,2104,2104,,,,0.714285714286,,,,,,,,,
pairwise_similarity,2104,2104,,,,0.428571428571,,,,,,,,,
pairwise_similarity,2104,2104,,,,0.571428571429,,,,,,,,,
pairwise_similarity,2104,2104,,,,0.428571428571,,,,,,,,,
pairwise_similarity,2104,2104,,,,0.714285714286,,,,,,,,,
pairwise_similarity,2104,2104,,,,0.714285714286,,,,,,,,,
pairwise_similarity,2104,2104,,,,0.714285714286,,,,,,,,,
pairwise_similarity,2104,2104,,,,0.285714285714,,,,,,,,,
pairwise_similarity,2104,2104,,,,0.714285714286,,,,,,,,,
pairwise_similarity,2104,2104,,,,0.714285714286,,,,,,,,,
pairwise_similarity,2104,2104,,,,0.428571428571,,,,,,,,,
pairwise_similarity,2104,2104,,,,0.785714285714,,,,,,,,,
pairwise_similarity,2104,2104,,,,0.5,,,,,,,,,
pairwise_similarity,2104,2104,,,,0.5,,,,,,,,,
pairwise_similarity,2104,2104,,,,0.214285714286,,,,,,,,,
pairwise_similarity,2104,2104,,,,0.857142857143,,,,,,,,,
pairwise_similarity,2104,2104,,,,0.642857142857,,,,,,,,,
pairwise_similarity,2104,2104,,,,0.714285714286,,,,,,,,,
pairwise_similarity,2104,2104,,,,0.642857142857,,,,,,,,,
pairwise_similarity,2104,2104,,,,0.785714285714,,,,,,,,,
pairwise_similarity,2104,2104,,,,0.642857142857,,,,,,,,,
pairwise_similarity,2104,2104,,,,0.714285714286,,,,,,,,,
pairwise_similarity,2104,2104,,,,0.785714285714,,,,,,,,,
pairwise_similarity,2104,2104,,,,0.714285714286,,,,,,,,,
pairwise_similarity,2104,2104,,,,0.571428571429,,,,,,,,,
pairwise_similarity,2104,2104,,,,0.714285714286,,,,,,,,,
pairwise_similarity,2104,2104,,,,0.428571428571,,,,,,,,,
pairwise_similarity,2104,2104,,,,0.642857142857,,,,,,,,,
pairwise_similarity,2104,2104,,,,0.5,,,,,,,,,
pairwise_similarity,2104,2104,,,,0.928571428571,,,,,,,,,
pairwise_similarity,2104,2104,,,,0.5,,,,,,,,,
pairwise_similarity,2104,2104,,,,0.642857142857,,,,,,,,,
pairwise_similarity,2104,2104,,,,0.785714285714,,,,,,,,,
pairwise_similarity,2104,2104,,,,0.642857142857,,,,,,,,,
pairwise_similarity,2104,2104,,,,0.785714285714,,,,,,,,,
pairwise_similarity,2104,2104,,,,0.357142857143,,,,,,,,,
pairwise_similarity,2104,2104,,,,0.714285714286,,,,,,,,,
pairwise_similarity,2104,2104,,,,0.571428571429,,,,,,,,,
pairwise_similarity,2104,2104,,,,0.642857142857,,,,,,,,,
pairwise_similarity,2104,2104,,,,0.714285714286,,,,,,,,,
pairwise_similarity,2104,2104,,,,0.571428571429,,,,,,,,,
pairwise_similarity,2104,2104,,,,0.642857142857,,,,,,,,,
pairwise_similarity,2104,2104,,,,0.785714285714,,,,,,,,,
pairwise_similarity,2104,2104,,,,0.5,,,,,,,,,
pairwise_similarity,2104,2104,,,,0.428571428571,,,,,,,,,
pairwise_similarity,2104,2104,,,,0.428571428571,,,,,,,,,
pairwise_similarity,2104,2104,,,,0.285714285714,,,,,,,,,
pairwise_similarity,2104,2104,,,,0.5,,,,,,,,,
pairwise_similarity,2104,2104,,,,0.5,,,,,,,,,
pairwise_similarity,2104,2104,,,,0.428571428571,,,,,,,,,
pairwise_similarity,2104,2104,,,,0.714285714286,,,,,,,,,
pairwise_similarity,2104,2104,,,,0.785714285714,,,,,,,,,
pairwise_similarity,2104,2104,,,,0.571428571429,,,,,,,,,
pairwise_similarity,2104,2104,,,,0.285714285714,,,,,,,,,
pairwise_similarity,2104,2104,,,,0.642857142857,,,,,,,,,
pairwise_similarity,2104,2104,,,,0.285714285714,,,,,,,,,
pairwise_similarity,2104,2104,,,,0.5,,,,,,,,,
pairwise_similarity,2104,2104,,,,0.642857142857,,,,,,,,,
pairwise_similarity,2104,2104,,,,0.642857142857,,,,,,,,,
pairwise_similarity,2104,2104,,,,0.357142857143,,,,,,,,,
pairwise_similarity,2104,2104,,,,0.5,,,,,,,,,
pairwise_similarity,2104,2104,,,,0.642857142857,,,,,,,,,
pairwise_similarity,2104,2104,,,,0.785714285714,,,,,,,,,
pairwise_similarity,2104,2104,,,,0.214285714286,,,,,,,,,
pairwise_similarity,2104,2104,,,,0.571428571429,,,,,,,,,
pairwise_similarity,2104,2104,,,,0.5,,,,,,,,,
pairwise_similarity,2104,2104,,,,0.5,,,,,,,,,
pairwise_similarity,2104,2104,,,,0.214285714286,,,,,,,,,
pairwise_similarity,2104,2104,,,,0.0714285714286,,,,,,,,,
pairwise_similarity,2104,2104,,,,0.785714285714,,,,,,,,,
pairwise_similarity,2104,2104,,,,0.642857142857,,,,,,,,,
pairwise_similarity,2104,2104,,,,0.357142857143,,,,,,,,,
pairwise_similarity,2104,2104,,,,-0.0714285714286,,,,,,,,,
pairwise_similarity,2104,2104,,,,0.5,,,,,,,,,
pairwise_similarity,2104,2104,,,,0.785714285714,,,,,,,,,
pairwise_similarity,2104,2104,,,,0.214285714286,,,,,,,,,
pairwise_similarity,2104,2104,,,,0.857142857143,,,,,,,,,
pairwise_similarity,2104,2104,,,,0.142857142857,,,,,,,,,
pairwise_similarity,2104,2104,,,,0.285714285714,,,,,,,,,
pairwise_similarity,2104,2104,,,,0,,,,,,,,,
pairwise_similarity,2104,2104,,,,0.5,,,,,,,,,
pairwise_similarity,2104,2104,,,,0.571428571429,,,,,,,,,
pairwise_similarity,2104,2104,,,,0.642857142857,,,,,,,,,
pairwise_similarity,2104,2104,,,,0.714285714286,,,,,,,,,
pairwise_similarity,2104,2104,,,,0.857142857143,,,,,,,,,
pairwise_similarity,2104,2104,,,,0.428571428571,,,,,,,,,
pairwise_similarity,2104,2104,,,,0.642857142857,,,,,,,,,
pairwise_similarity,2104,2104,,,,0.571428571429,,,,,,,,,
pairwise_similarity,2104,2104,,,,0.5,,,,,,,,,
pairwise_similarity,2104,2104,,,,0.357142857143,,,,,,,,,
pairwise_similarity,2104,2104,,,,0.642857142857,,,,,,,,,
pairwise_similarity,2104,2104,,,,0.642857142857,,,,,,,,,
pairwise_similarity,2104,2104,,,,0.428571428571,,,,,,,,,
pairwise_similarity,2104,2104,,,,0.571428571429,,,,,,,,,
pairwise_similarity,2104,2104,,,,0.571428571429,,,,,,,,,
pairwise_similarity,2104,2104,,,,0.142857142857,,,,,,,,,
pairwise_similarity,2104,2104,,,,0.428571428571,,,,,,,,,
pairwise_similarity,2104,2104,,,,0.428571428571,,,,,,,,,
pairwise_similarity,2104,2104,,,,0.428571428571,,,,,,,,,
pairwise_similarity,2104,2104,,,,0.571428571429,,,,,,,,,
pairwise_similarity,2104,2104,,,,0.428571428571,,,,,,,,,
pairwise_similarity,2104,2104,,,,0.5,,,,,,,,,
pairwise_similarity,2104,2104,,,,0.357142857143,,,,,,,,,
pairwise_similarity,2104,2104,,,,0.285714285714,,,,,,,,,
pairwise_similarity,2104,2104,,,,0.357142857143,,,,,,,,,
pairwise_similarity,2104,2104,,,,0.642857142857,,,,,,,,,
pairwise_similarity,2104,2104,,,,0.571428571429,,,,,,,,,
pairwise_similarity,2104,2104,,,,0.714285714286,,,,,,,,,
pairwise_similarity,2104,2104,,,,0.5,,,,,,,,,
pairwise_similarity,2104,2104,,,,0.214285714286,,,,,,,,,
pairwise_similarity,2104,2104,,,,0.214285714286,,,,,,,,,
pairwise_similarity,2104,2104,,,,0.714285714286,,,,,,,,,
pairwise_similarity,2104,2104,,,,0.857142857143,,,,,,,,,
pairwise_similarity,2104,2104,,,,0.642857142857,,,,,,,,,
pairwise_similarity,2104,2104,,,,0.785714285714,,,,,,,,,
pairwise_similarity,2104,2104,,,,0.714285714286,,,,,,,,,
pairwise_similarity,2104,2104,,,,0.928571428571,,,,,,,,,
pairwise_similarity,2104,2104,,,,0.5,,,,,,,,,
pairwise_similarity,2104,2104,,,,0.714285714286,,,,,,,,,
pairwise_similarity,2104,2104,,,,0.357142857143,,,,,,,,,
pairwise_similarity,2104,2104,,,,0.714285714286,,,,,,,,,
pairwise_similarity,2104,2104,,,,0.857142857143,,,,,,,,,
pairwise_similarity,2104,2104,,,,0.285714285714,,,,,,,,,
pairwise_similarity,2104,2104,,,,0.714285714286,,,,,,,,,
pairwise_similarity,2104,2104,,,,0.714285714286,,,,,,,,,
pairwise_similarity,2104,2104,,,,0.571428571429,,,,,,,,,
pairwise_similarity,2104,2104,,,,0.571428571429,,,,,,,,,
pairwise_similarity,2104,2104,,,,0.428571428571,,,,,,,,,
pairwise_similarity,2104,2104,,,,0.5,,,,,,,,,
pairwise_similarity,2104,2104,,,,0.714285714286,,,,,,,,,
pairwise_similarity,2104,2104,,,,0.285714285714,,,,,,,,,
pairwise_similarity,2104,2104,,,,0.571428571429,,,,,,,,,
pairwise_similarity,2104,2104,,,,0.571428571429,,,,,,,,,
pairwise_similarity,2104,2104,,,,0.571428571429,,,,,,,,,
pairwise_similarity,2104,2104,,,,0.571428571429,,,,,,,,,
pairwise_similarity,2104,2104,,,,0.857142857143,,,,,,,,,
pairwise_similarity,2104,2104,,,,0.285714285714,,,,,,,,,
pairwise_similarity,2104,2104,,,,0.714285714286,,,,,,,,,
pairwise_similarity,2104,2104,,,,0.571428571429,,,,,,,,,
pairwise_similarity,2104,2104,,,,0.285714285714,,,,,,,,,
pairwise_similarity,2104,2104,,,,0.642857142857,,,,,,,,,
pairwise_similarity,2104,2104,,,,0.5,,,,,,,,,
pairwise_similarity,2104,2104,,,,0.5,,,,,,,,,
pairwise_similarity,2104,2104,,,,0.357142857143,,,,,,,,,
pairwise_similarity,2104,2104,,,,0.857142857143,,,,,,,,,
pairwise_similarity,2104,2104,,,,0.5,,,,,,,,,
pairwise_similarity,2104,2104,,,,0.571428571429,,,,,,,,,
pairwise_similarity,2104,2104,,,,0.5,,,,,,,,,
pairwise_similarity,2104,2104,,,,0.642857142857,,,,,,,,,
pairwise_similarity,2104,2104,,,,0.785714285714,,,,,,,,,
pairwise_similarity,2104,2104,,,,0.571428571429,,,,,,,,,
pairwise_similarity,2104,2104,,,,0.642857142857,,,,,,,,,
pairwise_similarity,2104,2104,,,,0.857142857143,,,,,,,,,
pairwise_similarity,2104,2104,,,,0.714285714286,,,,,,,,,
pairwise_similarity,2104,2104,,,,0.571428571429,,,,,,,,,
pairwise_similarity,2104,2104,,,,0.428571428571,,,,,,,,,
pairwise_similarity,2104,2104,,,,0.785714285714,,,,,,,,,
pairwise_similarity,2104,2104,,,,0.357142857143,,,,,,,,,
pairwise_similarity,2104,2104,,,,0.785714285714,,,,,,,,,
pairwise_similarity,2104,2104,,,,0.357142857143,,,,,,,,,
pairwise_similarity,2104,2104,,,,0.785714285714,,,,,,,,,
pairwise_similarity,2104,2104,,,,0.785714285714,,,,,,,,,
pairwise_similarity,2104,2104,,,,0.642857142857,,,,,,,,,
pairwise_similarity,2104,2104,,,,0.642857142857,,,,,,,,,
pairwise_similarity,2104,2104,,,,0.214285714286,,,,,,,,,
pairwise_similarity,2104,2104,,,,0.714285714286,,,,,,,,,
pairwise_similarity,2104,2104,,,,0.428571428571,,,,,,,,,
pairwise_similarity,2104,2104,,,,0.785714285714,,,,,,,,,
pairwise_similarity,2104,2104,,,,0.714285714286,,,,,,,,,
pairwise_similarity,2104,2104,,,,0.428571428571,,,,,,,,,
pairwise_similarity,2104,2104,,,,0.5,,,,,,,,,
pairwise_similarity,2104,2104,,,,0.642857142857,,,,,,,,,
pairwise_similarity,2104,2104,,,,0.571428571429,,,,,,,,,
pairwise_similarity,2104,2104,,,,0.285714285714,,,,,,,,,
pairwise_similarity,2104,2104,,,,0.785714285714,,,,,,,,,
pairwise_similarity,2104,2104,,,,0.642857142857,,,,,,,,,
pairwise_similarity,2104,2104,,,,0.571428571429,,,,,,,,,
pairwise_similarity,2104,2104,,,,0.714285714286,,,,,,,,,
pairwise_similarity,2104,2104,,,,0.642857142857,,,,,,,,,
pairwise_similarity,2104,2104,,,,0.571428571429,,,,,,,,,
pairwise_similarity,2104,2104,,,,0.285714285714,,,,,,,,,
pairwise_similarity,2104,2104,,,,0.785714285714,,,,,,,,,
pairwise_similarity,2104,2104,,,,0.571428571429,,,,,,,,,
pairwise_similarity,2104,2104,,,,0.642857142857,,,,,,,,,
pairwise_similarity,2104,2104,,,,0.642857142857,,,,,,,,,
pairwise_similarity,2104,2104,,,,0.214285714286,,,,,,,,,
pairwise_similarity,2104,2104,,,,0.785714285714,,,,,,,,,
pairwise_similarity,2104,2104,,,,0.642857142857,,,,,,,,,
pairwise_similarity,2104,2104,,,,0.5,,,,,,,,,
pairwise_similarity,2104,2104,,,,0.5,,,,,,,,,
pairwise_similarity,2104,2104,,,,0.642857142857,,,,,,,,,
pairwise_similarity,2104,2104,,,,0.857142857143,,,,,,,,,
pairwise_similarity,2104,2104,,,,0.642857142857,,,,,,,,,
pairwise_similarity,2104,2104,,,,0.357142857143,,,,,,,,,
pairwise_similarity,2104,2104,,,,0.785714285714,,,,,,,,,
pairwise_similarity,2104,2104,,,,0.5,,,,,,,,,
pairwise_similarity,2104,2104,,,,0.5,,,,,,,,,
pairwise_similarity,2104,2104,,,,0.642857142857,,,,,,,,,
pairwise_similarity,2104,2104,,,,0.642857142857,,,,,,,,,
pairwise_similarity,2104,2104,,,,0.357142857143,,,,,,,,,
pairwise_similarity,2104,2104,,,,0.785714285714,,,,,,,,,
pairwise_similarity,2104,2104,,,,0.642857142857,,,,,,,,,
pairwise_similarity,2104,2104,,,,0.642857142857,,,,,,,,,
pairwise_similarity,2104,2104,,,,0.571428571429,,,,,,,,,
pairwise_similarity,2104,2104,,,,0.428571428571,,,,,,,,,
pairwise_similarity,2104,2104,,,,0.714285714286,,,,,,,,,
pairwise_similarity,2104,2104,,,,0.428571428571,,,,,,,,,
pairwise_similarity,2104,2104,,,,0.642857142857,,,,,,,,,
pairwise_similarity,2104,2104,,,,0.428571428571,,,,,,,,,
pairwise_similarity,2104,2104,,,,0.642857142857,,,,,,,,,
pairwise_similarity,2104,2104,,,,0.428571428571,,,,,,,,,
pairwise_similarity,2104,2104,,,,0.571428571429,,,,,,,,,
pairwise_similarity,2104,2104,,,,0.571428571429,,,,,,,,,
pairwise_similarity,2104,2104,,,,0.5,,,,,,,,,
pairwise_similarity,2104,2104,,,,0.571428571429,,,,,,,,,
pairwise_similarity,2104,2104,,,,0.642857142857,,,,,,,,,
pairwise_similarity,2104,2104,,,,0.642857142857,,,,,,,,,
pairwise_similarity,2104,2104,,,,0.5,,,,,,,,,
pairwise_similarity,2104,2104,,,,0.357142857143,,,,,,,,,
pairwise_similarity,2104,2104,,,,0.714285714286,,,,,,,,,
pairwise_similarity,2104,2104,,,,0.285714285714,,,,,,,,,
pairwise_similarity,2104,2104,,,,0.571428571429,,,,,,,,,
pairwise_similarity,2104,2104,,,,0.571428571429,,,,,,,,,
pairwise_similarity,2104,2104,,,,0.571428571429,,,,,,,,,
pairwise_similarity,2104,2104,,,,0.571428571429,,,,,,,,,
pairwise_similarity,2104,2104,,,,0.857142857143,,,,,,,,,
pairwise_similarity,2104,2104,,,,0.857142857143,,,,,,,,,
pairwise_similarity,2104,2104,,,,0.285714285714,,,,,,,,,
pairwise_similarity,2104,2104,,,,0.642857142857,,,,,,,,,
pairwise_similarity,2104,2104,,,,0.642857142857,,,,,,,,,
pairwise_similarity,2104,2104,,,,0.714285714286,,,,,,,,,
pairwise_similarity,2104,2104,,,,0.5,,,,,,,,,
pairwise_similarity,2104,2104,,,,0.357142857143,,,,,,,,,
pairwise_similarity,2104,2104,,,,0.714285714286,,,,,,,,,
pairwise_similarity,2104,2104,,,,0.428571428571,,,,,,,,,
pairwise_similarity,2104,2104,,,,0.285714285714,,,,,,,,,
pairwise_similarity,2104,2104,,,,0.357142857143,,,,,,,,,
pairwise_similarity,2104,2104,,,,0.214285714286,,,,,,,,,
pairwise_similarity,2104,2104,,,,0.142857142857,,,,,,,,,
pairwise_similarity,2104,2104,,,,0.428571428571,,,,,,,,,
pairwise_similarity,2104,2104,,,,0.5,,,,,,,,,
pairwise_similarity,2104,2104,,,,0.285714285714,,,,,,,,,
pairwise_similarity,2104,2104,,,,0.428571428571,,,,,,,,,
pairwise_similarity,2104,2104,,,,0.5,,,,,,,,,
pairwise_similarity,2104,2104,,,,0.428571428571,,,,,,,,,
pairwise_similarity,2104,2104,,,,0.214285714286,,,,,,,,,
pairwise_similarity,2104,2104,,,,0.357142857143,,,,,,,,,
pairwise_similarity,2104,2104,,,,0.357142857143,,,,,,,,,
pairwise_similarity,2104,2104,,,,0.357142857143,,,,,,,,,
pairwise_similarity,2104,2104,,,,0.357142857143,,,,,,,,,
pairwise_similarity,2104,2104,,,,0.5,,,,,,,,,
pairwise_similarity,2104,2104,,,,0.5,,,,,,,,,
pairwise_similarity,2104,2104,,,,0.5,,,,,,,,,
pairwise_similarity,2104,2104,,,,0.571428571429,,,,,,,,,
pairwise_similarity,2104,2104,,,,0.214285714286,,,,,,,,,
pairwise_similarity,2104,2104,,,,0.214285714286,,,,,,,,,
pairwise_similarity,2104,2104,,,,0.357142857143,,,,,,,,,
pairwise_similarity,2104,2104,,,,0.214285714286,,,,,,,,,
pairwise_similarity,2104,2104,,,,0.5,,,,,,,,,
pairwise_similarity,2104,2104,,,,0.642857142857,,,,,,,,,
pairwise_similarity,2104,2104,,,,0.214285714286,,,,,,,,,
pairwise_similarity,2104,2104,,,,0.214285714286,,,,,,,,,
pairwise_similarity,2104,2104,,,,0.357142857143,,,,,,,,,
pairwise_similarity,2104,2104,,,,0.5,,,,,,,,,
pairwise_similarity,2104,2104,,,,0.5,,,,,,,,,
pairwise_similarity,2104,2104,,,,0.571428571429,,,,,,,,,
pairwise_similarity,2104,2104,,,,0.142857142857,,,,,,,,,
pairwise_similarity,2104,2104,,,,0.428571428571,,,,,,,,,
pairwise_similarity,2104,2104,,,,0.142857142857,,,,,,,,,
pairwise_similarity,2104,2104,,,,0.214285714286,,,,,,,,,
pairwise_similarity,2104,2104,,,,0.571428571429,,,,,,,,,
pairwise_similarity,2104,2104,,,,0.357142857143,,,,,,,,,
pairwise_similarity,2104,2104,,,,0.285714285714,,,,,,,,,
pairwise_similarity,2104,2104,,,,0.428571428571,,,,,,,,,
pairwise_similarity,2104,2104,,,,0.285714285714,,,,,,,,,
pairwise_similarity,2104,2104,,,,0.357142857143,,,,,,,,,
pairwise_similarity,2104,2104,,,,0.285714285714,,,,,,,,,
pairwise_similarity,2104,2104,,,,0.357142857143,,,,,,,,,
pairwise_similarity,2104,2104,,,,0.214285714286,,,,,,,,,
pairwise_similarity,2104,2104,,,,0.642857142857,,,,,,,,,
pairwise_similarity,2104,2104,,,,0.357142857143,,,,,,,,,
pairwise_similarity,2104,2104,,,,0.428571428571,,,,,,,,,
pairwise_similarity,2104,2104,,,,0.428571428571,,,,,,,,,
pairwise_similarity,2104,2104,,,,0.428571428571,,,,,,,,,
pairwise_similarity,2104,2104,,,,0.428571428571,,,,,,,,,
pairwise_similarity,2104,2104,,,,0.285714285714,,,,,,,,,
pairwise_similarity,2104,2104,,,,0.142857142857,,,,,,,,,
pairwise_similarity,2104,2104,,,,0.428571428571,,,,,,,,,
pairwise_similarity,2104,2104,,,,0.428571428571,,,,,,,,,
pairwise_similarity,2104,2104,,,,0.285714285714,,,,,,,,,
pairwise_similarity,2104,2104,,,,0.5,,,,,,,,,
pairwise_similarity,2104,2104,,,,0.642857142857,,,,,,,,,
pairwise_similarity,2104,2104,,,,0.285714285714,,,,,,,,,
pairwise_similarity,2104,2104,,,,0.0714285714286,,,,,,,,,
pairwise_similarity,2104,2104,,,,0.357142857143,,,,,,,,,
pairwise_similarity,2104,2104,,,,0.428571428571,,,,,,,,,
pairwise_similarity,2104,2104,,,,0.571428571429,,,,,,,,,
pairwise_similarity,2104,2104,,,,0.357142857143,,,,,,,,,
pairwise_similarity,2104,2104,,,,0.357142857143,,,,,,,,,
pairwise_similarity,2104,2104,,,,0.428571428571,,,,,,,,,
pairwise_similarity,2104,2104,,,,0.428571428571,,,,,,,,,
pairwise_similarity,2104,2104,,,,0.5,,,,,,,,,
pairwise_similarity,2104,2104,,,,0.285714285714,,,,,,,,,
pairwise_similarity,2104,2104,,,,0.428571428571,,,,,,,,,
pairwise_similarity,2104,2104,,,,0.357142857143,,,,,,,,,
pairwise_similarity,2104,2104,,,,0.714285714286,,,,,,,,,
pairwise_similarity,2104,2104,,,,0.357142857143,,,,,,,,,
pairwise_similarity,2104,2104,,,,0.357142857143,,,,,,,,,
pairwise_similarity,2104,2104,,,,0.0714285714286,,,,,,,,,
pairwise_similarity,2104,2104,,,,0.214285714286,,,,,,,,,
pairwise_similarity,2104,2104,,,,0.5,,,,,,,,,
pairwise_similarity,2104,2104,,,,0.357142857143,,,,,,,,,
pairwise_similarity,2104,2104,,,,0.357142857143,,,,,,,,,
pairwise_similarity,2104,2104,,,,0.5,,,,,,,,,
pairwise_similarity,2104,2104,,,,0.428571428571,,,,,,,,,
pairwise_similarity,2104,2104,,,,0.357142857143,,,,,,,,,
pairwise_similarity,2104,2104,,,,0.357142857143,,,,,,,,,
pairwise_similarity,2104,2104,,,,0.0714285714286,,,,,,,,,
pairwise_similarity,2104,2104,,,,0.214285714286,,,,,,,,,
pairwise_similarity,2104,2104,,,,0.357142857143,,,,,,,,,
pairwise_similarity,2104,2104,,,,0.5,,,,,,,,,
pairwise_similarity,2104,2104,,,,0.214285714286,,,,,,,,,
pairwise_similarity,2104,2104,,,,0.357142857143,,,,,,,,,
pairwise_similarity,2104,2104,,,,0.357142857143,,,,,,,,,
pairwise_similarity,2104,2104,,,,0.357142857143,,,,,,,,,
pairwise_similarity,2104,2104,,,,0.642857142857,,,,,,,,,
pairwise_similarity,2104,2104,,,,0.428571428571,,,,,,,,,
pairwise_similarity,2104,2104,,,,0.428571428571,,,,,,,,,
pairwise_similarity,2104,2104,,,,0.285714285714,,,,,,,,,
pairwise_similarity,2104,2104,,,,0.142857142857,,,,,,,,,
pairwise_similarity,2104,2104,,,,0.357142857143,,,,,,,,,
pairwise_similarity,2104,2104,,,,0.714285714286,,,,,,,,,
pairwise_similarity,2104,2104,,,,0.5,,,,,,,,,
pairwise_similarity,2104,2104,,,,0.428571428571,,,,,,,,,
pairwise_similarity,2104,2104,,,,0.428571428571,,,,,,,,,
pairwise_similarity,2104,2104,,,,0.142857142857,,,,,,,,,
pairwise_similarity,2104,2104,,,,0.357142857143,,,,,,,,,
pairwise_similarity,2104,2104,,,,0.285714285714,,,,,,,,,
pairwise_similarity,2104,2104,,,,0.214285714286,,,,,,,,,
pairwise_similarity,2104,2104,,,,0.214285714286,,,,,,,,,
pairwise_similarity,2104,2104,,,,0.642857142857,,,,,,,,,
pairwise_similarity,2104,2104,,,,0.0714285714286,,,,,,,,,
pairwise_similarity,2104,2104,,,,0.142857142857,,,,,,,,,
pairwise_similarity,2104,2104,,,,0.285714285714,,,,,,,,,
pairwise_similarity,2104,2104,,,,0.285714285714,,,,,,,,,
pairwise_similarity,2104,2104,,,,-0.142857142857,,,,,,,,,
pairwise_similarity,2104,2104,,,,0.428571428571,,,,,,,,,
pairwise_similarity,2104,2104,,,,0.285714285714,,,,,,,,,
pairwise_similarity,2104,2104,,,,0.285714285714,,,,,,,,,
pairwise_similarity,2104,2104,,,,0.428571428571,,,,,,,,,
pairwise_similarity,2104,2104,,,,0.714285714286,,,,,,,,,
pairwise_similarity,2104,2104,,,,0.214285714286,,,,,,,,,
pairwise_similarity,2104,2104,,,,0.5,,,,,,,,,
pairwise_similarity,2104,2104,,,,0.142857142857,,,,,,,,,
pairwise_similarity,2104,2104,,,,0.214285714286,,,,,,,,,
pairwise_similarity,2104,2104,,,,0.357142857143,,,,,,,,,
pairwise_similarity,2104,2104,,,,0.428571428571,,,,,,,,,
pairwise_similarity,2104,2104,,,,0.285714285714,,,,,,,,,
pairwise_similarity,2104,2104,,,,0.857142857143,,,,,,,,,
pairwise_similarity,2104,2104,,,,0.642857142857,,,,,,,,,
pairwise_similarity,2104,2104,,,,0.785714285714,,,,,,,,,
pairwise_similarity,2104,2104,,,,0.714285714286,,,,,,,,,
pairwise_similarity,2104,2104,,,,0.785714285714,,,,,,,,,
pairwise_similarity,2104,2104,,,,0.357142857143,,,,,,,,,
pairwise_similarity,2104,2104,,,,0.857142857143,,,,,,,,,
pairwise_similarity,2104,2104,,,,0.642857142857,,,,,,,,,
pairwise_similarity,2104,2104,,,,0.857142857143,,,,,,,,,
pairwise_similarity,2104,2104,,,,0.714285714286,,,,,,,,,
pairwise_similarity,2104,2104,,,,0.285714285714,,,,,,,,,
pairwise_similarity,2104,2104,,,,0.857142857143,,,,,,,,,
pairwise_similarity,2104,2104,,,,0.714285714286,,,,,,,,,
pairwise_similarity,2104,2104,,,,0.571428571429,,,,,,,,,
pairwise_similarity,2104,2104,,,,0.571428571429,,,,,,,,,
pairwise_similarity,2104,2104,,,,0.571428571429,,,,,,,,,
pairwise_similarity,2104,2104,,,,0.785714285714,,,,,,,,,
pairwise_similarity,2104,2104,,,,0.857142857143,,,,,,,,,
pairwise_similarity,2104,2104,,,,0.428571428571,,,,,,,,,
pairwise_similarity,2104,2104,,,,0.714285714286,,,,,,,,,
pairwise_similarity,2104,2104,,,,0.571428571429,,,,,,,,,
pairwise_similarity,2104,2104,,,,0.571428571429,,,,,,,,,
pairwise_similarity,2104,2104,,,,0.714285714286,,,,,,,,,
pairwise_similarity,2104,2104,,,,0.714285714286,,,,,,,,,
pairwise_similarity,2104,2104,,,,0.428571428571,,,,,,,,,
pairwise_similarity,2104,2104,,,,1,,,,,,,,,
pairwise_similarity,2104,2104,,,,0.714285714286,,,,,,,,,
pairwise_similarity,2104,2104,,,,0.571428571429,,,,,,,,,
pairwise_similarity,2104,2104,,,,0.642857142857,,,,,,,,,
pairwise_similarity,2104,2104,,,,0.5,,,,,,,,,
pairwise_similarity,2104,2104,,,,0.785714285714,,,,,,,,,
pairwise_similarity,2104,2104,,,,0.5,,,,,,,,,
pairwise_similarity,2104,2104,,,,0.857142857143,,,,,,,,,
pairwise_similarity,2104,2104,,,,0.5,,,,,,,,,
pairwise_similarity,2104,2104,,,,0.714285714286,,,,,,,,,
pairwise_similarity,2104,2104,,,,0.5,,,,,,,,,
pairwise_similarity,2104,2104,,,,0.642857142857,,,,,,,,,
pairwise_similarity,2104,2104,,,,0.785714285714,,,,,,,,,
pairwise_similarity,2104,2104,,,,0.571428571429,,,,,,,,,
pairwise_similarity,2104,2104,,,,0.642857142857,,,,,,,,,
pairwise_similarity,2104,2104,,,,0.857142857143,,,,,,,,,
pairwise_similarity,2104,2104,,,,0.857142857143,,,,,,,,,
pairwise_similarity,2104,2104,,,,0.571428571429,,,,,,,,,
pairwise_similarity,2104,2104,,,,0.428571428571,,,,,,,,,
pairwise_similarity,2104,2104,,,,0.785714285714,,,,,,,,,
pairwise_similarity,2104,2104,,,,0.357142857143,,,,,,,,,
pairwise_similarity,2104,2104,,,,0.642857142857,,,,,,,,,
pairwise_similarity,2104,2104,,,,0.357142857143,,,,,,,,,
pairwise_similarity,2104,2104,,,,0.785714285714,,,,,,,,,
pairwise_similarity,2104,2104,,,,0.785714285714,,,,,,,,,
pairwise_similarity,2104,2104,,,,0.928571428571,,,,,,,,,
pairwise_similarity,2104,2104,,,,0.928571428571,,,,,,,,,
pairwise_similarity,2104,2104,,,,0.357142857143,,,,,,,,,
pairwise_similarity,2104,2104,,,,0.714285714286,,,,,,,,,
pairwise_similarity,2104,2104,,,,0.571428571429,,,,,,,,,
pairwise_similarity,2104,2104,,,,0.785714285714,,,,,,,,,
pairwise_similarity,2104,2104,,,,0.714285714286,,,,,,,,,
pairwise_similarity,2104,2104,,,,0.428571428571,,,,,,,,,
pairwise_similarity,2104,2104,,,,0.785714285714,,,,,,,,,
pairwise_similarity,2104,2104,,,,0.5,,,,,,,,,
pairwise_similarity,2104,2104,,,,0.785714285714,,,,,,,,,
pairwise_similarity,2104,2104,,,,0.785714285714,,,,,,,,,
pairwise_similarity,2104,2104,,,,0.714285714286,,,,,,,,,
pairwise_similarity,2104,2104,,,,0.785714285714,,,,,,,,,
pairwise_similarity,2104,2104,,,,0.357142857143,,,,,,,,,
pairwise_similarity,2104,2104,,,,0.714285714286,,,,,,,,,
pairwise_similarity,2104,2104,,,,0.5,,,,,,,,,
pairwise_similarity,2104,2104,,,,0.857142857143,,,,,,,,,
pairwise_similarity,2104,2104,,,,0.857142857143,,,,,,,,,
pairwise_similarity,2104,2104,,,,0.285714285714,,,,,,,,,
pairwise_similarity,2104,2104,,,,0.857142857143,,,,,,,,,
pairwise_similarity,2104,2104,,,,0.857142857143,,,,,,,,,
pairwise_similarity,2104,2104,,,,0.571428571429,,,,,,,,,
pairwise_similarity,2104,2104,,,,0.571428571429,,,,,,,,,
pairwise_similarity,2104,2104,,,,0.571428571429,,,,,,,,,
pairwise_similarity,2104,2104,,,,0.642857142857,,,,,,,,,
pairwise_similarity,2104,2104,,,,0.857142857143,,,,,,,,,
pairwise_similarity,2104,2104,,,,0.428571428571,,,,,,,,,
pairwise_similarity,2104,2104,,,,0.714285714286,,,,,,,,,
pairwise_similarity,2104,2104,,,,0.571428571429,,,,,,,,,
pairwise_similarity,2104,2104,,,,0.571428571429,,,,,,,,,
pairwise_similarity,2104,2104,,,,0.571428571429,,,,,,,,,
pairwise_similarity,2104,2104,,,,0.857142857143,,,,,,,,,
pairwise_similarity,2104,2104,,,,0.428571428571,,,,,,,,,
pairwise_similarity,2104,2104,,,,0.857142857143,,,,,,,,,
pairwise_similarity,2104,2104,,,,0.571428571429,,,,,,,,,
pairwise_similarity,2104,2104,,,,0.428571428571,,,,,,,,,
pairwise_similarity,2104,2104,,,,0.642857142857,,,,,,,,,
pairwise_similarity,2104,2104,,,,0.642857142857,,,,,,,,,
pairwise_similarity,2104,2104,,,,0.642857142857,,,,,,,,,
pairwise_similarity,2104,2104,,,,0.357142857143,,,,,,,,,
pairwise_similarity,2104,2104,,,,1,,,,,,,,,
pairwise_similarity,2104,2104,,,,0.5,,,,,,,,,
pairwise_similarity,2104,2104,,,,0.714285714286,,,,,,,,,
pairwise_similarity,2104,2104,,,,0.5,,,,,,,,,
pairwise_similarity,2104,2104,,,,0.642857142857,,,,,,,,,
pairwise_similarity,2104,2104,,,,0.642857142857,,,,,,,,,
pairwise_similarity,2104,2104,,,,0.714285714286,,,,,,,,,
pairwise_similarity,2104,2104,,,,0.785714285714,,,,,,,,,
pairwise_similarity,2104,2104,,,,0.714285714286,,,,,,,,,
pairwise_similarity,2104,2104,,,,0.714285714286,,,,,,,,,
pairwise_similarity,2104,2104,,,,0.571428571429,,,,,,,,,
pairwise_similarity,2104,2104,,,,0.285714285714,,,,,,,,,
pairwise_similarity,2104,2104,,,,0.642857142857,,,,,,,,,
pairwise_similarity,2104,2104,,,,0.357142857143,,,,,,,,,
pairwise_similarity,2104,2104,,,,0.785714285714,,,,,,,,,
pairwise_similarity,2104,2104,,,,0.357142857143,,,,,,,,,
pairwise_similarity,2104,2104,,,,0.785714285714,,,,,,,,,
pairwise_similarity,2104,2104,,,,0.928571428571,,,,,,,,,
pairwise_similarity,2104,2104,,,,0.785714285714,,,,,,,,,
pairwise_similarity,2104,2104,,,,0.785714285714,,,,,,,,,
pairwise_similarity,2104,2104,,,,0.357142857143,,,,,,,,,
pairwise_similarity,2104,2104,,,,0.571428571429,,,,,,,,,
pairwise_similarity,2104,2104,,,,0.428571428571,,,,,,,,,
pairwise_similarity,2104,2104,,,,0.785714285714,,,,,,,,,
pairwise_similarity,2104,2104,,,,0.857142857143,,,,,,,,,
pairwise_similarity,2104,2104,,,,0.428571428571,,,,,,,,,
pairwise_similarity,2104,2104,,,,0.642857142857,,,,,,,,,
pairwise_similarity,2104,2104,,,,0.642857142857,,,,,,,,,
pairwise_similarity,2104,2104,,,,0.714285714286,,,,,,,,,
pairwise_similarity,2104,2104,,,,0.642857142857,,,,,,,,,
pairwise_similarity,2104,2104,,,,0.571428571429,,,,,,,,,
pairwise_similarity,2104,2104,,,,0.285714285714,,,,,,,,,
pairwise_similarity,2104,2104,,,,0.642857142857,,,,,,,,,
pairwise_similarity,2104,2104,,,,0.571428571429,,,,,,,,,
pairwise_similarity,2104,2104,,,,0.785714285714,,,,,,,,,
pairwise_similarity,2104,2104,,,,0.785714285714,,,,,,,,,
pairwise_similarity,2104,2104,,,,0.357142857143,,,,,,,,,
pairwise_similarity,2104,2104,,,,0.642857142857,,,,,,,,,
pairwise_similarity,2104,2104,,,,0.785714285714,,,,,,,,,
pairwise_similarity,2104,2104,,,,0.642857142857,,,,,,,,,
pairwise_similarity,2104,2104,,,,0.5,,,,,,,,,
pairwise_similarity,2104,2104,,,,0.642857142857,,,,,,,,,
pairwise_similarity,2104,2104,,,,0.571428571429,,,,,,,,,
pairwise_similarity,2104,2104,,,,0.785714285714,,,,,,,,,
pairwise_similarity,2104,2104,,,,0.5,,,,,,,,,
pairwise_similarity,2104,2104,,,,0.5,,,,,,,,,
pairwise_similarity,2104,2104,,,,0.357142857143,,,,,,,,,
pairwise_similarity,2104,2104,,,,0.5,,,,,,,,,
pairwise_similarity,2104,2104,,,,0.5,,,,,,,,,
pairwise_similarity,2104,2104,,,,0.642857142857,,,,,,,,,
pairwise_similarity,2104,2104,,,,0.5,,,,,,,,,
pairwise_similarity,2104,2104,,,,0.642857142857,,,,,,,,,
pairwise_similarity,2104,2104,,,,0.5,,,,,,,,,
pairwise_similarity,2104,2104,,,,0.5,,,,,,,,,
pairwise_similarity,2104,2104,,,,0.571428571429,,,,,,,,,
pairwise_similarity,2104,2104,,,,0.571428571429,,,,,,,,,
pairwise_similarity,2104,2104,,,,0.428571428571,,,,,,,,,
pairwise_similarity,2104,2104,,,,0.142857142857,,,,,,,,,
pairwise_similarity,2104,2104,,,,0.785714285714,,,,,,,,,
pairwise_similarity,2104,2104,,,,0.571428571429,,,,,,,,,
pairwise_similarity,2104,2104,,,,0.785714285714,,,,,,,,,
pairwise_similarity,2104,2104,,,,0.428571428571,,,,,,,,,
pairwise_similarity,2104,2104,,,,0.571428571429,,,,,,,,,
pairwise_similarity,2104,2104,,,,0.428571428571,,,,,,,,,
pairwise_similarity,2104,2104,,,,0.642857142857,,,,,,,,,
pairwise_similarity,2104,2104,,,,0.714285714286,,,,,,,,,
pairwise_similarity,2104,2104,,,,0.5,,,,,,,,,
pairwise_similarity,2104,2104,,,,0.5,,,,,,,,,
pairwise_similarity,2104,2104,,,,0.5,,,,,,,,,
pairwise_similarity,2104,2104,,,,0.214285714286,,,,,,,,,
pairwise_similarity,2104,2104,,,,0.428571428571,,,,,,,,,
pairwise_similarity,2104,2104,,,,0.428571428571,,,,,,,,,
pairwise_similarity,2104,2104,,,,0.714285714286,,,,,,,,,
pairwise_similarity,2104,2104,,,,0.428571428571,,,,,,,,,
pairwise_similarity,2104,2104,,,,0.571428571429,,,,,,,,,
pairwise_similarity,2104,2104,,,,0.714285714286,,,,,,,,,
pairwise_similarity,2104,2104,,,,0.571428571429,,,,,,,,,
pairwise_similarity,2104,2104,,,,0.714285714286,,,,,,,,,
pairwise_similarity,2104,2104,,,,0.571428571429,,,,,,,,,
pairwise_similarity,2104,2104,,,,0.5,,,,,,,,,
pairwise_similarity,2104,2104,,,,0.5,,,,,,,,,
pairwise_similarity,2104,2104,,,,0.571428571429,,,,,,,,,
pairwise_similarity,2104,2104,,,,0.785714285714,,,,,,,,,
pairwise_similarity,2104,2104,,,,0.357142857143,,,,,,,,,
pairwise_similarity,2104,2104,,,,0.714285714286,,,,,,,,,
pairwise_similarity,2104,2104,,,,0.571428571429,,,,,,,,,
pairwise_similarity,2104,2104,,,,0.928571428571,,,,,,,,,
pairwise_similarity,2104,2104,,,,0.857142857143,,,,,,,,,
pairwise_similarity,2104,2104,,,,0.571428571429,,,,,,,,,
pairwise_similarity,2104,2104,,,,0.928571428571,,,,,,,,,
pairwise_similarity,2104,2104,,,,0.571428571429,,,,,,,,,
pairwise_similarity,2104,2104,,,,0.785714285714,,,,,,,,,
pairwise_similarity,2104,2104,,,,0.928571428571,,,,,,,,,
pairwise_similarity,2104,2104,,,,0.5,,,,,,,,,
pairwise_similarity,2104,2104,,,,0.642857142857,,,,,,,,,
pairwise_similarity,2104,2104,,,,0.785714285714,,,,,,,,,
pairwise_similarity,2104,2104,,,,0.785714285714,,,,,,,,,
pairwise_similarity,2104,2104,,,,0.785714285714,,,,,,,,,
pairwise_similarity,2104,2104,,,,0.5,,,,,,,,,
pairwise_similarity,2104,2104,,,,0.714285714286,,,,,,,,,
pairwise_similarity,2104,2104,,,,0.785714285714,,,,,,,,,
pairwise_similarity,2104,2104,,,,0.5,,,,,,,,,
pairwise_similarity,2104,2104,,,,0.5,,,,,,,,,
pairwise_similarity,2104,2104,,,,0.357142857143,,,,,,,,,
pairwise_similarity,2104,2104,,,,0.785714285714,,,,,,,,,
pairwise_similarity,2104,2104,,,,0.785714285714,,,,,,,,,
pairwise_similarity,2104,2104,,,,0.642857142857,,,,,,,,,
pairwise_similarity,2104,2104,,,,0.214285714286,,,,,,,,,
pairwise_similarity,2104,2104,,,,0.785714285714,,,,,,,,,
pairwise_similarity,2104,2104,,,,0.785714285714,,,,,,,,,
pairwise_similarity,2104,2104,,,,0.5,,,,,,,,,
pairwise_similarity,2104,2104,,,,0.857142857143,,,,,,,,,
pairwise_similarity,2104,2104,,,,0.428571428571,,,,,,,,,
pairwise_similarity,2104,2104,,,,0.571428571429,,,,,,,,,
pairwise_similarity,2104,2104,,,,0.285714285714,,,,,,,,,
pairwise_similarity,2104,2104,,,,0.785714285714,,,,,,,,,
pairwise_similarity,2104,2104,,,,0.714285714286,,,,,,,,,
pairwise_similarity,2104,2104,,,,0.785714285714,,,,,,,,,
pairwise_similarity,2104,2104,,,,0.714285714286,,,,,,,,,
pairwise_similarity,2104,2104,,,,0.857142857143,,,,,,,,,
pairwise_similarity,2104,2104,,,,0.714285714286,,,,,,,,,
pairwise_similarity,2104,2104,,,,0.642857142857,,,,,,,,,
pairwise_similarity,2104,2104,,,,0.714285714286,,,,,,,,,
pairwise_similarity,2104,2104,,,,0.785714285714,,,,,,,,,
pairwise_similarity,2104,2104,,,,0.642857142857,,,,,,,,,
pairwise_similarity,2104,2104,,,,0.785714285714,,,,,,,,,
pairwise_similarity,2104,2104,,,,0.5,,,,,,,,,
pairwise_similarity,2104,2104,,,,0.714285714286,,,,,,,,,
pairwise_similarity,2104,2104,,,,0.571428571429,,,,,,,,,
pairwise_similarity,2104,2104,,,,0.857142857143,,,,,,,,,
pairwise_similarity,2104,2104,,,,0.428571428571,,,,,,,,,
pairwise_similarity,2104,2104,,,,0.714285714286,,,,,,,,,
pairwise_similarity,2104,2104,,,,0.714285714286,,,,,,,,,
pairwise_similarity,2104,2104,,,,0.714285714286,,,,,,,,,
pairwise_similarity,2104,2104,,,,0.857142857143,,,,,,,,,
pairwise_similarity,2104,2104,,,,0.428571428571,,,,,,,,,
pairwise_similarity,2104,2104,,,,0.785714285714,,,,,,,,,
pairwise_similarity,2104,2104,,,,0.642857142857,,,,,,,,,
pairwise_similarity,2104,2104,,,,0.571428571429,,,,,,,,,
pairwise_similarity,2104,2104,,,,0.642857142857,,,,,,,,,
pairwise_similarity,2104,2104,,,,0.642857142857,,,,,,,,,
pairwise_similarity,2104,2104,,,,0.714285714286,,,,,,,,,
pairwise_similarity,2104,2104,,,,0.714285714286,,,,,,,,,
pairwise_similarity,2104,2104,,,,0.785714285714,,,,,,,,,
pairwise_similarity,2104,2104,,,,0.5,,,,,,,,,
pairwise_similarity,2104,2104,,,,0.857142857143,,,,,,,,,
pairwise_similarity,2104,2104,,,,0.5,,,,,,,,,
pairwise_similarity,2104,2104,,,,0.714285714286,,,,,,,,,
pairwise_similarity,2104,2104,,,,0.857142857143,,,,,,,,,
pairwise_similarity,2104,2104,,,,0.571428571429,,,,,,,,,
pairwise_similarity,2104,2104,,,,0.571428571429,,,,,,,,,
pairwise_similarity,2104,2104,,,,0.714285714286,,,,,,,,,
pairwise_similarity,2104,2104,,,,0.857142857143,,,,,,,,,
pairwise_similarity,2104,2104,,,,0.857142857143,,,,,,,,,
pairwise_similarity,2104,2104,,,,0.428571428571,,,,,,,,,
pairwise_similarity,2104,2104,,,,0.785714285714,,,,,,,,,
pairwise_similarity,2104,2104,,,,0.714285714286,,,,,,,,,
pairwise_similarity,2104,2104,,,,0.571428571429,,,,,,,,,
pairwise_similarity,2104,2104,,,,0.428571428571,,,,,,,,,
pairwise_similarity,2104,2104,,,,0.285714285714,,,,,,,,,
pairwise_similarity,2104,2104,,,,0.857142857143,,,,,,,,,
pairwise_similarity,2104,2104,,,,0.857142857143,,,,,,,,,
pairwise_similarity,2104,2104,,,,0.571428571429,,,,,,,,,
pairwise_similarity,2104,2104,,,,0.142857142857,,,,,,,,,
pairwise_similarity,2104,2104,,,,0.714285714286,,,,,,,,,
pairwise_similarity,2104,2104,,,,0.857142857143,,,,,,,,,
pairwise_similarity,2104,2104,,,,0.428571428571,,,,,,,,,
pairwise_similarity,2104,2104,,,,0.928571428571,,,,,,,,,
pairwise_similarity,2104,2104,,,,0.357142857143,,,,,,,,,
pairwise_similarity,2104,2104,,,,0.5,,,,,,,,,
pairwise_similarity,2104,2104,,,,0.214285714286,,,,,,,,,
pairwise_similarity,2104,2104,,,,0.714285714286,,,,,,,,,
pairwise_similarity,2104,2104,,,,0.785714285714,,,,,,,,,
pairwise_similarity,2104,2104,,,,0.857142857143,,,,,,,,,
pairwise_similarity,2104,2104,,,,0.785714285714,,,,,,,,,
pairwise_similarity,2104,2104,,,,0.928571428571,,,,,,,,,
pairwise_similarity,2104,2104,,,,0.642857142857,,,,,,,,,
pairwise_similarity,2104,2104,,,,0.714285714286,,,,,,,,,
pairwise_similarity,2104,2104,,,,0.642857142857,,,,,,,,,
pairwise_similarity,2104,2104,,,,0.714285714286,,,,,,,,,
pairwise_similarity,2104,2104,,,,0.571428571429,,,,,,,,,
pairwise_similarity,2104,2104,,,,0.857142857143,,,,,,,,,
pairwise_similarity,2104,2104,,,,0.571428571429,,,,,,,,,
pairwise_similarity,2104,2104,,,,0.642857142857,,,,,,,,,
pairwise_similarity,2104,2104,,,,0.642857142857,,,,,,,,,
pairwise_similarity,2104,2104,,,,0.785714285714,,,,,,,,,
pairwise_similarity,2104,2104,,,,0.357142857143,,,,,,,,,
pairwise_similarity,2104,2104,,,,0.642857142857,,,,,,,,,
pairwise_similarity,2104,2104,,,,0.642857142857,,,,,,,,,
pairwise_similarity,2104,2104,,,,0.642857142857,,,,,,,,,
pairwise_similarity,2104,2104,,,,0.785714285714,,,,,,,,,
pairwise_similarity,2104,2104,,,,0.5,,,,,,,,,
pairwise_similarity,2104,2104,,,,0.714285714286,,,,,,,,,
pairwise_similarity,2104,2104,,,,0.571428571429,,,,,,,,,
pairwise_similarity,2104,2104,,,,0.5,,,,,,,,,
pairwise_similarity,2104,2104,,,,0.571428571429,,,,,,,,,
pairwise_similarity,2104,2104,,,,0.714285714286,,,,,,,,,
pairwise_similarity,2104,2104,,,,0.785714285714,,,,,,,,,
pairwise_similarity,2104,2104,,,,0.785714285714,,,,,,,,,
pairwise_similarity,2104,2104,,,,0.571428571429,,,,,,,,,
pairwise_similarity,2104,2104,,,,0.785714285714,,,,,,,,,
pairwise_similarity,2104,2104,,,,0.428571428571,,,,,,,,,
pairwise_similarity,2104,2104,,,,0.785714285714,,,,,,,,,
pairwise_similarity,2104,2104,,,,0.785714285714,,,,,,,,,
pairwise_similarity,2104,2104,,,,0.357142857143,,,,,,,,,
pairwise_similarity,2104,2104,,,,0.642857142857,,,,,,,,,
pairwise_similarity,2104,2104,,,,0.642857142857,,,,,,,,,
pairwise_similarity,2104,2104,,,,0.642857142857,,,,,,,,,
pairwise_similarity,2104,2104,,,,0.642857142857,,,,,,,,,
pairwise_similarity,2104,2104,,,,0.357142857143,,,,,,,,,
pairwise_similarity,2104,2104,,,,0.571428571429,,,,,,,,,
pairwise_similarity,2104,2104,,,,0.785714285714,,,,,,,,,
pairwise_similarity,2104,2104,,,,0.357142857143,,,,,,,,,
pairwise_similarity,2104,2104,,,,0.5,,,,,,,,,
pairwise_similarity,2104,2104,,,,0.5,,,,,,,,,
pairwise_similarity,2104,2104,,,,0.642857142857,,,,,,,,,
pairwise_similarity,2104,2104,,,,0.642857142857,,,,,,,,,
pairwise_similarity,2104,2104,,,,0.785714285714,,,,,,,,,
pairwise_similarity,2104,2104,,,,0.214285714286,,,,,,,,,
pairwise_similarity,2104,2104,,,,0.785714285714,,,,,,,,,
pairwise_similarity,2104,2104,,,,0.642857142857,,,,,,,,,
pairwise_similarity,2104,2104,,,,0.357142857143,,,,,,,,,
pairwise_similarity,2104,2104,,,,0.714285714286,,,,,,,,,
pairwise_similarity,2104,2104,,,,0.428571428571,,,,,,,,,
pairwise_similarity,2104,2104,,,,0.571428571429,,,,,,,,,
pairwise_similarity,2104,2104,,,,0.428571428571,,,,,,,,,
pairwise_similarity,2104,2104,,,,0.785714285714,,,,,,,,,
pairwise_similarity,2104,2104,,,,0.571428571429,,,,,,,,,
pairwise_similarity,2104,2104,,,,0.642857142857,,,,,,,,,
pairwise_similarity,2104,2104,,,,0.571428571429,,,,,,,,,
pairwise_similarity,2104,2104,,,,0.714285714286,,,,,,,,,
pairwise_similarity,2104,2104,,,,0.857142857143,,,,,,,,,
pairwise_similarity,2104,2104,,,,0.5,,,,,,,,,
pairwise_similarity,2104,2104,,,,0.571428571429,,,,,,,,,
pairwise_similarity,2104,2104,,,,0.928571428571,,,,,,,,,
pairwise_similarity,2104,2104,,,,0.785714285714,,,,,,,,,
pairwise_similarity,2104,2104,,,,0.642857142857,,,,,,,,,
pairwise_similarity,2104,2104,,,,0.5,,,,,,,,,
pairwise_similarity,2104,2104,,,,0.857142857143,,,,,,,,,
pairwise_similarity,2104,2104,,,,0.428571428571,,,,,,,,,
pairwise_similarity,2104,2104,,,,0.714285714286,,,,,,,,,
pairwise_similarity,2104,2104,,,,0.285714285714,,,,,,,,,
pairwise_similarity,2104,2104,,,,0.857142857143,,,,,,,,,
pairwise_similarity,2104,2104,,,,0.714285714286,,,,,,,,,
pairwise_similarity,2104,2104,,,,0.714285714286,,,,,,,,,
pairwise_similarity,2104,2104,,,,0.714285714286,,,,,,,,,
pairwise_similarity,2104,2104,,,,0.285714285714,,,,,,,,,
pairwise_similarity,2104,2104,,,,0.785714285714,,,,,,,,,
pairwise_similarity,2104,2104,,,,0.5,,,,,,,,,
pairwise_similarity,2104,2104,,,,0.714285714286,,,,,,,,,
pairwise_similarity,2104,2104,,,,0.642857142857,,,,,,,,,
pairwise_similarity,2104,2104,,,,0.5,,,,,,,,,
pairwise_similarity,2104,2104,,,,0.571428571429,,,,,,,,,
pairwise_similarity,2104,2104,,,,0.571428571429,,,,,,,,,
pairwise_similarity,2104,2104,,,,0.5,,,,,,,,,
pairwise_similarity,2104,2104,,,,0.571428571429,,,,,,,,,
pairwise_similarity,2104,2104,,,,0.357142857143,,,,,,,,,
pairwise_similarity,2104,2104,,,,0.5,,,,,,,,,
pairwise_similarity,2104,2104,,,,0.214285714286,,,,,,,,,
pairwise_similarity,2104,2104,,,,0.214285714286,,,,,,,,,
pairwise_similarity,2104,2104,,,,0.5,,,,,,,,,
pairwise_similarity,2104,2104,,,,0.5,,,,,,,,,
pairwise_similarity,2104,2104,,,,0.5,,,,,,,,,
pairwise_similarity,2104,2104,,,,0.357142857143,,,,,,,,,
pairwise_similarity,2104,2104,,,,0.285714285714,,,,,,,,,
pairwise_similarity,2104,2104,,,,0.357142857143,,,,,,,,,
pairwise_similarity,2104,2104,,,,0.214285714286,,,,,,,,,
pairwise_similarity,2104,2104,,,,0.0714285714286,,,,,,,,,
pairwise_similarity,2104,2104,,,,0.5,,,,,,,,,
pairwise_similarity,2104,2104,,,,0.5,,,,,,,,,
pairwise_similarity,2104,2104,,,,0.5,,,,,,,,,
pairwise_similarity,2104,2104,,,,0.357142857143,,,,,,,,,
pairwise_similarity,2104,2104,,,,0.357142857143,,,,,,,,,
pairwise_similarity,2104,2104,,,,0.357142857143,,,,,,,,,
pairwise_similarity,2104,2104,,,,0.357142857143,,,,,,,,,
pairwise_similarity,2104,2104,,,,0.5,,,,,,,,,
pairwise_similarity,2104,2104,,,,0.428571428571,,,,,,,,,
pairwise_similarity,2104,2104,,,,0.285714285714,,,,,,,,,
pairwise_similarity,2104,2104,,,,0.285714285714,,,,,,,,,
pairwise_similarity,2104,2104,,,,0.428571428571,,,,,,,,,
pairwise_similarity,2104,2104,,,,0.357142857143,,,,,,,,,
pairwise_similarity,2104,2104,,,,0.571428571429,,,,,,,,,
pairwise_similarity,2104,2104,,,,0.357142857143,,,,,,,,,
pairwise_similarity,2104,2104,,,,0.285714285714,,,,,,,,,
pairwise_similarity,2104,2104,,,,0.428571428571,,,,,,,,,
pairwise_similarity,2104,2104,,,,0.571428571429,,,,,,,,,
pairwise_similarity,2104,2104,,,,0.214285714286,,,,,,,,,
pairwise_similarity,2104,2104,,,,0.285714285714,,,,,,,,,
pairwise_similarity,2104,2104,,,,0.5,,,,,,,,,
pairwise_similarity,2104,2104,,,,0.5,,,,,,,,,
pairwise_similarity,2104,2104,,,,0.642857142857,,,,,,,,,
pairwise_similarity,2104,2104,,,,0.357142857143,,,,,,,,,
pairwise_similarity,2104,2104,,,,0.428571428571,,,,,,,,,
pairwise_similarity,2104,2104,,,,0.428571428571,,,,,,,,,
pairwise_similarity,2104,2104,,,,0.571428571429,,,,,,,,,
pairwise_similarity,2104,2104,,,,0.285714285714,,,,,,,,,
pairwise_similarity,2104,2104,,,,0.571428571429,,,,,,,,,
pairwise_similarity,2104,2104,,,,0.285714285714,,,,,,,,,
pairwise_similarity,2104,2104,,,,0.285714285714,,,,,,,,,
pairwise_similarity,2104,2104,,,,0.428571428571,,,,,,,,,
pairwise_similarity,2104,2104,,,,0.142857142857,,,,,,,,,
pairwise_similarity,2104,2104,,,,0.642857142857,,,,,,,,,
pairwise_similarity,2104,2104,,,,0.5,,,,,,,,,
pairwise_similarity,2104,2104,,,,0.285714285714,,,,,,,,,
pairwise_similarity,2104,2104,,,,0.214285714286,,,,,,,,,
pairwise_similarity,2104,2104,,,,0.357142857143,,,,,,,,,
pairwise_similarity,2104,2104,,,,0.285714285714,,,,,,,,,
pairwise_similarity,2104,2104,,,,0.428571428571,,,,,,,,,
pairwise_similarity,2104,2104,,,,0.642857142857,,,,,,,,,
pairwise_similarity,2104,2104,,,,0.714285714286,,,,,,,,,
pairwise_similarity,2104,2104,,,,0.857142857143,,,,,,,,,
pairwise_similarity,2104,2104,,,,0.428571428571,,,,,,,,,
pairwise_similarity,2104,2104,,,,0.714285714286,,,,,,,,,
pairwise_similarity,2104,2104,,,,0.714285714286,,,,,,,,,
pairwise_similarity,2104,2104,,,,0.714285714286,,,,,,,,,
pairwise_similarity,2104,2104,,,,0.714285714286,,,,,,,,,
pairwise_similarity,2104,2104,,,,0.571428571429,,,,,,,,,
pairwise_similarity,2104,2104,,,,0.785714285714,,,,,,,,,
pairwise_similarity,2104,2104,,,,0.714285714286,,,,,,,,,
pairwise_similarity,2104,2104,,,,0.428571428571,,,,,,,,,
pairwise_similarity,2104,2104,,,,0.571428571429,,,,,,,,,
pairwise_similarity,2104,2104,,,,0.428571428571,,,,,,,,,
pairwise_similarity,2104,2104,,,,0.714285714286,,,,,,,,,
pairwise_similarity,2104,2104,,,,0.857142857143,,,,,,,,,
pairwise_similarity,2104,2104,,,,0.571428571429,,,,,,,,,
pairwise_similarity,2104,2104,,,,0.285714285714,,,,,,,,,
pairwise_similarity,2104,2104,,,,0.857142857143,,,,,,,,,
pairwise_similarity,2104,2104,,,,0.857142857143,,,,,,,,,
pairwise_similarity,2104,2104,,,,0.571428571429,,,,,,,,,
pairwise_similarity,2104,2104,,,,0.785714285714,,,,,,,,,
pairwise_similarity,2104,2104,,,,0.357142857143,,,,,,,,,
pairwise_similarity,2104,2104,,,,0.642857142857,,,,,,,,,
pairwise_similarity,2104,2104,,,,0.357142857143,,,,,,,,,
pairwise_similarity,2104,2104,,,,0.714285714286,,,,,,,,,
pairwise_similarity,2104,2104,,,,0.642857142857,,,,,,,,,
pairwise_similarity,2104,2104,,,,0.714285714286,,,,,,,,,
pairwise_similarity,2104,2104,,,,0.642857142857,,,,,,,,,
pairwise_similarity,2104,2104,,,,0.785714285714,,,,,,,,,
pairwise_similarity,2104,2104,,,,0.785714285714,,,,,,,,,
pairwise_similarity,2104,2104,,,,0.571428571429,,,,,,,,,
pairwise_similarity,2104,2104,,,,0.642857142857,,,,,,,,,
pairwise_similarity,2104,2104,,,,0.857142857143,,,,,,,,,
pairwise_similarity,2104,2104,,,,0.714285714286,,,,,,,,,
pairwise_similarity,2104,2104,,,,0.714285714286,,,,,,,,,
pairwise_similarity,2104,2104,,,,0.571428571429,,,,,,,,,
pairwise_similarity,2104,2104,,,,0.785714285714,,,,,,,,,
pairwise_similarity,2104,2104,,,,0.5,,,,,,,,,
pairwise_similarity,2104,2104,,,,0.785714285714,,,,,,,,,
pairwise_similarity,2104,2104,,,,0.5,,,,,,,,,
pairwise_similarity,2104,2104,,,,0.642857142857,,,,,,,,,
pairwise_similarity,2104,2104,,,,0.642857142857,,,,,,,,,
pairwise_similarity,2104,2104,,,,0.785714285714,,,,,,,,,
pairwise_similarity,2104,2104,,,,0.928571428571,,,,,,,,,
pairwise_similarity,2104,2104,,,,0.357142857143,,,,,,,,,
pairwise_similarity,2104,2104,,,,0.857142857143,,,,,,,,,
pairwise_similarity,2104,2104,,,,0.714285714286,,,,,,,,,
pairwise_similarity,2104,2104,,,,0.642857142857,,,,,,,,,
pairwise_similarity,2104,2104,,,,0.571428571429,,,,,,,,,
pairwise_similarity,2104,2104,,,,0.571428571429,,,,,,,,,
pairwise_similarity,2104,2104,,,,0.785714285714,,,,,,,,,
pairwise_similarity,2104,2104,,,,0.642857142857,,,,,,,,,
pairwise_similarity,2104,2104,,,,0.5,,,,,,,,,
pairwise_similarity,2104,2104,,,,0.5,,,,,,,,,
pairwise_similarity,2104,2104,,,,0.0714285714286,,,,,,,,,
pairwise_similarity,2104,2104,,,,0.5,,,,,,,,,
pairwise_similarity,2104,2104,,,,0.642857142857,,,,,,,,,
pairwise_similarity,2104,2104,,,,0.357142857143,,,,,,,,,
pairwise_similarity,2104,2104,,,,0.357142857143,,,,,,,,,
pairwise_similarity,2104,2104,,,,0.785714285714,,,,,,,,,
pairwise_similarity,2104,2104,,,,0.571428571429,,,,,,,,,
pairwise_similarity,2104,2104,,,,0.5,,,,,,,,,
pairwise_similarity,2104,2104,,,,0.214285714286,,,,,,,,,
pairwise_similarity,2104,2104,,,,0.357142857143,,,,,,,,,
pairwise_similarity,2104,2104,,,,0.5,,,,,,,,,
pairwise_similarity,2104,2104,,,,0.357142857143,,,,,,,,,
pairwise_similarity,2104,2104,,,,0.642857142857,,,,,,,,,
pairwise_similarity,2104,2104,,,,0.357142857143,,,,,,,,,
pairwise_similarity,2104,2104,,,,0.642857142857,,,,,,,,,
pairwise_similarity,2104,2104,,,,0.642857142857,,,,,,,,,
pairwise_similarity,2104,2104,,,,0.5,,,,,,,,,
pairwise_similarity,2104,2104,,,,0.928571428571,,,,,,,,,
pairwise_similarity,2104,2104,,,,0.428571428571,,,,,,,,,
pairwise_similarity,2104,2104,,,,0.571428571429,,,,,,,,,
pairwise_similarity,2104,2104,,,,0.571428571429,,,,,,,,,
pairwise_similarity,2104,2104,,,,0.428571428571,,,,,,,,,
pairwise_similarity,2104,2104,,,,0.5,,,,,,,,,
pairwise_similarity,2104,2104,,,,0.714285714286,,,,,,,,,
pairwise_similarity,2104,2104,,,,0.5,,,,,,,,,
pairwise_similarity,2104,2104,,,,0.285714285714,,,,,,,,,
pairwise_similarity,2104,2104,,,,0.428571428571,,,,,,,,,
pairwise_similarity,2104,2104,,,,0.428571428571,,,,,,,,,
pairwise_similarity,2104,2104,,,,0.357142857143,,,,,,,,,
pairwise_similarity,2104,2104,,,,0.428571428571,,,,,,,,,
pairwise_similarity,2104,2104,,,,0.5,,,,,,,,,
pairwise_similarity,2104,2104,,,,0.5,,,,,,,,,
pairwise_similarity,2104,2104,,,,0.642857142857,,,,,,,,,
pairwise_similarity,2104,2104,,,,0.214285714286,,,,,,,,,
pairwise_similarity,2104,2104,,,,0.428571428571,,,,,,,,,
pairwise_similarity,2104,2104,,,,0.285714285714,,,,,,,,,
pairwise_similarity,2104,2104,,,,0.428571428571,,,,,,,,,
pairwise_similarity,2104,2104,,,,0.142857142857,,,,,,,,,
pairwise_similarity,2104,2104,,,,0.571428571429,,,,,,,,,
pairwise_similarity,2104,2104,,,,0.428571428571,,,,,,,,,
pairwise_similarity,2104,2104,,,,0.571428571429,,,,,,,,,
pairwise_similarity,2104,2104,,,,0.714285714286,,,,,,,,,
pairwise_similarity,2104,2104,,,,0.428571428571,,,,,,,,,
pairwise_similarity,2104,2104,,,,0.5,,,,,,,,,
pairwise_similarity,2104,2104,,,,0.785714285714,,,,,,,,,
pairwise_similarity,2104,2104,,,,0.428571428571,,,,,,,,,
pairwise_similarity,2104,2104,,,,0.357142857143,,,,,,,,,
pairwise_similarity,2104,2104,,,,0.214285714286,,,,,,,,,
pairwise_similarity,2104,2104,,,,0.571428571429,,,,,,,,,
pairwise_similarity,2104,2104,,,,0.285714285714,,,,,,,,,
pairwise_similarity,2104,2104,,,,0.714285714286,,,,,,,,,
pairwise_similarity,2104,2104,,,,0.428571428571,,,,,,,,,
pairwise_similarity,2104,2104,,,,0.714285714286,,,,,,,,,
pairwise_similarity,2104,2104,,,,0.714285714286,,,,,,,,,
pairwise_similarity,2104,2104,,,,0.714285714286,,,,,,,,,
pairwise_similarity,2104,2104,,,,0.571428571429,,,,,,,,,
pairwise_similarity,2104,2104,,,,0.428571428571,,,,,,,,,
pairwise_similarity,2104,2104,,,,0.642857142857,,,,,,,,,
pairwise_similarity,2104,2104,,,,1,,,,,,,,,
pairwise_similarity,2104,2104,,,,0.571428571429,,,,,,,,,
pairwise_similarity,2104,2104,,,,0.571428571429,,,,,,,,,
pairwise_similarity,2104,2104,,,,0.428571428571,,,,,,,,,
pairwise_similarity,2104,2104,,,,0.571428571429,,,,,,,,,
pairwise_similarity,2104,2104,,,,0.571428571429,,,,,,,,,
pairwise_similarity,2104,2104,,,,0.714285714286,,,,,,,,,
pairwise_similarity,2104,2104,,,,0.428571428571,,,,,,,,,
pairwise_similarity,2104,2104,,,,0.857142857143,,,,,,,,,
pairwise_similarity,2104,2104,,,,0.571428571429,,,,,,,,,
pairwise_similarity,2104,2104,,,,0.428571428571,,,,,,,,,
pairwise_similarity,2104,2104,,,,0.642857142857,,,,,,,,,
pairwise_similarity,2104,2104,,,,0.5,,,,,,,,,
pairwise_similarity,2104,2104,,,,0.642857142857,,,,,,,,,
pairwise_similarity,2104,2104,,,,0.357142857143,,,,,,,,,
pairwise_similarity,2104,2104,,,,0.857142857143,,,,,,,,,
pairwise_similarity,2104,2104,,,,0.5,,,,,,,,,
pairwise_similarity,2104,2104,,,,0.857142857143,,,,,,,,,
pairwise_similarity,2104,2104,,,,0.5,,,,,,,,,
pairwise_similarity,2104,2104,,,,0.642857142857,,,,,,,,,
pairwise_similarity,2104,2104,,,,0.642857142857,,,,,,,,,
pairwise_similarity,2104,2104,,,,0.571428571429,,,,,,,,,
pairwise_similarity,2104,2104,,,,0.642857142857,,,,,,,,,
pairwise_similarity,2104,2104,,,,0.714285714286,,,,,,,,,
pairwise_similarity,2104,2104,,,,0.714285714286,,,,,,,,,
pairwise_similarity,2104,2104,,,,0.571428571429,,,,,,,,,
pairwise_similarity,2104,2104,,,,0.285714285714,,,,,,,,,
pairwise_similarity,2104,2104,,,,0.642857142857,,,,,,,,,
pairwise_similarity,2104,2104,,,,0.5,,,,,,,,,
pairwise_similarity,2104,2104,,,,0.642857142857,,,,,,,,,
pairwise_similarity,2104,2104,,,,0.357142857143,,,,,,,,,
pairwise_similarity,2104,2104,,,,0.785714285714,,,,,,,,,
pairwise_similarity,2104,2104,,,,0.785714285714,,,,,,,,,
pairwise_similarity,2104,2104,,,,0.785714285714,,,,,,,,,
pairwise_similarity,2104,2104,,,,0.785714285714,,,,,,,,,
pairwise_similarity,2104,2104,,,,0.5,,,,,,,,,
pairwise_similarity,2104,2104,,,,0.571428571429,,,,,,,,,
pairwise_similarity,2104,2104,,,,0.428571428571,,,,,,,,,
pairwise_similarity,2104,2104,,,,0.642857142857,,,,,,,,,
pairwise_similarity,2104,2104,,,,0.857142857143,,,,,,,,,
pairwise_similarity,2104,2104,,,,0.428571428571,,,,,,,,,
pairwise_similarity,2104,2104,,,,0.785714285714,,,,,,,,,
pairwise_similarity,2104,2104,,,,0.5,,,,,,,,,
pairwise_similarity,2104,2104,,,,0.428571428571,,,,,,,,,
pairwise_similarity,2104,2104,,,,0.714285714286,,,,,,,,,
pairwise_similarity,2104,2104,,,,0.857142857143,,,,,,,,,
pairwise_similarity,2104,2104,,,,0.714285714286,,,,,,,,,
pairwise_similarity,2104,2104,,,,0.714285714286,,,,,,,,,
pairwise_similarity,2104,2104,,,,0.571428571429,,,,,,,,,
pairwise_similarity,2104,2104,,,,0.642857142857,,,,,,,,,
pairwise_similarity,2104,2104,,,,0.714285714286,,,,,,,,,
pairwise_similarity,2104,2104,,,,0.428571428571,,,,,,,,,
pairwise_similarity,2104,2104,,,,0.571428571429,,,,,,,,,
pairwise_similarity,2104,2104,,,,0.428571428571,,,,,,,,,
pairwise_similarity,2104,2104,,,,0.714285714286,,,,,,,,,
pairwise_similarity,2104,2104,,,,0.714285714286,,,,,,,,,
pairwise_similarity,2104,2104,,,,0.714285714286,,,,,,,,,
pairwise_similarity,2104,2104,,,,0.285714285714,,,,,,,,,
pairwise_similarity,2104,2104,,,,0.714285714286,,,,,,,,,
pairwise_similarity,2104,2104,,,,0.714285714286,,,,,,,,,
pairwise_similarity,2104,2104,,,,0.428571428571,,,,,,,,,
pairwise_similarity,2104,2104,,,,0.785714285714,,,,,,,,,
pairwise_similarity,2104,2104,,,,0.5,,,,,,,,,
pairwise_similarity,2104,2104,,,,0.5,,,,,,,,,
pairwise_similarity,2104,2104,,,,0.214285714286,,,,,,,,,
pairwise_similarity,2104,2104,,,,0.857142857143,,,,,,,,,
pairwise_similarity,2104,2104,,,,0.642857142857,,,,,,,,,
pairwise_similarity,2104,2104,,,,0.714285714286,,,,,,,,,
pairwise_similarity,2104,2104,,,,0.642857142857,,,,,,,,,
pairwise_similarity,2104,2104,,,,0.785714285714,,,,,,,,,
pairwise_similarity,2104,2104,,,,0.642857142857,,,,,,,,,
pairwise_similarity,2104,2104,,,,0.714285714286,,,,,,,,,
pairwise_similarity,2104,2104,,,,0.785714285714,,,,,,,,,
pairwise_similarity,2104,2104,,,,0.714285714286,,,,,,,,,
pairwise_similarity,2104,2104,,,,0.571428571429,,,,,,,,,
pairwise_similarity,2104,2104,,,,0.714285714286,,,,,,,,,
pairwise_similarity,2104,2104,,,,0.428571428571,,,,,,,,,
pairwise_similarity,2104,2104,,,,0.642857142857,,,,,,,,,
pairwise_similarity,2104,2104,,,,0.5,,,,,,,,,
pairwise_similarity,2104,2104,,,,0.928571428571,,,,,,,,,
pairwise_similarity,2104,2104,,,,0.5,,,,,,,,,
pairwise_similarity,2104,2104,,,,0.642857142857,,,,,,,,,
pairwise_similarity,2104,2104,,,,0.785714285714,,,,,,,,,
pairwise_similarity,2104,2104,,,,0.642857142857,,,,,,,,,
pairwise_similarity,2104,2104,,,,0.785714285714,,,,,,,,,
pairwise_similarity,2104,2104,,,,0.357142857143,,,,,,,,,
pairwise_similarity,2104,2104,,,,0.714285714286,,,,,,,,,
pairwise_similarity,2104,2104,,,,0.571428571429,,,,,,,,,
pairwise_similarity,2104,2104,,,,0.642857142857,,,,,,,,,
pairwise_similarity,2104,2104,,,,0.714285714286,,,,,,,,,
pairwise_similarity,2104,2104,,,,0.571428571429,,,,,,,,,
pairwise_similarity,2104,2104,,,,0.642857142857,,,,,,,,,
pairwise_similarity,2104,2104,,,,0.785714285714,,,,,,,,,
pairwise_similarity,2104,2104,,,,0.142857142857,,,,,,,,,
pairwise_similarity,2104,2104,,,,0.285714285714,,,,,,,,,
pairwise_similarity,2104,2104,,,,0.714285714286,,,,,,,,,
pairwise_similarity,2104,2104,,,,0.714285714286,,,,,,,,,
pairwise_similarity,2104,2104,,,,0,,,,,,,,,
pairwise_similarity,2104,2104,,,,0.357142857143,,,,,,,,,
pairwise_similarity,2104,2104,,,,0.428571428571,,,,,,,,,
pairwise_similarity,2104,2104,,,,0.714285714286,,,,,,,,,
pairwise_similarity,2104,2104,,,,0,,,,,,,,,
pairwise_similarity,2104,2104,,,,-0.142857142857,,,,,,,,,
pairwise_similarity,2104,2104,,,,0.714285714286,,,,,,,,,
pairwise_similarity,2104,2104,,,,0.428571428571,,,,,,,,,
pairwise_similarity,2104,2104,,,,0.142857142857,,,,,,,,,
pairwise_similarity,2104,2104,,,,-0.142857142857,,,,,,,,,
pairwise_similarity,2104,2104,,,,0.285714285714,,,,,,,,,
pairwise_similarity,2104,2104,,,,0.571428571429,,,,,,,,,
pairwise_similarity,2104,2104,,,,0,,,,,,,,,
pairwise_similarity,2104,2104,,,,0.642857142857,,,,,,,,,
pairwise_similarity,2104,2104,,,,-0.0714285714286,,,,,,,,,
pairwise_similarity,2104,2104,,,,0.0714285714286,,,,,,,,,
pairwise_similarity,2104,2104,,,,-0.214285714286,,,,,,,,,
pairwise_similarity,2104,2104,,,,0.285714285714,,,,,,,,,
pairwise_similarity,2104,2104,,,,0.357142857143,,,,,,,,,
pairwise_similarity,2104,2104,,,,0.571428571429,,,,,,,,,
pairwise_similarity,2104,2104,,,,0.642857142857,,,,,,,,,
pairwise_similarity,2104,2104,,,,0.642857142857,,,,,,,,,
pairwise_similarity,2104,2104,,,,0.214285714286,,,,,,,,,
pairwise_similarity,2104,2104,,,,0.428571428571,,,,,,,,,
pairwise_similarity,2104,2104,,,,0.357142857143,,,,,,,,,
pairwise_similarity,2104,2104,,,,0.285714285714,,,,,,,,,
pairwise_similarity,2104,2104,,,,0.142857142857,,,,,,,,,
pairwise_similarity,2104,2104,,,,0.428571428571,,,,,,,,,
pairwise_similarity,2104,2104,,,,0.428571428571,,,,,,,,,
pairwise_similarity,2104,2104,,,,0.214285714286,,,,,,,,,
pairwise_similarity,2104,2104,,,,0.785714285714,,,,,,,,,
pairwise_similarity,2104,2104,,,,0.5,,,,,,,,,
pairwise_similarity,2104,2104,,,,0.214285714286,,,,,,,,,
pairwise_similarity,2104,2104,,,,0.214285714286,,,,,,,,,
pairwise_similarity,2104,2104,,,,0.214285714286,,,,,,,,,
pairwise_similarity,2104,2104,,,,0.214285714286,,,,,,,,,
pairwise_similarity,2104,2104,,,,0.357142857143,,,,,,,,,
pairwise_similarity,2104,2104,,,,0.357142857143,,,,,,,,,
pairwise_similarity,2104,2104,,,,0.428571428571,,,,,,,,,
pairwise_similarity,2104,2104,,,,0.142857142857,,,,,,,,,
pairwise_similarity,2104,2104,,,,0.0714285714286,,,,,,,,,
pairwise_similarity,2104,2104,,,,0.285714285714,,,,,,,,,
pairwise_similarity,2104,2104,,,,0.714285714286,,,,,,,,,
pairwise_similarity,2104,2104,,,,0.5,,,,,,,,,
pairwise_similarity,2104,2104,,,,0.642857142857,,,,,,,,,
pairwise_similarity,2104,2104,,,,0.714285714286,,,,,,,,,
pairwise_similarity,2104,2104,,,,0.428571428571,,,,,,,,,
pairwise_similarity,2104,2104,,,,0.428571428571,,,,,,,,,
pairwise_similarity,2104,2104,,,,0.714285714286,,,,,,,,,
pairwise_similarity,2104,2104,,,,0.642857142857,,,,,,,,,
pairwise_similarity,2104,2104,,,,0.714285714286,,,,,,,,,
pairwise_similarity,2104,2104,,,,0.285714285714,,,,,,,,,
pairwise_similarity,2104,2104,,,,0.857142857143,,,,,,,,,
pairwise_similarity,2104,2104,,,,0.714285714286,,,,,,,,,
pairwise_similarity,2104,2104,,,,0.428571428571,,,,,,,,,
pairwise_similarity,2104,2104,,,,0.571428571429,,,,,,,,,
pairwise_similarity,2104,2104,,,,0.857142857143,,,,,,,,,
pairwise_similarity,2104,2104,,,,0.571428571429,,,,,,,,,
pairwise_similarity,2104,2104,,,,0.857142857143,,,,,,,,,
pairwise_similarity,2104,2104,,,,0.571428571429,,,,,,,,,
pairwise_similarity,2104,2104,,,,0.571428571429,,,,,,,,,
pairwise_similarity,2104,2104,,,,0.5,,,,,,,,,
pairwise_similarity,2104,2104,,,,0.642857142857,,,,,,,,,
pairwise_similarity,2104,2104,,,,0.785714285714,,,,,,,,,
pairwise_similarity,2104,2104,,,,0.5,,,,,,,,,
pairwise_similarity,2104,2104,,,,0.857142857143,,,,,,,,,
pairwise_similarity,2104,2104,,,,0.357142857143,,,,,,,,,
pairwise_similarity,2104,2104,,,,0.571428571429,,,,,,,,,
pairwise_similarity,2104,2104,,,,0.357142857143,,,,,,,,,
pairwise_similarity,2104,2104,,,,0.5,,,,,,,,,
pairwise_similarity,2104,2104,,,,0.642857142857,,,,,,,,,
pairwise_similarity,2104,2104,,,,0.571428571429,,,,,,,,,
pairwise_similarity,2104,2104,,,,0.642857142857,,,,,,,,,
pairwise_similarity,2104,2104,,,,0.714285714286,,,,,,,,,
pairwise_similarity,2104,2104,,,,0.714285714286,,,,,,,,,
pairwise_similarity,2104,2104,,,,0.428571428571,,,,,,,,,
pairwise_similarity,2104,2104,,,,0.285714285714,,,,,,,,,
pairwise_similarity,2104,2104,,,,0.785714285714,,,,,,,,,
pairwise_similarity,2104,2104,,,,0.214285714286,,,,,,,,,
pairwise_similarity,2104,2104,,,,0.642857142857,,,,,,,,,
pairwise_similarity,2104,2104,,,,0.5,,,,,,,,,
pairwise_similarity,2104,2104,,,,0.642857142857,,,,,,,,,
pairwise_similarity,2104,2104,,,,0.785714285714,,,,,,,,,
pairwise_similarity,2104,2104,,,,0.928571428571,,,,,,,,,
pairwise_similarity,2104,2104,,,,0.785714285714,,,,,,,,,
pairwise_similarity,2104,2104,,,,0.214285714286,,,,,,,,,
pairwise_similarity,2104,2104,,,,0.571428571429,,,,,,,,,
pairwise_similarity,2104,2104,,,,0.571428571429,,,,,,,,,
pairwise_similarity,2104,2104,,,,0.928571428571,,,,,,,,,
pairwise_similarity,2104,2104,,,,0.714285714286,,,,,,,,,
pairwise_similarity,2104,2104,,,,0.285714285714,,,,,,,,,
pairwise_similarity,2104,2104,,,,0.642857142857,,,,,,,,,
pairwise_similarity,2104,2104,,,,0.5,,,,,,,,,
pairwise_similarity,2104,2104,,,,0.571428571429,,,,,,,,,
pairwise_similarity,2104,2104,,,,0.571428571429,,,,,,,,,
pairwise_similarity,2104,2104,,,,0.714285714286,,,,,,,,,
pairwise_similarity,2104,2104,,,,0.642857142857,,,,,,,,,
pairwise_similarity,2104,2104,,,,0.714285714286,,,,,,,,,
pairwise_similarity,2104,2104,,,,0.428571428571,,,,,,,,,
pairwise_similarity,2104,2104,,,,0.571428571429,,,,,,,,,
pairwise_similarity,2104,2104,,,,0.571428571429,,,,,,,,,
pairwise_similarity,2104,2104,,,,0.571428571429,,,,,,,,,
pairwise_similarity,2104,2104,,,,0.714285714286,,,,,,,,,
pairwise_similarity,2104,2104,,,,0.714285714286,,,,,,,,,
pairwise_similarity,2104,2104,,,,0.428571428571,,,,,,,,,
pairwise_similarity,2104,2104,,,,0.714285714286,,,,,,,,,
pairwise_similarity,2104,2104,,,,0.571428571429,,,,,,,,,
pairwise_similarity,2104,2104,,,,0.571428571429,,,,,,,,,
pairwise_similarity,2104,2104,,,,0.642857142857,,,,,,,,,
pairwise_similarity,2104,2104,,,,0.642857142857,,,,,,,,,
pairwise_similarity,2104,2104,,,,0.642857142857,,,,,,,,,
pairwise_similarity,2104,2104,,,,0.357142857143,,,,,,,,,
pairwise_similarity,2104,2104,,,,0.857142857143,,,,,,,,,
pairwise_similarity,2104,2104,,,,0.642857142857,,,,,,,,,
pairwise_similarity,2104,2104,,,,0.714285714286,,,,,,,,,
pairwise_similarity,2104,2104,,,,0.5,,,,,,,,,
pairwise_similarity,2104,2104,,,,0.642857142857,,,,,,,,,
pairwise_similarity,2104,2104,,,,0.5,,,,,,,,,
pairwise_similarity,2104,2104,,,,0.714285714286,,,,,,,,,
pairwise_similarity,2104,2104,,,,0.785714285714,,,,,,,,,
pairwise_similarity,2104,2104,,,,0.571428571429,,,,,,,,,
pairwise_similarity,2104,2104,,,,0.571428571429,,,,,,,,,
pairwise_similarity,2104,2104,,,,0.714285714286,,,,,,,,,
pairwise_similarity,2104,2104,,,,0.285714285714,,,,,,,,,
pairwise_similarity,2104,2104,,,,0.5,,,,,,,,,
pairwise_similarity,2104,2104,,,,0.357142857143,,,,,,,,,
pairwise_similarity,2104,2104,,,,0.785714285714,,,,,,,,,
pairwise_similarity,2104,2104,,,,0.357142857143,,,,,,,,,
pairwise_similarity,2104,2104,,,,0.785714285714,,,,,,,,,
pairwise_similarity,2104,2104,,,,0.785714285714,,,,,,,,,
pairwise_similarity,2104,2104,,,,0.642857142857,,,,,,,,,
pairwise_similarity,2104,2104,,,,0.785714285714,,,,,,,,,
pairwise_similarity,2104,2104,,,,0.5,,,,,,,,,
pairwise_similarity,2104,2104,,,,0.571428571429,,,,,,,,,
pairwise_similarity,2104,2104,,,,0.571428571429,,,,,,,,,
pairwise_similarity,2104,2104,,,,0.642857142857,,,,,,,,,
pairwise_similarity,2104,2104,,,,0.714285714286,,,,,,,,,
pairwise_similarity,2104,2104,,,,0.428571428571,,,,,,,,,
pairwise_similarity,2104,2104,,,,0.642857142857,,,,,,,,,
pairwise_similarity,2104,2104,,,,0.642857142857,,,,,,,,,
pairwise_similarity,2104,2104,,,,0.857142857143,,,,,,,,,
pairwise_similarity,2104,2104,,,,0.285714285714,,,,,,,,,
pairwise_similarity,2104,2104,,,,0.642857142857,,,,,,,,,
pairwise_similarity,2104,2104,,,,0.714285714286,,,,,,,,,
pairwise_similarity,2104,2104,,,,0.714285714286,,,,,,,,,
pairwise_similarity,2104,2104,,,,0.285714285714,,,,,,,,,
pairwise_similarity,2104,2104,,,,0.142857142857,,,,,,,,,
pairwise_similarity,2104,2104,,,,0.857142857143,,,,,,,,,
pairwise_similarity,2104,2104,,,,0.714285714286,,,,,,,,,
pairwise_similarity,2104,2104,,,,0.428571428571,,,,,,,,,
pairwise_similarity,2104,2104,,,,0.142857142857,,,,,,,,,
pairwise_similarity,2104,2104,,,,0.571428571429,,,,,,,,,
pairwise_similarity,2104,2104,,,,0.714285714286,,,,,,,,,
pairwise_similarity,2104,2104,,,,0.285714285714,,,,,,,,,
pairwise_similarity,2104,2104,,,,0.785714285714,,,,,,,,,
pairwise_similarity,2104,2104,,,,0.214285714286,,,,,,,,,
pairwise_similarity,2104,2104,,,,0.357142857143,,,,,,,,,
pairwise_similarity,2104,2104,,,,0.0714285714286,,,,,,,,,
pairwise_similarity,2104,2104,,,,0.571428571429,,,,,,,,,
pairwise_similarity,2104,2104,,,,0.642857142857,,,,,,,,,
pairwise_similarity,2104,2104,,,,0.857142857143,,,,,,,,,
pairwise_similarity,2104,2104,,,,0.642857142857,,,,,,,,,
pairwise_similarity,2104,2104,,,,0.785714285714,,,,,,,,,
pairwise_similarity,2104,2104,,,,0.5,,,,,,,,,
pairwise_similarity,2104,2104,,,,0.571428571429,,,,,,,,,
pairwise_similarity,2104,2104,,,,0.5,,,,,,,,,
pairwise_similarity,2104,2104,,,,0.571428571429,,,,,,,,,
pairwise_similarity,2104,2104,,,,0.428571428571,,,,,,,,,
pairwise_similarity,2104,2104,,,,0.714285714286,,,,,,,,,
pairwise_similarity,2104,2104,,,,0.571428571429,,,,,,,,,
pairwise_similarity,2104,2104,,,,0.5,,,,,,,,,
pairwise_similarity,2104,2104,,,,0.785714285714,,,,,,,,,
pairwise_similarity,2104,2104,,,,0.785714285714,,,,,,,,,
pairwise_similarity,2104,2104,,,,0.5,,,,,,,,,
pairwise_similarity,2104,2104,,,,0.5,,,,,,,,,
pairwise_similarity,2104,2104,,,,0.5,,,,,,,,,
pairwise_similarity,2104,2104,,,,0.5,,,,,,,,,
pairwise_similarity,2104,2104,,,,0.642857142857,,,,,,,,,
pairwise_similarity,2104,2104,,,,0.5,,,,,,,,,
pairwise_similarity,2104,2104,,,,0.714285714286,,,,,,,,,
pairwise_similarity,2104,2104,,,,0.428571428571,,,,,,,,,
pairwise_similarity,2104,2104,,,,0.357142857143,,,,,,,,,
pairwise_similarity,2104,2104,,,,0.571428571429,,,,,,,,,
pairwise_similarity,2104,2104,,,,0.714285714286,,,,,,,,,
pairwise_similarity,2104,2104,,,,0.785714285714,,,,,,,,,
pairwise_similarity,2104,2104,,,,0.785714285714,,,,,,,,,
pairwise_similarity,2104,2104,,,,0.285714285714,,,,,,,,,
pairwise_similarity,2104,2104,,,,0.642857142857,,,,,,,,,
pairwise_similarity,2104,2104,,,,0.571428571429,,,,,,,,,
pairwise_similarity,2104,2104,,,,0.714285714286,,,,,,,,,
pairwise_similarity,2104,2104,,,,0.285714285714,,,,,,,,,
pairwise_similarity,2104,2104,,,,0.142857142857,,,,,,,,,
pairwise_similarity,2104,2104,,,,1,,,,,,,,,
pairwise_similarity,2104,2104,,,,0.714285714286,,,,,,,,,
pairwise_similarity,2104,2104,,,,0.428571428571,,,,,,,,,
pairwise_similarity,2104,2104,,,,0,,,,,,,,,
pairwise_similarity,2104,2104,,,,0.571428571429,,,,,,,,,
pairwise_similarity,2104,2104,,,,0.857142857143,,,,,,,,,
pairwise_similarity,2104,2104,,,,0.285714285714,,,,,,,,,
pairwise_similarity,2104,2104,,,,0.785714285714,,,,,,,,,
pairwise_similarity,2104,2104,,,,0.214285714286,,,,,,,,,
pairwise_similarity,2104,2104,,,,0.357142857143,,,,,,,,,
pairwise_similarity,2104,2104,,,,0.0714285714286,,,,,,,,,
pairwise_similarity,2104,2104,,,,0.571428571429,,,,,,,,,
pairwise_similarity,2104,2104,,,,0.642857142857,,,,,,,,,
pairwise_similarity,2104,2104,,,,0.714285714286,,,,,,,,,
pairwise_similarity,2104,2104,,,,0.785714285714,,,,,,,,,
pairwise_similarity,2104,2104,,,,0.928571428571,,,,,,,,,
pairwise_similarity,2104,2104,,,,0.5,,,,,,,,,
pairwise_similarity,2104,2104,,,,0.571428571429,,,,,,,,,
pairwise_similarity,2104,2104,,,,0.5,,,,,,,,,
pairwise_similarity,2104,2104,,,,0.571428571429,,,,,,,,,
pairwise_similarity,2104,2104,,,,0.428571428571,,,,,,,,,
pairwise_similarity,2104,2104,,,,0.714285714286,,,,,,,,,
pairwise_similarity,2104,2104,,,,0.714285714286,,,,,,,,,
pairwise_similarity,2104,2104,,,,0.5,,,,,,,,,
pairwise_similarity,2104,2104,,,,0.785714285714,,,,,,,,,
pairwise_similarity,2104,2104,,,,0.785714285714,,,,,,,,,
pairwise_similarity,2104,2104,,,,0.357142857143,,,,,,,,,
pairwise_similarity,2104,2104,,,,0.5,,,,,,,,,
pairwise_similarity,2104,2104,,,,0.5,,,,,,,,,
pairwise_similarity,2104,2104,,,,0.5,,,,,,,,,
pairwise_similarity,2104,2104,,,,0.642857142857,,,,,,,,,
pairwise_similarity,2104,2104,,,,0.357142857143,,,,,,,,,
pairwise_similarity,2104,2104,,,,0.714285714286,,,,,,,,,
pairwise_similarity,2104,2104,,,,0.428571428571,,,,,,,,,
pairwise_similarity,2104,2104,,,,0.357142857143,,,,,,,,,
pairwise_similarity,2104,2104,,,,0.428571428571,,,,,,,,,
pairwise_similarity,2104,2104,,,,0.857142857143,,,,,,,,,
pairwise_similarity,2104,2104,,,,0.642857142857,,,,,,,,,
pairwise_similarity,2104,2104,,,,0.785714285714,,,,,,,,,
pairwise_similarity,2104,2104,,,,0.5,,,,,,,,,
pairwise_similarity,2104,2104,,,,0.428571428571,,,,,,,,,
pairwise_similarity,2104,2104,,,,0.142857142857,,,,,,,,,
pairwise_similarity,2104,2104,,,,0.571428571429,,,,,,,,,
pairwise_similarity,2104,2104,,,,0.571428571429,,,,,,,,,
pairwise_similarity,2104,2104,,,,0.285714285714,,,,,,,,,
pairwise_similarity,2104,2104,,,,0.571428571429,,,,,,,,,
pairwise_similarity,2104,2104,,,,0.571428571429,,,,,,,,,
pairwise_similarity,2104,2104,,,,0.714285714286,,,,,,,,,
pairwise_similarity,2104,2104,,,,0.571428571429,,,,,,,,,
pairwise_similarity,2104,2104,,,,0.428571428571,,,,,,,,,
pairwise_similarity,2104,2104,,,,0.857142857143,,,,,,,,,
pairwise_similarity,2104,2104,,,,0.357142857143,,,,,,,,,
pairwise_similarity,2104,2104,,,,0.642857142857,,,,,,,,,
pairwise_similarity,2104,2104,,,,0.642857142857,,,,,,,,,
pairwise_similarity,2104,2104,,,,0.357142857143,,,,,,,,,
pairwise_similarity,2104,2104,,,,0.571428571429,,,,,,,,,
pairwise_similarity,2104,2104,,,,0.642857142857,,,,,,,,,
pairwise_similarity,2104,2104,,,,0.428571428571,,,,,,,,,
pairwise_similarity,2104,2104,,,,0.214285714286,,,,,,,,,
pairwise_similarity,2104,2104,,,,0.357142857143,,,,,,,,,
pairwise_similarity,2104,2104,,,,0.357142857143,,,,,,,,,
pairwise_similarity,2104,2104,,,,0.428571428571,,,,,,,,,
pairwise_similarity,2104,2104,,,,0.5,,,,,,,,,
pairwise_similarity,2104,2104,,,,0.428571428571,,,,,,,,,
pairwise_similarity,2104,2104,,,,0.428571428571,,,,,,,,,
pairwise_similarity,2104,2104,,,,0.571428571429,,,,,,,,,
pairwise_similarity,2104,2104,,,,0.142857142857,,,,,,,,,
pairwise_similarity,2104,2104,,,,0.5,,,,,,,,,
pairwise_similarity,2104,2104,,,,0.214285714286,,,,,,,,,
pairwise_similarity,2104,2104,,,,0.5,,,,,,,,,
pairwise_similarity,2104,2104,,,,0.357142857143,,,,,,,,,
pairwise_similarity,2104,2104,,,,0.5,,,,,,,,,
pairwise_similarity,2104,2104,,,,0.5,,,,,,,,,
pairwise_similarity,2104,2104,,,,0.642857142857,,,,,,,,,
pairwise_similarity,2104,2104,,,,0.642857142857,,,,,,,,,
pairwise_similarity,2104,2104,,,,0.357142857143,,,,,,,,,
pairwise_similarity,2104,2104,,,,0.428571428571,,,,,,,,,
pairwise_similarity,2104,2104,,,,0.857142857143,,,,,,,,,
pairwise_similarity,2104,2104,,,,0.642857142857,,,,,,,,,
pairwise_similarity,2104,2104,,,,0.428571428571,,,,,,,,,
pairwise_similarity,2104,2104,,,,0.142857142857,,,,,,,,,
pairwise_similarity,2104,2104,,,,0.5,,,,,,,,,
pairwise_similarity,2104,2104,,,,0.357142857143,,,,,,,,,
pairwise_similarity,2104,2104,,,,0.642857142857,,,,,,,,,
pairwise_similarity,2104,2104,,,,0.5,,,,,,,,,
pairwise_similarity,2104,2104,,,,0.642857142857,,,,,,,,,
pairwise_similarity,2104,2104,,,,0.357142857143,,,,,,,,,
pairwise_similarity,2104,2104,,,,0.642857142857,,,,,,,,,
pairwise_similarity,2104,2104,,,,0.785714285714,,,,,,,,,
pairwise_similarity,2104,2104,,,,0.5,,,,,,,,,
pairwise_similarity,2104,2104,,,,0.214285714286,,,,,,,,,
pairwise_similarity,2104,2104,,,,0.785714285714,,,,,,,,,
pairwise_similarity,2104,2104,,,,0.785714285714,,,,,,,,,
pairwise_similarity,2104,2104,,,,0.5,,,,,,,,,
pairwise_similarity,2104,2104,,,,0.714285714286,,,,,,,,,
pairwise_similarity,2104,2104,,,,0.285714285714,,,,,,,,,
pairwise_similarity,2104,2104,,,,0.571428571429,,,,,,,,,
pairwise_similarity,2104,2104,,,,0.285714285714,,,,,,,,,
pairwise_similarity,2104,2104,,,,0.642857142857,,,,,,,,,
pairwise_similarity,2104,2104,,,,0.571428571429,,,,,,,,,
pairwise_similarity,2104,2104,,,,0.785714285714,,,,,,,,,
pairwise_similarity,2104,2104,,,,0.571428571429,,,,,,,,,
pairwise_similarity,2104,2104,,,,0.714285714286,,,,,,,,,
pairwise_similarity,2104,2104,,,,0.571428571429,,,,,,,,,
pairwise_similarity,2104,2104,,,,0.642857142857,,,,,,,,,
pairwise_similarity,2104,2104,,,,0.571428571429,,,,,,,,,
pairwise_similarity,2104,2104,,,,0.642857142857,,,,,,,,,
pairwise_similarity,2104,2104,,,,0.642857142857,,,,,,,,,
pairwise_similarity,2104,2104,,,,0.642857142857,,,,,,,,,
pairwise_similarity,2104,2104,,,,0.5,,,,,,,,,
pairwise_similarity,2104,2104,,,,0.571428571429,,,,,,,,,
pairwise_similarity,2104,2104,,,,0.428571428571,,,,,,,,,
pairwise_similarity,2104,2104,,,,0.571428571429,,,,,,,,,
pairwise_similarity,2104,2104,,,,0.428571428571,,,,,,,,,
pairwise_similarity,2104,2104,,,,0.571428571429,,,,,,,,,
pairwise_similarity,2104,2104,,,,0.571428571429,,,,,,,,,
pairwise_similarity,2104,2104,,,,0.714285714286,,,,,,,,,
pairwise_similarity,2104,2104,,,,0.857142857143,,,,,,,,,
pairwise_similarity,2104,2104,,,,0.428571428571,,,,,,,,,
pairwise_similarity,2104,2104,,,,0.642857142857,,,,,,,,,
pairwise_similarity,2104,2104,,,,0.5,,,,,,,,,
pairwise_similarity,2104,2104,,,,0.571428571429,,,,,,,,,
pairwise_similarity,2104,2104,,,,0.5,,,,,,,,,
pairwise_similarity,2104,2104,,,,0.5,,,,,,,,,
pairwise_similarity,2104,2104,,,,0.857142857143,,,,,,,,,
pairwise_similarity,2104,2104,,,,0.571428571429,,,,,,,,,
pairwise_similarity,2104,2104,,,,0.571428571429,,,,,,,,,
pairwise_similarity,2104,2104,,,,0.571428571429,,,,,,,,,
pairwise_similarity,2104,2104,,,,0.428571428571,,,,,,,,,
pairwise_similarity,2104,2104,,,,0.571428571429,,,,,,,,,
pairwise_similarity,2104,2104,,,,0.571428571429,,,,,,,,,
pairwise_similarity,2104,2104,,,,0.714285714286,,,,,,,,,
pairwise_similarity,2104,2104,,,,0.428571428571,,,,,,,,,
pairwise_similarity,2104,2104,,,,0.857142857143,,,,,,,,,
pairwise_similarity,2104,2104,,,,0.571428571429,,,,,,,,,
pairwise_similarity,2104,2104,,,,0.428571428571,,,,,,,,,
pairwise_similarity,2104,2104,,,,0.642857142857,,,,,,,,,
pairwise_similarity,2104,2104,,,,0.5,,,,,,,,,
pairwise_similarity,2104,2104,,,,0.642857142857,,,,,,,,,
pairwise_similarity,2104,2104,,,,0.357142857143,,,,,,,,,
pairwise_similarity,2104,2104,,,,0.857142857143,,,,,,,,,
pairwise_similarity,2104,2104,,,,0.5,,,,,,,,,
pairwise_similarity,2104,2104,,,,0.857142857143,,,,,,,,,
pairwise_similarity,2104,2104,,,,0.5,,,,,,,,,
pairwise_similarity,2104,2104,,,,0.642857142857,,,,,,,,,
pairwise_similarity,2104,2104,,,,0.642857142857,,,,,,,,,
pairwise_similarity,2104,2104,,,,0.571428571429,,,,,,,,,
pairwise_similarity,2104,2104,,,,0.642857142857,,,,,,,,,
pairwise_similarity,2104,2104,,,,0.714285714286,,,,,,,,,
pairwise_similarity,2104,2104,,,,0.714285714286,,,,,,,,,
pairwise_similarity,2104,2104,,,,0.571428571429,,,,,,,,,
pairwise_similarity,2104,2104,,,,0.285714285714,,,,,,,,,
pairwise_similarity,2104,2104,,,,0.642857142857,,,,,,,,,
pairwise_similarity,2104,2104,,,,0.5,,,,,,,,,
pairwise_similarity,2104,2104,,,,0.642857142857,,,,,,,,,
pairwise_similarity,2104,2104,,,,0.357142857143,,,,,,,,,
pairwise_similarity,2104,2104,,,,0.785714285714,,,,,,,,,
pairwise_similarity,2104,2104,,,,0.785714285714,,,,,,,,,
pairwise_similarity,2104,2104,,,,0.785714285714,,,,,,,,,
pairwise_similarity,2104,2104,,,,0.785714285714,,,,,,,,,
pairwise_similarity,2104,2104,,,,0.5,,,,,,,,,
pairwise_similarity,2104,2104,,,,0.571428571429,,,,,,,,,
pairwise_similarity,2104,2104,,,,0.428571428571,,,,,,,,,
pairwise_similarity,2104,2104,,,,0.642857142857,,,,,,,,,
pairwise_similarity,2104,2104,,,,0.857142857143,,,,,,,,,
pairwise_similarity,2104,2104,,,,0.428571428571,,,,,,,,,
pairwise_similarity,2104,2104,,,,0.785714285714,,,,,,,,,
pairwise_similarity,2104,2104,,,,0.5,,,,,,,,,
pairwise_similarity,2104,2104,,,,0.142857142857,,,,,,,,,
pairwise_similarity,2104,2104,,,,0,,,,,,,,,
pairwise_similarity,2104,2104,,,,0.714285714286,,,,,,,,,
pairwise_similarity,2104,2104,,,,0.428571428571,,,,,,,,,
pairwise_similarity,2104,2104,,,,0.285714285714,,,,,,,,,
pairwise_similarity,2104,2104,,,,0,,,,,,,,,
pairwise_similarity,2104,2104,,,,0.428571428571,,,,,,,,,
pairwise_similarity,2104,2104,,,,0.571428571429,,,,,,,,,
pairwise_similarity,2104,2104,,,,0.142857142857,,,,,,,,,
pairwise_similarity,2104,2104,,,,0.5,,,,,,,,,
pairwise_similarity,2104,2104,,,,0.0714285714286,,,,,,,,,
pairwise_similarity,2104,2104,,,,0.214285714286,,,,,,,,,
pairwise_similarity,2104,2104,,,,-0.0714285714286,,,,,,,,,
pairwise_similarity,2104,2104,,,,0.428571428571,,,,,,,,,
pairwise_similarity,2104,2104,,,,0.357142857143,,,,,,,,,
pairwise_similarity,2104,2104,,,,0.714285714286,,,,,,,,,
pairwise_similarity,2104,2104,,,,0.785714285714,,,,,,,,,
pairwise_similarity,2104,2104,,,,0.642857142857,,,,,,,,,
pairwise_similarity,2104,2104,,,,0.214285714286,,,,,,,,,
pairwise_similarity,2104,2104,,,,0.428571428571,,,,,,,,,
pairwise_similarity,2104,2104,,,,0.357142857143,,,,,,,,,
pairwise_similarity,2104,2104,,,,0.285714285714,,,,,,,,,
pairwise_similarity,2104,2104,,,,0.285714285714,,,,,,,,,
pairwise_similarity,2104,2104,,,,0.428571428571,,,,,,,,,
pairwise_similarity,2104,2104,,,,0.428571428571,,,,,,,,,
pairwise_similarity,2104,2104,,,,0.214285714286,,,,,,,,,
pairwise_similarity,2104,2104,,,,0.785714285714,,,,,,,,,
pairwise_similarity,2104,2104,,,,0.5,,,,,,,,,
pairwise_similarity,2104,2104,,,,0.214285714286,,,,,,,,,
pairwise_similarity,2104,2104,,,,0.357142857143,,,,,,,,,
pairwise_similarity,2104,2104,,,,0.357142857143,,,,,,,,,
pairwise_similarity,2104,2104,,,,0.357142857143,,,,,,,,,
pairwise_similarity,2104,2104,,,,0.5,,,,,,,,,
pairwise_similarity,2104,2104,,,,0.5,,,,,,,,,
pairwise_similarity,2104,2104,,,,0.428571428571,,,,,,,,,
pairwise_similarity,2104,2104,,,,0.142857142857,,,,,,,,,
pairwise_similarity,2104,2104,,,,0.214285714286,,,,,,,,,
pairwise_similarity,2104,2104,,,,0.428571428571,,,,,,,,,
pairwise_similarity,2104,2104,,,,0.857142857143,,,,,,,,,
pairwise_similarity,2104,2104,,,,0.642857142857,,,,,,,,,
pairwise_similarity,2104,2104,,,,0.5,,,,,,,,,
pairwise_similarity,2104,2104,,,,0.571428571429,,,,,,,,,
pairwise_similarity,2104,2104,,,,0.285714285714,,,,,,,,,
pairwise_similarity,2104,2104,,,,0.428571428571,,,,,,,,,
pairwise_similarity,2104,2104,,,,0.714285714286,,,,,,,,,
pairwise_similarity,2104,2104,,,,0.428571428571,,,,,,,,,
pairwise_similarity,2104,2104,,,,0.714285714286,,,,,,,,,
pairwise_similarity,2104,2104,,,,0.428571428571,,,,,,,,,
pairwise_similarity,2104,2104,,,,0.428571428571,,,,,,,,,
pairwise_similarity,2104,2104,,,,0.357142857143,,,,,,,,,
pairwise_similarity,2104,2104,,,,0.5,,,,,,,,,
pairwise_similarity,2104,2104,,,,0.785714285714,,,,,,,,,
pairwise_similarity,2104,2104,,,,0.5,,,,,,,,,
pairwise_similarity,2104,2104,,,,0.714285714286,,,,,,,,,
pairwise_similarity,2104,2104,,,,0.214285714286,,,,,,,,,
pairwise_similarity,2104,2104,,,,0.428571428571,,,,,,,,,
pairwise_similarity,2104,2104,,,,0.214285714286,,,,,,,,,
pairwise_similarity,2104,2104,,,,0.357142857143,,,,,,,,,
pairwise_similarity,2104,2104,,,,0.5,,,,,,,,,
pairwise_similarity,2104,2104,,,,0.428571428571,,,,,,,,,
pairwise_similarity,2104,2104,,,,0.5,,,,,,,,,
pairwise_similarity,2104,2104,,,,0.571428571429,,,,,,,,,
pairwise_similarity,2104,2104,,,,0.571428571429,,,,,,,,,
pairwise_similarity,2104,2104,,,,0.285714285714,,,,,,,,,
pairwise_similarity,2104,2104,,,,0.142857142857,,,,,,,,,
pairwise_similarity,2104,2104,,,,0.642857142857,,,,,,,,,
pairwise_similarity,2104,2104,,,,0.0714285714286,,,,,,,,,
pairwise_similarity,2104,2104,,,,0.5,,,,,,,,,
pairwise_similarity,2104,2104,,,,0.5,,,,,,,,,
pairwise_similarity,2104,2104,,,,0.5,,,,,,,,,
pairwise_similarity,2104,2104,,,,0.642857142857,,,,,,,,,
pairwise_similarity,2104,2104,,,,0.785714285714,,,,,,,,,
pairwise_similarity,2104,2104,,,,0.642857142857,,,,,,,,,
pairwise_similarity,2104,2104,,,,0.0714285714286,,,,,,,,,
pairwise_similarity,2104,2104,,,,0.428571428571,,,,,,,,,
pairwise_similarity,2104,2104,,,,0.428571428571,,,,,,,,,
pairwise_similarity,2104,2104,,,,0.785714285714,,,,,,,,,
pairwise_similarity,2104,2104,,,,0.571428571429,,,,,,,,,
pairwise_similarity,2104,2104,,,,0.142857142857,,,,,,,,,
pairwise_similarity,2104,2104,,,,0.5,,,,,,,,,
pairwise_similarity,2104,2104,,,,0.357142857143,,,,,,,,,
pairwise_similarity,2104,2104,,,,0.142857142857,,,,,,,,,
pairwise_similarity,2104,2104,,,,0.428571428571,,,,,,,,,
pairwise_similarity,2104,2104,,,,0.714285714286,,,,,,,,,
pairwise_similarity,2104,2104,,,,0.714285714286,,,,,,,,,
pairwise_similarity,2104,2104,,,,0.571428571429,,,,,,,,,
pairwise_similarity,2104,2104,,,,0.285714285714,,,,,,,,,
pairwise_similarity,2104,2104,,,,0.571428571429,,,,,,,,,
pairwise_similarity,2104,2104,,,,0.214285714286,,,,,,,,,
pairwise_similarity,2104,2104,,,,0.642857142857,,,,,,,,,
pairwise_similarity,2104,2104,,,,0.642857142857,,,,,,,,,
pairwise_similarity,2104,2104,,,,0.785714285714,,,,,,,,,
pairwise_similarity,2104,2104,,,,0.571428571429,,,,,,,,,
pairwise_similarity,2104,2104,,,,0.214285714286,,,,,,,,,
pairwise_similarity,2104,2104,,,,0.285714285714,,,,,,,,,
pairwise_similarity,2104,2104,,,,0.0714285714286,,,,,,,,,
pairwise_similarity,2104,2104,,,,0.214285714286,,,,,,,,,
pairwise_similarity,2104,2104,,,,0.642857142857,,,,,,,,,
pairwise_similarity,2104,2104,,,,0.285714285714,,,,,,,,,
pairwise_similarity,2104,2104,,,,0.357142857143,,,,,,,,,
pairwise_similarity,2104,2104,,,,0.571428571429,,,,,,,,,
pairwise_similarity,2104,2104,,,,0.714285714286,,,,,,,,,
pairwise_similarity,2104,2104,,,,0.285714285714,,,,,,,,,
pairwise_similarity,2104,2104,,,,0.142857142857,,,,,,,,,
pairwise_similarity,2104,2104,,,,0.642857142857,,,,,,,,,
pairwise_similarity,2104,2104,,,,-0.0714285714286,,,,,,,,,
pairwise_similarity,2104,2104,,,,0.357142857143,,,,,,,,,
pairwise_similarity,2104,2104,,,,0.357142857143,,,,,,,,,
pairwise_similarity,2104,2104,,,,0.642857142857,,,,,,,,,
pairwise_similarity,2104,2104,,,,0.5,,,,,,,,,
pairwise_similarity,2104,2104,,,,0.642857142857,,,,,,,,,
pairwise_similarity,2104,2104,,,,0.5,,,,,,,,,
pairwise_similarity,2104,2104,,,,0.0714285714286,,,,,,,,,
pairwise_similarity,2104,2104,,,,0.428571428571,,,,,,,,,
pairwise_similarity,2104,2104,,,,0.428571428571,,,,,,,,,
pairwise_similarity,2104,2104,,,,0.785714285714,,,,,,,,,
pairwise_similarity,2104,2104,,,,0.428571428571,,,,,,,,,
pairwise_similarity,2104,2104,,,,0,,,,,,,,,
pairwise_similarity,2104,2104,,,,0.357142857143,,,,,,,,,
pairwise_similarity,2104,2104,,,,0.214285714286,,,,,,,,,
pairwise_similarity,2104,2104,,,,0.714285714286,,,,,,,,,
pairwise_similarity,2104,2104,,,,0.428571428571,,,,,,,,,
pairwise_similarity,2104,2104,,,,0,,,,,,,,,
pairwise_similarity,2104,2104,,,,0.571428571429,,,,,,,,,
pairwise_similarity,2104,2104,,,,0.857142857143,,,,,,,,,
pairwise_similarity,2104,2104,,,,0.285714285714,,,,,,,,,
pairwise_similarity,2104,2104,,,,0.785714285714,,,,,,,,,
pairwise_similarity,2104,2104,,,,0.214285714286,,,,,,,,,
pairwise_similarity,2104,2104,,,,0.357142857143,,,,,,,,,
pairwise_similarity,2104,2104,,,,0.0714285714286,,,,,,,,,
pairwise_similarity,2104,2104,,,,0.571428571429,,,,,,,,,
pairwise_similarity,2104,2104,,,,0.642857142857,,,,,,,,,
pairwise_similarity,2104,2104,,,,0.714285714286,,,,,,,,,
pairwise_similarity,2104,2104,,,,0.785714285714,,,,,,,,,
pairwise_similarity,2104,2104,,,,0.928571428571,,,,,,,,,
pairwise_similarity,2104,2104,,,,0.5,,,,,,,,,
pairwise_similarity,2104,2104,,,,0.571428571429,,,,,,,,,
pairwise_similarity,2104,2104,,,,0.5,,,,,,,,,
pairwise_similarity,2104,2104,,,,0.571428571429,,,,,,,,,
pairwise_similarity,2104,2104,,,,0.428571428571,,,,,,,,,
pairwise_similarity,2104,2104,,,,0.714285714286,,,,,,,,,
pairwise_similarity,2104,2104,,,,0.714285714286,,,,,,,,,
pairwise_similarity,2104,2104,,,,0.5,,,,,,,,,
pairwise_similarity,2104,2104,,,,0.785714285714,,,,,,,,,
pairwise_similarity,2104,2104,,,,0.785714285714,,,,,,,,,
pairwise_similarity,2104,2104,,,,0.357142857143,,,,,,,,,
pairwise_similarity,2104,2104,,,,0.5,,,,,,,,,
pairwise_similarity,2104,2104,,,,0.5,,,,,,,,,
pairwise_similarity,2104,2104,,,,0.5,,,,,,,,,
pairwise_similarity,2104,2104,,,,0.642857142857,,,,,,,,,
pairwise_similarity,2104,2104,,,,0.357142857143,,,,,,,,,
pairwise_similarity,2104,2104,,,,0.714285714286,,,,,,,,,
pairwise_similarity,2104,2104,,,,0.428571428571,,,,,,,,,
pairwise_similarity,2104,2104,,,,0.357142857143,,,,,,,,,
pairwise_similarity,2104,2104,,,,0.428571428571,,,,,,,,,
pairwise_similarity,2104,2104,,,,0.857142857143,,,,,,,,,
pairwise_similarity,2104,2104,,,,0.642857142857,,,,,,,,,
pairwise_similarity,2104,2104,,,,0.785714285714,,,,,,,,,
pairwise_similarity,2104,2104,,,,0.428571428571,,,,,,,,,
pairwise_similarity,2104,2104,,,,0.285714285714,,,,,,,,,
pairwise_similarity,2104,2104,,,,0.714285714286,,,,,,,,,
pairwise_similarity,2104,2104,,,,0.857142857143,,,,,,,,,
pairwise_similarity,2104,2104,,,,0.571428571429,,,,,,,,,
pairwise_similarity,2104,2104,,,,0.785714285714,,,,,,,,,
pairwise_similarity,2104,2104,,,,0.357142857143,,,,,,,,,
pairwise_similarity,2104,2104,,,,0.642857142857,,,,,,,,,
pairwise_similarity,2104,2104,,,,0.357142857143,,,,,,,,,
pairwise_similarity,2104,2104,,,,0.571428571429,,,,,,,,,
pairwise_similarity,2104,2104,,,,0.785714285714,,,,,,,,,
pairwise_similarity,2104,2104,,,,0.714285714286,,,,,,,,,
pairwise_similarity,2104,2104,,,,0.642857142857,,,,,,,,,
pairwise_similarity,2104,2104,,,,0.785714285714,,,,,,,,,
pairwise_similarity,2104,2104,,,,0.642857142857,,,,,,,,,
pairwise_similarity,2104,2104,,,,0.571428571429,,,,,,,,,
pairwise_similarity,2104,2104,,,,0.5,,,,,,,,,
pairwise_similarity,2104,2104,,,,0.714285714286,,,,,,,,,
pairwise_similarity,2104,2104,,,,0.571428571429,,,,,,,,,
pairwise_similarity,2104,2104,,,,0.857142857143,,,,,,,,,
pairwise_similarity,2104,2104,,,,0.571428571429,,,,,,,,,
pairwise_similarity,2104,2104,,,,0.642857142857,,,,,,,,,
pairwise_similarity,2104,2104,,,,0.5,,,,,,,,,
pairwise_similarity,2104,2104,,,,0.642857142857,,,,,,,,,
pairwise_similarity,2104,2104,,,,0.357142857143,,,,,,,,,
pairwise_similarity,2104,2104,,,,0.642857142857,,,,,,,,,
pairwise_similarity,2104,2104,,,,0.5,,,,,,,,,
pairwise_similarity,2104,2104,,,,0.642857142857,,,,,,,,,
pairwise_similarity,2104,2104,,,,0.785714285714,,,,,,,,,
pairwise_similarity,2104,2104,,,,0.5,,,,,,,,,
pairwise_similarity,2104,2104,,,,0.714285714286,,,,,,,,,
pairwise_similarity,2104,2104,,,,0.714285714286,,,,,,,,,
pairwise_similarity,2104,2104,,,,0.5,,,,,,,,,
pairwise_similarity,2104,2104,,,,0.428571428571,,,,,,,,,
pairwise_similarity,2104,2104,,,,0.571428571429,,,,,,,,,
pairwise_similarity,2104,2104,,,,0.785714285714,,,,,,,,,
pairwise_similarity,2104,2104,,,,0.642857142857,,,,,,,,,
pairwise_similarity,2104,2104,,,,0.428571428571,,,,,,,,,
pairwise_similarity,2104,2104,,,,0.714285714286,,,,,,,,,
pairwise_similarity,2104,2104,,,,0.428571428571,,,,,,,,,
pairwise_similarity,2104,2104,,,,0.428571428571,,,,,,,,,
pairwise_similarity,2104,2104,,,,0.5,,,,,,,,,
pairwise_similarity,2104,2104,,,,0.642857142857,,,,,,,,,
pairwise_similarity,2104,2104,,,,0.642857142857,,,,,,,,,
pairwise_similarity,2104,2104,,,,0.5,,,,,,,,,
pairwise_similarity,2104,2104,,,,0.857142857143,,,,,,,,,
pairwise_similarity,2104,2104,,,,0.357142857143,,,,,,,,,
pairwise_similarity,2104,2104,,,,0.571428571429,,,,,,,,,
pairwise_similarity,2104,2104,,,,0.357142857143,,,,,,,,,
pairwise_similarity,2104,2104,,,,0.5,,,,,,,,,
pairwise_similarity,2104,2104,,,,0.642857142857,,,,,,,,,
pairwise_similarity,2104,2104,,,,0.571428571429,,,,,,,,,
pairwise_similarity,2104,2104,,,,0.642857142857,,,,,,,,,
pairwise_similarity,2104,2104,,,,0.714285714286,,,,,,,,,
pairwise_similarity,2104,2104,,,,0.714285714286,,,,,,,,,
pairwise_similarity,2104,2104,,,,0.428571428571,,,,,,,,,
pairwise_similarity,2104,2104,,,,0.285714285714,,,,,,,,,
pairwise_similarity,2104,2104,,,,0.785714285714,,,,,,,,,
pairwise_similarity,2104,2104,,,,0.214285714286,,,,,,,,,
pairwise_similarity,2104,2104,,,,0.642857142857,,,,,,,,,
pairwise_similarity,2104,2104,,,,0.357142857143,,,,,,,,,
pairwise_similarity,2104,2104,,,,0.785714285714,,,,,,,,,
pairwise_similarity,2104,2104,,,,0.785714285714,,,,,,,,,
pairwise_similarity,2104,2104,,,,0.785714285714,,,,,,,,,
pairwise_similarity,2104,2104,,,,0.642857142857,,,,,,,,,
pairwise_similarity,2104,2104,,,,0.214285714286,,,,,,,,,
pairwise_similarity,2104,2104,,,,0.571428571429,,,,,,,,,
pairwise_similarity,2104,2104,,,,0.428571428571,,,,,,,,,
pairwise_similarity,2104,2104,,,,0.928571428571,,,,,,,,,
pairwise_similarity,2104,2104,,,,0.714285714286,,,,,,,,,
pairwise_similarity,2104,2104,,,,0.285714285714,,,,,,,,,
pairwise_similarity,2104,2104,,,,0.5,,,,,,,,,
pairwise_similarity,2104,2104,,,,0.5,,,,,,,,,
pairwise_similarity,2104,2104,,,,0.428571428571,,,,,,,,,
pairwise_similarity,2104,2104,,,,0.142857142857,,,,,,,,,
pairwise_similarity,2104,2104,,,,0.714285714286,,,,,,,,,
pairwise_similarity,2104,2104,,,,0.0714285714286,,,,,,,,,
pairwise_similarity,2104,2104,,,,0.642857142857,,,,,,,,,
pairwise_similarity,2104,2104,,,,0.5,,,,,,,,,
pairwise_similarity,2104,2104,,,,0.5,,,,,,,,,
pairwise_similarity,2104,2104,,,,0.428571428571,,,,,,,,,
pairwise_similarity,2104,2104,,,,0.357142857143,,,,,,,,,
pairwise_similarity,2104,2104,,,,0.285714285714,,,,,,,,,
pairwise_similarity,2104,2104,,,,-0.0714285714286,,,,,,,,,
pairwise_similarity,2104,2104,,,,0.0714285714286,,,,,,,,,
pairwise_similarity,2104,2104,,,,0.357142857143,,,,,,,,,
pairwise_similarity,2104,2104,,,,0.142857142857,,,,,,,,,
pairwise_similarity,2104,2104,,,,0.214285714286,,,,,,,,,
pairwise_similarity,2104,2104,,,,0.285714285714,,,,,,,,,
pairwise_similarity,2104,2104,,,,0.428571428571,,,,,,,,,
pairwise_similarity,2104,2104,,,,0.285714285714,,,,,,,,,
pairwise_similarity,2104,2104,,,,-0.142857142857,,,,,,,,,
pairwise_similarity,2104,2104,,,,0.357142857143,,,,,,,,,
pairwise_similarity,2104,2104,,,,0.0714285714286,,,,,,,,,
pairwise_similarity,2104,2104,,,,0.214285714286,,,,,,,,,
pairwise_similarity,2104,2104,,,,0.357142857143,,,,,,,,,
pairwise_similarity,2104,2104,,,,0.357142857143,,,,,,,,,
pairwise_similarity,2104,2104,,,,0.357142857143,,,,,,,,,
pairwise_similarity,2104,2104,,,,0.5,,,,,,,,,
pairwise_similarity,2104,2104,,,,0.357142857143,,,,,,,,,
pairwise_similarity,2104,2104,,,,0.214285714286,,,,,,,,,
pairwise_similarity,2104,2104,,,,0.142857142857,,,,,,,,,
pairwise_similarity,2104,2104,,,,0.571428571429,,,,,,,,,
pairwise_similarity,2104,2104,,,,0.5,,,,,,,,,
pairwise_similarity,2104,2104,,,,0.428571428571,,,,,,,,,
pairwise_similarity,2104,2104,,,,-0.142857142857,,,,,,,,,
pairwise_similarity,2104,2104,,,,0.357142857143,,,,,,,,,
pairwise_similarity,2104,2104,,,,0.0714285714286,,,,,,,,,
pairwise_similarity,2104,2104,,,,0.714285714286,,,,,,,,,
pairwise_similarity,2104,2104,,,,0.571428571429,,,,,,,,,
pairwise_similarity,2104,2104,,,,0.642857142857,,,,,,,,,
pairwise_similarity,2104,2104,,,,0.5,,,,,,,,,
pairwise_similarity,2104,2104,,,,0.785714285714,,,,,,,,,
pairwise_similarity,2104,2104,,,,0.5,,,,,,,,,
pairwise_similarity,2104,2104,,,,0.857142857143,,,,,,,,,
pairwise_similarity,2104,2104,,,,0.5,,,,,,,,,
pairwise_similarity,2104,2104,,,,0.714285714286,,,,,,,,,
pairwise_similarity,2104,2104,,,,0.5,,,,,,,,,
pairwise_similarity,2104,2104,,,,0.642857142857,,,,,,,,,
pairwise_similarity,2104,2104,,,,0.785714285714,,,,,,,,,
pairwise_similarity,2104,2104,,,,0.571428571429,,,,,,,,,
pairwise_similarity,2104,2104,,,,0.642857142857,,,,,,,,,
pairwise_similarity,2104,2104,,,,0.857142857143,,,,,,,,,
pairwise_similarity,2104,2104,,,,0.857142857143,,,,,,,,,
pairwise_similarity,2104,2104,,,,0.571428571429,,,,,,,,,
pairwise_similarity,2104,2104,,,,0.428571428571,,,,,,,,,
pairwise_similarity,2104,2104,,,,0.785714285714,,,,,,,,,
pairwise_similarity,2104,2104,,,,0.357142857143,,,,,,,,,
pairwise_similarity,2104,2104,,,,0.642857142857,,,,,,,,,
pairwise_similarity,2104,2104,,,,0.357142857143,,,,,,,,,
pairwise_similarity,2104,2104,,,,0.785714285714,,,,,,,,,
pairwise_similarity,2104,2104,,,,0.785714285714,,,,,,,,,
pairwise_similarity,2104,2104,,,,0.928571428571,,,,,,,,,
pairwise_similarity,2104,2104,,,,0.928571428571,,,,,,,,,
pairwise_similarity,2104,2104,,,,0.357142857143,,,,,,,,,
pairwise_similarity,2104,2104,,,,0.714285714286,,,,,,,,,
pairwise_similarity,2104,2104,,,,0.571428571429,,,,,,,,,
pairwise_similarity,2104,2104,,,,0.785714285714,,,,,,,,,
pairwise_similarity,2104,2104,,,,0.714285714286,,,,,,,,,
pairwise_similarity,2104,2104,,,,0.428571428571,,,,,,,,,
pairwise_similarity,2104,2104,,,,0.785714285714,,,,,,,,,
pairwise_similarity,2104,2104,,,,0.5,,,,,,,,,
pairwise_similarity,2104,2104,,,,0.428571428571,,,,,,,,,
pairwise_similarity,2104,2104,,,,0.785714285714,,,,,,,,,
pairwise_similarity,2104,2104,,,,0.214285714286,,,,,,,,,
pairwise_similarity,2104,2104,,,,0.5,,,,,,,,,
pairwise_similarity,2104,2104,,,,0.214285714286,,,,,,,,,
pairwise_similarity,2104,2104,,,,0.571428571429,,,,,,,,,
pairwise_similarity,2104,2104,,,,0.642857142857,,,,,,,,,
pairwise_similarity,2104,2104,,,,0.714285714286,,,,,,,,,
pairwise_similarity,2104,2104,,,,0.785714285714,,,,,,,,,
pairwise_similarity,2104,2104,,,,0.928571428571,,,,,,,,,
pairwise_similarity,2104,2104,,,,0.642857142857,,,,,,,,,
pairwise_similarity,2104,2104,,,,0.571428571429,,,,,,,,,
pairwise_similarity,2104,2104,,,,0.5,,,,,,,,,
pairwise_similarity,2104,2104,,,,0.714285714286,,,,,,,,,
pairwise_similarity,2104,2104,,,,0.571428571429,,,,,,,,,
pairwise_similarity,2104,2104,,,,0.714285714286,,,,,,,,,
pairwise_similarity,2104,2104,,,,0.714285714286,,,,,,,,,
pairwise_similarity,2104,2104,,,,0.642857142857,,,,,,,,,
pairwise_similarity,2104,2104,,,,0.642857142857,,,,,,,,,
pairwise_similarity,2104,2104,,,,0.642857142857,,,,,,,,,
pairwise_similarity,2104,2104,,,,0.357142857143,,,,,,,,,
pairwise_similarity,2104,2104,,,,0.5,,,,,,,,,
pairwise_similarity,2104,2104,,,,0.5,,,,,,,,,
pairwise_similarity,2104,2104,,,,0.642857142857,,,,,,,,,
pairwise_similarity,2104,2104,,,,0.785714285714,,,,,,,,,
pairwise_similarity,2104,2104,,,,0.357142857143,,,,,,,,,
pairwise_similarity,2104,2104,,,,0.714285714286,,,,,,,,,
pairwise_similarity,2104,2104,,,,0.571428571429,,,,,,,,,
pairwise_similarity,2104,2104,,,,0.5,,,,,,,,,
pairwise_similarity,2104,2104,,,,0.428571428571,,,,,,,,,
pairwise_similarity,2104,2104,,,,0.714285714286,,,,,,,,,
pairwise_similarity,2104,2104,,,,0.785714285714,,,,,,,,,
pairwise_similarity,2104,2104,,,,0.642857142857,,,,,,,,,
pairwise_similarity,2104,2104,,,,0.357142857143,,,,,,,,,
pairwise_similarity,2104,2104,,,,0.642857142857,,,,,,,,,
pairwise_similarity,2104,2104,,,,0.642857142857,,,,,,,,,
pairwise_similarity,2104,2104,,,,0.5,,,,,,,,,
pairwise_similarity,2104,2104,,,,0.428571428571,,,,,,,,,
pairwise_similarity,2104,2104,,,,0.642857142857,,,,,,,,,
pairwise_similarity,2104,2104,,,,0.428571428571,,,,,,,,,
pairwise_similarity,2104,2104,,,,0.214285714286,,,,,,,,,
pairwise_similarity,2104,2104,,,,0.357142857143,,,,,,,,,
pairwise_similarity,2104,2104,,,,0.357142857143,,,,,,,,,
pairwise_similarity,2104,2104,,,,0.285714285714,,,,,,,,,
pairwise_similarity,2104,2104,,,,0.357142857143,,,,,,,,,
pairwise_similarity,2104,2104,,,,0.428571428571,,,,,,,,,
pairwise_similarity,2104,2104,,,,0.428571428571,,,,,,,,,
pairwise_similarity,2104,2104,,,,0.571428571429,,,,,,,,,
pairwise_similarity,2104,2104,,,,0.142857142857,,,,,,,,,
pairwise_similarity,2104,2104,,,,0.5,,,,,,,,,
pairwise_similarity,2104,2104,,,,0.214285714286,,,,,,,,,
pairwise_similarity,2104,2104,,,,0.357142857143,,,,,,,,,
pairwise_similarity,2104,2104,,,,0.214285714286,,,,,,,,,
pairwise_similarity,2104,2104,,,,0.5,,,,,,,,,
pairwise_similarity,2104,2104,,,,0.357142857143,,,,,,,,,
pairwise_similarity,2104,2104,,,,0.642857142857,,,,,,,,,
pairwise_similarity,2104,2104,,,,0.642857142857,,,,,,,,,
pairwise_similarity,2104,2104,,,,0.357142857143,,,,,,,,,
pairwise_similarity,2104,2104,,,,0.428571428571,,,,,,,,,
pairwise_similarity,2104,2104,,,,0.857142857143,,,,,,,,,
pairwise_similarity,2104,2104,,,,0.5,,,,,,,,,
pairwise_similarity,2104,2104,,,,0.285714285714,,,,,,,,,
pairwise_similarity,2104,2104,,,,0.142857142857,,,,,,,,,
pairwise_similarity,2104,2104,,,,0.5,,,,,,,,,
pairwise_similarity,2104,2104,,,,0.214285714286,,,,,,,,,
pairwise_similarity,2104,2104,,,,0.285714285714,,,,,,,,,
pairwise_similarity,2104,2104,,,,0.428571428571,,,,,,,,,
pairwise_similarity,2104,2104,,,,0.142857142857,,,,,,,,,
pairwise_similarity,2104,2104,,,,0.642857142857,,,,,,,,,
pairwise_similarity,2104,2104,,,,0.714285714286,,,,,,,,,
pairwise_similarity,2104,2104,,,,0.785714285714,,,,,,,,,
pairwise_similarity,2104,2104,,,,0.714285714286,,,,,,,,,
pairwise_similarity,2104,2104,,,,0.857142857143,,,,,,,,,
pairwise_similarity,2104,2104,,,,0.571428571429,,,,,,,,,
pairwise_similarity,2104,2104,,,,0.785714285714,,,,,,,,,
pairwise_similarity,2104,2104,,,,0.714285714286,,,,,,,,,
pairwise_similarity,2104,2104,,,,0.642857142857,,,,,,,,,
pairwise_similarity,2104,2104,,,,0.5,,,,,,,,,
pairwise_similarity,2104,2104,,,,0.785714285714,,,,,,,,,
pairwise_similarity,2104,2104,,,,0.5,,,,,,,,,
pairwise_similarity,2104,2104,,,,0.571428571429,,,,,,,,,
pairwise_similarity,2104,2104,,,,0.571428571429,,,,,,,,,
pairwise_similarity,2104,2104,,,,0.714285714286,,,,,,,,,
pairwise_similarity,2104,2104,,,,0.285714285714,,,,,,,,,
pairwise_similarity,2104,2104,,,,0.571428571429,,,,,,,,,
pairwise_similarity,2104,2104,,,,0.571428571429,,,,,,,,,
pairwise_similarity,2104,2104,,,,0.571428571429,,,,,,,,,
pairwise_similarity,2104,2104,,,,0.714285714286,,,,,,,,,
pairwise_similarity,2104,2104,,,,0.571428571429,,,,,,,,,
pairwise_similarity,2104,2104,,,,0.642857142857,,,,,,,,,
pairwise_similarity,2104,2104,,,,0.5,,,,,,,,,
pairwise_similarity,2104,2104,,,,0.428571428571,,,,,,,,,
pairwise_similarity,2104,2104,,,,0.5,,,,,,,,,
pairwise_similarity,2104,2104,,,,0.642857142857,,,,,,,,,
pairwise_similarity,2104,2104,,,,0.714285714286,,,,,,,,,
pairwise_similarity,2104,2104,,,,0.857142857143,,,,,,,,,
pairwise_similarity,2104,2104,,,,0.571428571429,,,,,,,,,
pairwise_similarity,2104,2104,,,,0.428571428571,,,,,,,,,
pairwise_similarity,2104,2104,,,,0.642857142857,,,,,,,,,
pairwise_similarity,2104,2104,,,,0.428571428571,,,,,,,,,
pairwise_similarity,2104,2104,,,,0.357142857143,,,,,,,,,
pairwise_similarity,2104,2104,,,,0.142857142857,,,,,,,,,
pairwise_similarity,2104,2104,,,,0.285714285714,,,,,,,,,
pairwise_similarity,2104,2104,,,,0.285714285714,,,,,,,,,
pairwise_similarity,2104,2104,,,,0.5,,,,,,,,,
pairwise_similarity,2104,2104,,,,0.571428571429,,,,,,,,,
pairwise_similarity,2104,2104,,,,0.357142857143,,,,,,,,,
pairwise_similarity,2104,2104,,,,0.357142857143,,,,,,,,,
pairwise_similarity,2104,2104,,,,0.357142857143,,,,,,,,,
pairwise_similarity,2104,2104,,,,-0.0714285714286,,,,,,,,,
pairwise_similarity,2104,2104,,,,0.428571428571,,,,,,,,,
pairwise_similarity,2104,2104,,,,0,,,,,,,,,
pairwise_similarity,2104,2104,,,,0.428571428571,,,,,,,,,
pairwise_similarity,2104,2104,,,,0.142857142857,,,,,,,,,
pairwise_similarity,2104,2104,,,,0.571428571429,,,,,,,,,
pairwise_similarity,2104,2104,,,,0.714285714286,,,,,,,,,
pairwise_similarity,2104,2104,,,,0.571428571429,,,,,,,,,
pairwise_similarity,2104,2104,,,,0.428571428571,,,,,,,,,
pairwise_similarity,2104,2104,,,,0.285714285714,,,,,,,,,
pairwise_similarity,2104,2104,,,,0.214285714286,,,,,,,,,
pairwise_similarity,2104,2104,,,,0.5,,,,,,,,,
pairwise_similarity,2104,2104,,,,0.571428571429,,,,,,,,,
pairwise_similarity,2104,2104,,,,0.642857142857,,,,,,,,,
pairwise_similarity,2104,2104,,,,0.0714285714286,,,,,,,,,
pairwise_similarity,2104,2104,,,,0.285714285714,,,,,,,,,
pairwise_similarity,2104,2104,,,,0.285714285714,,,,,,,,,
pairwise_similarity,2104,2104,,,,0.714285714286,,,,,,,,,
pairwise_similarity,2104,2104,,,,0.642857142857,,,,,,,,,
pairwise_similarity,2104,2104,,,,0.428571428571,,,,,,,,,
pairwise_similarity,2104,2104,,,,0.5,,,,,,,,,
pairwise_similarity,2104,2104,,,,0.285714285714,,,,,,,,,
pairwise_similarity,2104,2104,,,,0.428571428571,,,,,,,,,
pairwise_similarity,2104,2104,,,,0.571428571429,,,,,,,,,
pairwise_similarity,2104,2104,,,,0.357142857143,,,,,,,,,
pairwise_similarity,2104,2104,,,,0.428571428571,,,,,,,,,
pairwise_similarity,2104,2104,,,,0.642857142857,,,,,,,,,
pairwise_similarity,2104,2104,,,,0.642857142857,,,,,,,,,
pairwise_similarity,2104,2104,,,,0.5,,,,,,,,,
pairwise_similarity,2104,2104,,,,0.214285714286,,,,,,,,,
pairwise_similarity,2104,2104,,,,0.714285714286,,,,,,,,,
pairwise_similarity,2104,2104,,,,0.142857142857,,,,,,,,,
pairwise_similarity,2104,2104,,,,0.428571428571,,,,,,,,,
pairwise_similarity,2104,2104,,,,0.285714285714,,,,,,,,,
pairwise_similarity,2104,2104,,,,0.714285714286,,,,,,,,,
pairwise_similarity,2104,2104,,,,0.571428571429,,,,,,,,,
pairwise_similarity,2104,2104,,,,0.857142857143,,,,,,,,,
pairwise_similarity,2104,2104,,,,0.714285714286,,,,,,,,,
pairwise_similarity,2104,2104,,,,0.285714285714,,,,,,,,,
pairwise_similarity,2104,2104,,,,0.5,,,,,,,,,
pairwise_similarity,2104,2104,,,,0.642857142857,,,,,,,,,
pairwise_similarity,2104,2104,,,,0.714285714286,,,,,,,,,
pairwise_similarity,2104,2104,,,,0.5,,,,,,,,,
pairwise_similarity,2104,2104,,,,0.214285714286,,,,,,,,,
pairwise_similarity,2104,2104,,,,0.571428571429,,,,,,,,,
pairwise_similarity,2104,2104,,,,0.285714285714,,,,,,,,,
pairwise_similarity,2104,2104,,,,0.357142857143,,,,,,,,,
pairwise_similarity,2104,2104,,,,0.142857142857,,,,,,,,,
pairwise_similarity,2104,2104,,,,0.214285714286,,,,,,,,,
pairwise_similarity,2104,2104,,,,0,,,,,,,,,
pairwise_similarity,2104,2104,,,,0.142857142857,,,,,,,,,
pairwise_similarity,2104,2104,,,,0.571428571429,,,,,,,,,
pairwise_similarity,2104,2104,,,,0.0714285714286,,,,,,,,,
pairwise_similarity,2104,2104,,,,0.142857142857,,,,,,,,,
pairwise_similarity,2104,2104,,,,0.5,,,,,,,,,
pairwise_similarity,2104,2104,,,,0.642857142857,,,,,,,,,
pairwise_similarity,2104,2104,,,,0.214285714286,,,,,,,,,
pairwise_similarity,2104,2104,,,,0.214285714286,,,,,,,,,
pairwise_similarity,2104,2104,,,,0.571428571429,,,,,,,,,
pairwise_similarity,2104,2104,,,,-0.142857142857,,,,,,,,,
pairwise_similarity,2104,2104,,,,0.142857142857,,,,,,,,,
pairwise_similarity,2104,2104,,,,0.142857142857,,,,,,,,,
pairwise_similarity,2104,2104,,,,0.571428571429,,,,,,,,,
pairwise_similarity,2104,2104,,,,0.285714285714,,,,,,,,,
pairwise_similarity,2104,2104,,,,0.571428571429,,,,,,,,,
pairwise_similarity,2104,2104,,,,0.428571428571,,,,,,,,,
pairwise_similarity,2104,2104,,,,0,,,,,,,,,
pairwise_similarity,2104,2104,,,,0.357142857143,,,,,,,,,
pairwise_similarity,2104,2104,,,,0.357142857143,,,,,,,,,
pairwise_similarity,2104,2104,,,,0.571428571429,,,,,,,,,
pairwise_similarity,2104,2104,,,,0.214285714286,,,,,,,,,
pairwise_similarity,2104,2104,,,,-0.0714285714286,,,,,,,,,
pairwise_similarity,2104,2104,,,,0.285714285714,,,,,,,,,
pairwise_similarity,2104,2104,,,,0,,,,,,,,,
pairwise_similarity,2104,2104,,,,0.5,,,,,,,,,
pairwise_similarity,2104,2104,,,,0.714285714286,,,,,,,,,
pairwise_similarity,2104,2104,,,,0.5,,,,,,,,,
pairwise_similarity,2104,2104,,,,0.642857142857,,,,,,,,,
pairwise_similarity,2104,2104,,,,0.642857142857,,,,,,,,,
pairwise_similarity,2104,2104,,,,0.714285714286,,,,,,,,,
pairwise_similarity,2104,2104,,,,0.785714285714,,,,,,,,,
pairwise_similarity,2104,2104,,,,0.714285714286,,,,,,,,,
pairwise_similarity,2104,2104,,,,0.714285714286,,,,,,,,,
pairwise_similarity,2104,2104,,,,0.571428571429,,,,,,,,,
pairwise_similarity,2104,2104,,,,0.285714285714,,,,,,,,,
pairwise_similarity,2104,2104,,,,0.642857142857,,,,,,,,,
pairwise_similarity,2104,2104,,,,0.357142857143,,,,,,,,,
pairwise_similarity,2104,2104,,,,0.785714285714,,,,,,,,,
pairwise_similarity,2104,2104,,,,0.357142857143,,,,,,,,,
pairwise_similarity,2104,2104,,,,0.785714285714,,,,,,,,,
pairwise_similarity,2104,2104,,,,0.928571428571,,,,,,,,,
pairwise_similarity,2104,2104,,,,0.785714285714,,,,,,,,,
pairwise_similarity,2104,2104,,,,0.785714285714,,,,,,,,,
pairwise_similarity,2104,2104,,,,0.357142857143,,,,,,,,,
pairwise_similarity,2104,2104,,,,0.571428571429,,,,,,,,,
pairwise_similarity,2104,2104,,,,0.428571428571,,,,,,,,,
pairwise_similarity,2104,2104,,,,0.785714285714,,,,,,,,,
pairwise_similarity,2104,2104,,,,0.857142857143,,,,,,,,,
pairwise_similarity,2104,2104,,,,0.428571428571,,,,,,,,,
pairwise_similarity,2104,2104,,,,0.642857142857,,,,,,,,,
pairwise_similarity,2104,2104,,,,0.642857142857,,,,,,,,,
pairwise_similarity,2104,2104,,,,0.642857142857,,,,,,,,,
pairwise_similarity,2104,2104,,,,0.571428571429,,,,,,,,,
pairwise_similarity,2104,2104,,,,0.714285714286,,,,,,,,,
pairwise_similarity,2104,2104,,,,0.428571428571,,,,,,,,,
pairwise_similarity,2104,2104,,,,0.5,,,,,,,,,
pairwise_similarity,2104,2104,,,,0.428571428571,,,,,,,,,
pairwise_similarity,2104,2104,,,,0.5,,,,,,,,,
pairwise_similarity,2104,2104,,,,0.357142857143,,,,,,,,,
pairwise_similarity,2104,2104,,,,0.928571428571,,,,,,,,,
pairwise_similarity,2104,2104,,,,0.357142857143,,,,,,,,,
pairwise_similarity,2104,2104,,,,0.428571428571,,,,,,,,,
pairwise_similarity,2104,2104,,,,0.571428571429,,,,,,,,,
pairwise_similarity,2104,2104,,,,0.571428571429,,,,,,,,,
pairwise_similarity,2104,2104,,,,0.142857142857,,,,,,,,,
pairwise_similarity,2104,2104,,,,0.571428571429,,,,,,,,,
pairwise_similarity,2104,2104,,,,0.428571428571,,,,,,,,,
pairwise_similarity,2104,2104,,,,0.428571428571,,,,,,,,,
pairwise_similarity,2104,2104,,,,0.571428571429,,,,,,,,,
pairwise_similarity,2104,2104,,,,0.571428571429,,,,,,,,,
pairwise_similarity,2104,2104,,,,0.5,,,,,,,,,
pairwise_similarity,2104,2104,,,,0.785714285714,,,,,,,,,
pairwise_similarity,2104,2104,,,,0.285714285714,,,,,,,,,
pairwise_similarity,2104,2104,,,,0.357142857143,,,,,,,,,
pairwise_similarity,2104,2104,,,,0.5,,,,,,,,,
pairwise_similarity,2104,2104,,,,0.571428571429,,,,,,,,,
pairwise_similarity,2104,2104,,,,0.571428571429,,,,,,,,,
pairwise_similarity,2104,2104,,,,0.642857142857,,,,,,,,,
pairwise_similarity,2104,2104,,,,0.785714285714,,,,,,,,,
pairwise_similarity,2104,2104,,,,0.5,,,,,,,,,
pairwise_similarity,2104,2104,,,,0.714285714286,,,,,,,,,
pairwise_similarity,2104,2104,,,,0.642857142857,,,,,,,,,
pairwise_similarity,2104,2104,,,,0.571428571429,,,,,,,,,
pairwise_similarity,2104,2104,,,,0.571428571429,,,,,,,,,
pairwise_similarity,2104,2104,,,,0.714285714286,,,,,,,,,
pairwise_similarity,2104,2104,,,,0.428571428571,,,,,,,,,
pairwise_similarity,2104,2104,,,,0.5,,,,,,,,,
pairwise_similarity,2104,2104,,,,0.642857142857,,,,,,,,,
pairwise_similarity,2104,2104,,,,0.642857142857,,,,,,,,,
pairwise_similarity,2104,2104,,,,0.357142857143,,,,,,,,,
pairwise_similarity,2104,2104,,,,0.642857142857,,,,,,,,,
pairwise_similarity,2104,2104,,,,0.642857142857,,,,,,,,,
pairwise_similarity,2104,2104,,,,0.642857142857,,,,,,,,,
pairwise_similarity,2104,2104,,,,0.785714285714,,,,,,,,,
pairwise_similarity,2104,2104,,,,0.642857142857,,,,,,,,,
pairwise_similarity,2104,2104,,,,0.571428571429,,,,,,,,,
pairwise_similarity,2104,2104,,,,0.428571428571,,,,,,,,,
pairwise_similarity,2104,2104,,,,0.5,,,,,,,,,
pairwise_similarity,2104,2104,,,,0.714285714286,,,,,,,,,
pairwise_similarity,2104,2104,,,,0.571428571429,,,,,,,,,
pairwise_similarity,2104,2104,,,,0.928571428571,,,,,,,,,
pairwise_similarity,2104,2104,,,,0.642857142857,,,,,,,,,
pairwise_similarity,2104,2104,,,,0.857142857143,,,,,,,,,
pairwise_similarity,2104,2104,,,,0.428571428571,,,,,,,,,
pairwise_similarity,2104,2104,,,,0.5,,,,,,,,,
pairwise_similarity,2104,2104,,,,0.428571428571,,,,,,,,,
pairwise_similarity,2104,2104,,,,0.5,,,,,,,,,
pairwise_similarity,2104,2104,,,,0.357142857143,,,,,,,,,
pairwise_similarity,2104,2104,,,,0.642857142857,,,,,,,,,
pairwise_similarity,2104,2104,,,,0.5,,,,,,,,,
pairwise_similarity,2104,2104,,,,0.428571428571,,,,,,,,,
pairwise_similarity,2104,2104,,,,0.714285714286,,,,,,,,,
pairwise_similarity,2104,2104,,,,0.571428571429,,,,,,,,,
pairwise_similarity,2104,2104,,,,0.142857142857,,,,,,,,,
pairwise_similarity,2104,2104,,,,0.428571428571,,,,,,,,,
pairwise_similarity,2104,2104,,,,0.428571428571,,,,,,,,,
pairwise_similarity,2104,2104,,,,0.428571428571,,,,,,,,,
pairwise_similarity,2104,2104,,,,0.571428571429,,,,,,,,,
pairwise_similarity,2104,2104,,,,0.428571428571,,,,,,,,,
pairwise_similarity,2104,2104,,,,0.5,,,,,,,,,
pairwise_similarity,2104,2104,,,,0.357142857143,,,,,,,,,
pairwise_similarity,2104,2104,,,,0.285714285714,,,,,,,,,
pairwise_similarity,2104,2104,,,,0.357142857143,,,,,,,,,
pairwise_similarity,2104,2104,,,,0.928571428571,,,,,,,,,
pairwise_similarity,2104,2104,,,,0.571428571429,,,,,,,,,
pairwise_similarity,2104,2104,,,,0.571428571429,,,,,,,,,
pairwise_similarity,2104,2104,,,,0.571428571429,,,,,,,,,
pairwise_similarity,2104,2104,,,,0.642857142857,,,,,,,,,
pairwise_similarity,2104,2104,,,,0.571428571429,,,,,,,,,
pairwise_similarity,2104,2104,,,,0.642857142857,,,,,,,,,
pairwise_similarity,2104,2104,,,,0.5,,,,,,,,,
pairwise_similarity,2104,2104,,,,0.785714285714,,,,,,,,,
pairwise_similarity,2104,2104,,,,0.642857142857,,,,,,,,,
pairwise_similarity,2104,2104,,,,0.571428571429,,,,,,,,,
pairwise_similarity,2104,2104,,,,0.714285714286,,,,,,,,,
pairwise_similarity,2104,2104,,,,0.714285714286,,,,,,,,,
pairwise_similarity,2104,2104,,,,0.285714285714,,,,,,,,,
pairwise_similarity,2104,2104,,,,0.571428571429,,,,,,,,,
pairwise_similarity,2104,2104,,,,0.571428571429,,,,,,,,,
pairwise_similarity,2104,2104,,,,0.571428571429,,,,,,,,,
pairwise_similarity,2104,2104,,,,0.714285714286,,,,,,,,,
pairwise_similarity,2104,2104,,,,0.428571428571,,,,,,,,,
pairwise_similarity,2104,2104,,,,0.642857142857,,,,,,,,,
pairwise_similarity,2104,2104,,,,0.5,,,,,,,,,
pairwise_similarity,2104,2104,,,,0.428571428571,,,,,,,,,
pairwise_similarity,2104,2104,,,,0.5,,,,,,,,,
pairwise_similarity,2104,2104,,,,0.785714285714,,,,,,,,,
pairwise_similarity,2104,2104,,,,0.714285714286,,,,,,,,,
pairwise_similarity,2104,2104,,,,0.714285714286,,,,,,,,,
pairwise_similarity,2104,2104,,,,0.357142857143,,,,,,,,,
pairwise_similarity,2104,2104,,,,0.428571428571,,,,,,,,,
pairwise_similarity,2104,2104,,,,0.928571428571,,,,,,,,,
pairwise_similarity,2104,2104,,,,0.928571428571,,,,,,,,,
pairwise_similarity,2104,2104,,,,0.5,,,,,,,,,
pairwise_similarity,2104,2104,,,,0.5,,,,,,,,,
pairwise_similarity,2104,2104,,,,0.857142857143,,,,,,,,,
pairwise_similarity,2104,2104,,,,0.285714285714,,,,,,,,,
pairwise_similarity,2104,2104,,,,0.571428571429,,,,,,,,,
pairwise_similarity,2104,2104,,,,0.428571428571,,,,,,,,,
pairwise_similarity,2104,2104,,,,0.714285714286,,,,,,,,,
pairwise_similarity,2104,2104,,,,0.571428571429,,,,,,,,,
pairwise_similarity,2104,2104,,,,0.714285714286,,,,,,,,,
pairwise_similarity,2104,2104,,,,0.714285714286,,,,,,,,,
pairwise_similarity,2104,2104,,,,0.142857142857,,,,,,,,,
pairwise_similarity,2104,2104,,,,0.785714285714,,,,,,,,,
pairwise_similarity,2104,2104,,,,0.5,,,,,,,,,
pairwise_similarity,2104,2104,,,,0.714285714286,,,,,,,,,
pairwise_similarity,2104,2104,,,,0.5,,,,,,,,,
pairwise_similarity,2104,2104,,,,0.357142857143,,,,,,,,,
pairwise_similarity,2104,2104,,,,0.571428571429,,,,,,,,,
pairwise_similarity,2104,2104,,,,0.428571428571,,,,,,,,,
pairwise_similarity,2104,2104,,,,0.928571428571,,,,,,,,,
pairwise_similarity,2104,2104,,,,0.428571428571,,,,,,,,,
pairwise_similarity,2104,2104,,,,0.428571428571,,,,,,,,,
pairwise_similarity,2104,2104,,,,0.571428571429,,,,,,,,,
pairwise_similarity,2104,2104,,,,0.285714285714,,,,,,,,,
pairwise_similarity,2104,2104,,,,0.357142857143,,,,,,,,,
pairwise_similarity,2104,2104,,,,0.357142857143,,,,,,,,,
pairwise_similarity,2104,2104,,,,0.642857142857,,,,,,,,,
pairwise_similarity,2104,2104,,,,0.214285714286,,,,,,,,,
pairwise_similarity,2104,2104,,,,0.5,,,,,,,,,
pairwise_similarity,2104,2104,,,,0.785714285714,,,,,,,,,
pairwise_similarity,2104,2104,,,,0.5,,,,,,,,,
pairwise_similarity,2104,2104,,,,0.642857142857,,,,,,,,,
pairwise_similarity,2104,2104,,,,0.5,,,,,,,,,
pairwise_similarity,2104,2104,,,,0.428571428571,,,,,,,,,
pairwise_similarity,2104,2104,,,,0.285714285714,,,,,,,,,
pairwise_similarity,2104,2104,,,,0.5,,,,,,,,,
pairwise_similarity,2104,2104,,,,0.714285714286,,,,,,,,,
pairwise_similarity,2104,2104,,,,0.428571428571,,,,,,,,,
pairwise_similarity,2104,2104,,,,0.642857142857,,,,,,,,,
pairwise_similarity,2104,2104,,,,0.785714285714,,,,,,,,,
pairwise_similarity,2104,2104,,,,0.5,,,,,,,,,
pairwise_similarity,2104,2104,,,,0.5,,,,,,,,,
pairwise_similarity,2104,2104,,,,0.5,,,,,,,,,
pairwise_similarity,2104,2104,,,,0.214285714286,,,,,,,,,
pairwise_similarity,2104,2104,,,,0.428571428571,,,,,,,,,
pairwise_similarity,2104,2104,,,,0.285714285714,,,,,,,,,
pairwise_similarity,2104,2104,,,,0.714285714286,,,,,,,,,
pairwise_similarity,2104,2104,,,,0.285714285714,,,,,,,,,
pairwise_similarity,2104,2104,,,,0.571428571429,,,,,,,,,
pairwise_similarity,2104,2104,,,,0.857142857143,,,,,,,,,
pairwise_similarity,2104,2104,,,,0.571428571429,,,,,,,,,
pairwise_similarity,2104,2104,,,,0.714285714286,,,,,,,,,
pairwise_similarity,2104,2104,,,,0.428571428571,,,,,,,,,
pairwise_similarity,2104,2104,,,,0.5,,,,,,,,,
pairwise_similarity,2104,2104,,,,0.357142857143,,,,,,,,,
pairwise_similarity,2104,2104,,,,0.571428571429,,,,,,,,,
pairwise_similarity,2104,2104,,,,0.785714285714,,,,,,,,,
pairwise_similarity,2104,2104,,,,0.357142857143,,,,,,,,,
pairwise_similarity,2104,2104,,,,0.571428571429,,,,,,,,,
pairwise_similarity,2104,2104,,,,0.714285714286,,,,,,,,,
pairwise_similarity,2104,2104,,,,0.857142857143,,,,,,,,,
pairwise_similarity,2104,2104,,,,0.571428571429,,,,,,,,,
pairwise_similarity,2104,2104,,,,0.571428571429,,,,,,,,,
pairwise_similarity,2104,2104,,,,0.928571428571,,,,,,,,,
pairwise_similarity,2104,2104,,,,0.357142857143,,,,,,,,,
pairwise_similarity,2104,2104,,,,0.642857142857,,,,,,,,,
pairwise_similarity,2104,2104,,,,0.357142857143,,,,,,,,,
pairwise_similarity,2104,2104,,,,0.785714285714,,,,,,,,,
pairwise_similarity,2104,2104,,,,0.642857142857,,,,,,,,,
pairwise_similarity,2104,2104,,,,0.785714285714,,,,,,,,,
pairwise_similarity,2104,2104,,,,0.785714285714,,,,,,,,,
pairwise_similarity,2104,2104,,,,0.214285714286,,,,,,,,,
pairwise_similarity,2104,2104,,,,0.857142857143,,,,,,,,,
pairwise_similarity,2104,2104,,,,0.571428571429,,,,,,,,,
pairwise_similarity,2104,2104,,,,0.785714285714,,,,,,,,,
pairwise_similarity,2104,2104,,,,0.571428571429,,,,,,,,,
pairwise_similarity,2104,2104,,,,0.428571428571,,,,,,,,,
pairwise_similarity,2104,2104,,,,0.642857142857,,,,,,,,,
pairwise_similarity,2104,2104,,,,0.5,,,,,,,,,
pairwise_similarity,2104,2104,,,,0.428571428571,,,,,,,,,
pairwise_similarity,2104,2104,,,,0.428571428571,,,,,,,,,
pairwise_similarity,2104,2104,,,,0.785714285714,,,,,,,,,
pairwise_similarity,2104,2104,,,,0.214285714286,,,,,,,,,
pairwise_similarity,2104,2104,,,,0.5,,,,,,,,,
pairwise_similarity,2104,2104,,,,0.357142857143,,,,,,,,,
pairwise_similarity,2104,2104,,,,0.785714285714,,,,,,,,,
pairwise_similarity,2104,2104,,,,0.642857142857,,,,,,,,,
pairwise_similarity,2104,2104,,,,0.785714285714,,,,,,,,,
pairwise_similarity,2104,2104,,,,0.785714285714,,,,,,,,,
pairwise_similarity,2104,2104,,,,0.214285714286,,,,,,,,,
pairwise_similarity,2104,2104,,,,0.714285714286,,,,,,,,,
pairwise_similarity,2104,2104,,,,0.428571428571,,,,,,,,,
pairwise_similarity,2104,2104,,,,0.785714285714,,,,,,,,,
pairwise_similarity,2104,2104,,,,0.571428571429,,,,,,,,,
pairwise_similarity,2104,2104,,,,0.285714285714,,,,,,,,,
pairwise_similarity,2104,2104,,,,0.642857142857,,,,,,,,,
pairwise_similarity,2104,2104,,,,0.357142857143,,,,,,,,,
pairwise_similarity,2104,2104,,,,0.428571428571,,,,,,,,,
pairwise_similarity,2104,2104,,,,0.5,,,,,,,,,
pairwise_similarity,2104,2104,,,,0.642857142857,,,,,,,,,
pairwise_similarity,2104,2104,,,,0.642857142857,,,,,,,,,
pairwise_similarity,2104,2104,,,,0.214285714286,,,,,,,,,
pairwise_similarity,2104,2104,,,,0.642857142857,,,,,,,,,
pairwise_similarity,2104,2104,,,,0.5,,,,,,,,,
pairwise_similarity,2104,2104,,,,0.5,,,,,,,,,
pairwise_similarity,2104,2104,,,,0.642857142857,,,,,,,,,
pairwise_similarity,2104,2104,,,,0.5,,,,,,,,,
pairwise_similarity,2104,2104,,,,0.571428571429,,,,,,,,,
pairwise_similarity,2104,2104,,,,0.714285714286,,,,,,,,,
pairwise_similarity,2104,2104,,,,0.357142857143,,,,,,,,,
pairwise_similarity,2104,2104,,,,0.428571428571,,,,,,,,,
pairwise_similarity,2104,2104,,,,0.571428571429,,,,,,,,,
pairwise_similarity,2104,2104,,,,0.642857142857,,,,,,,,,
pairwise_similarity,2104,2104,,,,0.642857142857,,,,,,,,,
pairwise_similarity,2104,2104,,,,0.5,,,,,,,,,
pairwise_similarity,2104,2104,,,,0.5,,,,,,,,,
pairwise_similarity,2104,2104,,,,0.5,,,,,,,,,
pairwise_similarity,2104,2104,,,,0.214285714286,,,,,,,,,
pairwise_similarity,2104,2104,,,,0.357142857143,,,,,,,,,
pairwise_similarity,2104,2104,,,,0.214285714286,,,,,,,,,
pairwise_similarity,2104,2104,,,,0.357142857143,,,,,,,,,
pairwise_similarity,2104,2104,,,,0.5,,,,,,,,,
pairwise_similarity,2104,2104,,,,0.0714285714286,,,,,,,,,
pairwise_similarity,2104,2104,,,,0.714285714286,,,,,,,,,
pairwise_similarity,2104,2104,,,,0.285714285714,,,,,,,,,
pairwise_similarity,2104,2104,,,,0.357142857143,,,,,,,,,
pairwise_similarity,2104,2104,,,,0.142857142857,,,,,,,,,
pairwise_similarity,2104,2104,,,,0.571428571429,,,,,,,,,
pairwise_similarity,2104,2104,,,,0.5,,,,,,,,,
pairwise_similarity,2104,2104,,,,0.5,,,,,,,,,
pairwise_similarity,2104,2104,,,,0.285714285714,,,,,,,,,
pairwise_similarity,2104,2104,,,,0.571428571429,,,,,,,,,
pairwise_similarity,2104,2104,,,,0.428571428571,,,,,,,,,
pairwise_similarity,2104,2104,,,,0.714285714286,,,,,,,,,
pairwise_similarity,2104,2104,,,,0.571428571429,,,,,,,,,
pairwise_similarity,2104,2104,,,,0.857142857143,,,,,,,,,
pairwise_similarity,2104,2104,,,,0.714285714286,,,,,,,,,
pairwise_similarity,2104,2104,,,,0.142857142857,,,,,,,,,
pairwise_similarity,2104,2104,,,,0.785714285714,,,,,,,,,
pairwise_similarity,2104,2104,,,,0.642857142857,,,,,,,,,
pairwise_similarity,2104,2104,,,,0.857142857143,,,,,,,,,
pairwise_similarity,2104,2104,,,,0.5,,,,,,,,,
pairwise_similarity,2104,2104,,,,0.357142857143,,,,,,,,,
pairwise_similarity,2104,2104,,,,0.571428571429,,,,,,,,,
pairwise_similarity,2104,2104,,,,0.428571428571,,,,,,,,,
pairwise_similarity,2104,2104,,,,0.571428571429,,,,,,,,,
pairwise_similarity,2104,2104,,,,0.285714285714,,,,,,,,,
pairwise_similarity,2104,2104,,,,0.285714285714,,,,,,,,,
pairwise_similarity,2104,2104,,,,0.285714285714,,,,,,,,,
pairwise_similarity,2104,2104,,,,0.285714285714,,,,,,,,,
pairwise_similarity,2104,2104,,,,0.428571428571,,,,,,,,,
pairwise_similarity,2104,2104,,,,0.285714285714,,,,,,,,,
pairwise_similarity,2104,2104,,,,0.5,,,,,,,,,
pairwise_similarity,2104,2104,,,,0.357142857143,,,,,,,,,
pairwise_similarity,2104,2104,,,,0.142857142857,,,,,,,,,
pairwise_similarity,2104,2104,,,,0.357142857143,,,,,,,,,
pairwise_similarity,2104,2104,,,,0.785714285714,,,,,,,,,
pairwise_similarity,2104,2104,,,,0.571428571429,,,,,,,,,
pairwise_similarity,2104,2104,,,,0.571428571429,,,,,,,,,
pairwise_similarity,2104,2104,,,,0.571428571429,,,,,,,,,
pairwise_similarity,2104,2104,,,,0.571428571429,,,,,,,,,
pairwise_similarity,2104,2104,,,,0.714285714286,,,,,,,,,
pairwise_similarity,2104,2104,,,,0.571428571429,,,,,,,,,
pairwise_similarity,2104,2104,,,,0.714285714286,,,,,,,,,
pairwise_similarity,2104,2104,,,,0.285714285714,,,,,,,,,
pairwise_similarity,2104,2104,,,,0.785714285714,,,,,,,,,
pairwise_similarity,2104,2104,,,,0.5,,,,,,,,,
pairwise_similarity,2104,2104,,,,0.571428571429,,,,,,,,,
pairwise_similarity,2104,2104,,,,0.642857142857,,,,,,,,,
pairwise_similarity,2104,2104,,,,0.642857142857,,,,,,,,,
pairwise_similarity,2104,2104,,,,0.571428571429,,,,,,,,,
pairwise_similarity,2104,2104,,,,0.857142857143,,,,,,,,,
pairwise_similarity,2104,2104,,,,0.142857142857,,,,,,,,,
pairwise_similarity,2104,2104,,,,0.285714285714,,,,,,,,,
pairwise_similarity,2104,2104,,,,0.428571428571,,,,,,,,,
pairwise_similarity,2104,2104,,,,0.428571428571,,,,,,,,,
pairwise_similarity,2104,2104,,,,0,,,,,,,,,
pairwise_similarity,2104,2104,,,,0.5,,,,,,,,,
pairwise_similarity,2104,2104,,,,0.357142857143,,,,,,,,,
pairwise_similarity,2104,2104,,,,0.428571428571,,,,,,,,,
pairwise_similarity,2104,2104,,,,0.357142857143,,,,,,,,,
pairwise_similarity,2104,2104,,,,0.214285714286,,,,,,,,,
pairwise_similarity,2104,2104,,,,0.428571428571,,,,,,,,,
pairwise_similarity,2104,2104,,,,0.428571428571,,,,,,,,,
pairwise_similarity,2104,2104,,,,0.714285714286,,,,,,,,,
pairwise_similarity,2104,2104,,,,0.714285714286,,,,,,,,,
pairwise_similarity,2104,2104,,,,0.714285714286,,,,,,,,,
pairwise_similarity,2104,2104,,,,0.428571428571,,,,,,,,,
pairwise_similarity,2104,2104,,,,0.642857142857,,,,,,,,,
pairwise_similarity,2104,2104,,,,0.5,,,,,,,,,
pairwise_similarity,2104,2104,,,,0.714285714286,,,,,,,,,
pairwise_similarity,2104,2104,,,,0.642857142857,,,,,,,,,
pairwise_similarity,2104,2104,,,,0.357142857143,,,,,,,,,
pairwise_similarity,2104,2104,,,,0.571428571429,,,,,,,,,
pairwise_similarity,2104,2104,,,,0.428571428571,,,,,,,,,
pairwise_similarity,2104,2104,,,,0.714285714286,,,,,,,,,
pairwise_similarity,2104,2104,,,,0.714285714286,,,,,,,,,
pairwise_similarity,2104,2104,,,,0.285714285714,,,,,,,,,
pairwise_similarity,2104,2104,,,,0.5,,,,,,,,,
pairwise_similarity,2104,2104,,,,0.357142857143,,,,,,,,,
pairwise_similarity,2104,2104,,,,0.714285714286,,,,,,,,,
pairwise_similarity,2104,2104,,,,0.928571428571,,,,,,,,,
pairwise_similarity,2104,2104,,,,0.357142857143,,,,,,,,,
pairwise_similarity,2104,2104,,,,0.571428571429,,,,,,,,,
pairwise_similarity,2104,2104,,,,0.571428571429,,,,,,,,,
pairwise_similarity,2104,2104,,,,0.857142857143,,,,,,,,,
pairwise_similarity,2104,2104,,,,0.285714285714,,,,,,,,,
pairwise_similarity,2104,2104,,,,0.642857142857,,,,,,,,,
pairwise_similarity,2104,2104,,,,0.642857142857,,,,,,,,,
pairwise_similarity,2104,2104,,,,0.857142857143,,,,,,,,,
pairwise_similarity,2104,2104,,,,0.642857142857,,,,,,,,,
pairwise_similarity,2104,2104,,,,0.357142857143,,,,,,,,,
pairwise_similarity,2104,2104,,,,0.714285714286,,,,,,,,,
pairwise_similarity,2104,2104,,,,0.428571428571,,,,,,,,,
pairwise_similarity,2104,2104,,,,0.428571428571,,,,,,,,,
pairwise_similarity,2104,2104,,,,0.785714285714,,,,,,,,,
pairwise_similarity,2104,2104,,,,0.642857142857,,,,,,,,,
pairwise_similarity,2104,2104,,,,0.714285714286,,,,,,,,,
pairwise_similarity,2104,2104,,,,0.642857142857,,,,,,,,,
pairwise_similarity,2104,2104,,,,0.5,,,,,,,,,
pairwise_similarity,2104,2104,,,,0.857142857143,,,,,,,,,
pairwise_similarity,2104,2104,,,,0.571428571429,,,,,,,,,
pairwise_similarity,2104,2104,,,,0.214285714286,,,,,,,,,
pairwise_similarity,2104,2104,,,,0.357142857143,,,,,,,,,
pairwise_similarity,2104,2104,,,,0.142857142857,,,,,,,,,
pairwise_similarity,2104,2104,,,,0.357142857143,,,,,,,,,
pairwise_similarity,2104,2104,,,,0.357142857143,,,,,,,,,
pairwise_similarity,2104,2104,,,,0.571428571429,,,,,,,,,
pairwise_similarity,2104,2104,,,,0.428571428571,,,,,,,,,
pairwise_similarity,2104,2104,,,,0.571428571429,,,,,,,,,
pairwise_similarity,2104,2104,,,,0.642857142857,,,,,,,,,
pairwise_similarity,2104,2104,,,,0.428571428571,,,,,,,,,
pairwise_similarity,2104,2104,,,,0.571428571429,,,,,,,,,
pairwise_similarity,2104,2104,,,,0.642857142857,,,,,,,,,
pairwise_similarity,2104,2104,,,,0.642857142857,,,,,,,,,
pairwise_similarity,2104,2104,,,,0.5,,,,,,,,,
pairwise_similarity,2104,2104,,,,0.285714285714,,,,,,,,,
pairwise_similarity,2104,2104,,,,0.285714285714,,,,,,,,,
pairwise_similarity,2104,2104,,,,0.5,,,,,,,,,
pairwise_similarity,2104,2104,,,,0.357142857143,,,,,,,,,
pairwise_similarity,2104,2104,,,,0.642857142857,,,,,,,,,
pairwise_similarity,2104,2104,,,,0.214285714286,,,,,,,,,
pairwise_similarity,2104,2104,,,,0.571428571429,,,,,,,,,
pairwise_similarity,2104,2104,,,,0.428571428571,,,,,,,,,
pairwise_similarity,2104,2104,,,,0.285714285714,,,,,,,,,
pairwise_similarity,2104,2104,,,,0.642857142857,,,,,,,,,
pairwise_similarity,2104,2104,,,,0.5,,,,,,,,,
pairwise_similarity,2104,2104,,,,0.5,,,,,,,,,
pairwise_similarity,2104,2104,,,,0.642857142857,,,,,,,,,
pairwise_similarity,2104,2104,,,,0.571428571429,,,,,,,,,
pairwise_similarity,2105,2105,,,,0.285714285714,,,,,,,,,
pairwise_similarity,2105,2105,,,,0.5,,,,,,,,,
pairwise_similarity,2105,2105,,,,0.5,,,,,,,,,
pairwise_similarity,2105,2105,,,,0.428571428571,,,,,,,,,
pairwise_similarity,2105,2105,,,,0.428571428571,,,,,,,,,
pairwise_similarity,2105,2105,,,,0.285714285714,,,,,,,,,
pairwise_similarity,2105,2105,,,,0.357142857143,,,,,,,,,
pairwise_similarity,2105,2105,,,,0.785714285714,,,,,,,,,
pairwise_similarity,2105,2105,,,,0.785714285714,,,,,,,,,
pairwise_similarity,2105,2105,,,,0.285714285714,,,,,,,,,
pairwise_similarity,2105,2105,,,,0.428571428571,,,,,,,,,
pairwise_similarity,2105,2105,,,,0.357142857143,,,,,,,,,
pairwise_similarity,2105,2105,,,,0.642857142857,,,,,,,,,
pairwise_similarity,2105,2105,,,,0.285714285714,,,,,,,,,
pairwise_similarity,2105,2105,,,,0.571428571429,,,,,,,,,
pairwise_similarity,2105,2105,,,,0.428571428571,,,,,,,,,
pairwise_similarity,2105,2105,,,,0.714285714286,,,,,,,,,
pairwise_similarity,2105,2105,,,,0.357142857143,,,,,,,,,
pairwise_similarity,2105,2105,,,,0.5,,,,,,,,,
pairwise_similarity,2105,2105,,,,0.214285714286,,,,,,,,,
pairwise_similarity,2105,2105,,,,0.571428571429,,,,,,,,,
pairwise_similarity,2105,2105,,,,0.285714285714,,,,,,,,,
pairwise_similarity,2105,2105,,,,0.5,,,,,,,,,
pairwise_similarity,2105,2105,,,,0.5,,,,,,,,,
pairwise_similarity,2105,2105,,,,0.428571428571,,,,,,,,,
pairwise_similarity,2105,2105,,,,0.571428571429,,,,,,,,,
pairwise_similarity,2105,2105,,,,0.428571428571,,,,,,,,,
pairwise_similarity,2105,2105,,,,0.285714285714,,,,,,,,,
pairwise_similarity,2105,2105,,,,0.428571428571,,,,,,,,,
pairwise_similarity,2105,2105,,,,0.0714285714286,,,,,,,,,
pairwise_similarity,2105,2105,,,,0.214285714286,,,,,,,,,
pairwise_similarity,2105,2105,,,,0.428571428571,,,,,,,,,
pairwise_similarity,2105,2105,,,,0.5,,,,,,,,,
pairwise_similarity,2105,2105,,,,0.714285714286,,,,,,,,,
pairwise_similarity,2105,2105,,,,0.285714285714,,,,,,,,,
pairwise_similarity,2105,2105,,,,0.428571428571,,,,,,,,,
pairwise_similarity,2105,2105,,,,0.285714285714,,,,,,,,,
pairwise_similarity,2105,2105,,,,0.5,,,,,,,,,
pairwise_similarity,2105,2105,,,,0.714285714286,,,,,,,,,
pairwise_similarity,2105,2105,,,,0.571428571429,,,,,,,,,
pairwise_similarity,2105,2105,,,,0.285714285714,,,,,,,,,
pairwise_similarity,2105,2105,,,,0.285714285714,,,,,,,,,
pairwise_similarity,2105,2105,,,,0.142857142857,,,,,,,,,
pairwise_similarity,2105,2105,,,,0.285714285714,,,,,,,,,
pairwise_similarity,2105,2105,,,,0.714285714286,,,,,,,,,
pairwise_similarity,2105,2105,,,,0.357142857143,,,,,,,,,
pairwise_similarity,2105,2105,,,,0.357142857143,,,,,,,,,
pairwise_similarity,2105,2105,,,,0.428571428571,,,,,,,,,
pairwise_similarity,2105,2105,,,,0.428571428571,,,,,,,,,
pairwise_similarity,2105,2105,,,,0.428571428571,,,,,,,,,
pairwise_similarity,2105,2105,,,,0.357142857143,,,,,,,,,
pairwise_similarity,2105,2105,,,,0.357142857143,,,,,,,,,
pairwise_similarity,2105,2105,,,,0.142857142857,,,,,,,,,
pairwise_similarity,2105,2105,,,,0.857142857143,,,,,,,,,
pairwise_similarity,2105,2105,,,,0.214285714286,,,,,,,,,
pairwise_similarity,2105,2105,,,,0.214285714286,,,,,,,,,
pairwise_similarity,2105,2105,,,,0.5,,,,,,,,,
pairwise_similarity,2105,2105,,,,0.5,,,,,,,,,
pairwise_similarity,2105,2105,,,,0.0714285714286,,,,,,,,,
pairwise_similarity,2105,2105,,,,0.428571428571,,,,,,,,,
pairwise_similarity,2105,2105,,,,0.571428571429,,,,,,,,,
pairwise_similarity,2105,2105,,,,0.428571428571,,,,,,,,,
pairwise_similarity,2105,2105,,,,0.428571428571,,,,,,,,,
pairwise_similarity,2105,2105,,,,0.428571428571,,,,,,,,,
pairwise_similarity,2105,2105,,,,0.571428571429,,,,,,,,,
pairwise_similarity,2105,2105,,,,0.428571428571,,,,,,,,,
pairwise_similarity,2105,2105,,,,0.571428571429,,,,,,,,,
pairwise_similarity,2105,2105,,,,0.0714285714286,,,,,,,,,
pairwise_similarity,2105,2105,,,,0.285714285714,,,,,,,,,
pairwise_similarity,2105,2105,,,,0.428571428571,,,,,,,,,
pairwise_similarity,2105,2105,,,,0.357142857143,,,,,,,,,
pairwise_similarity,2105,2105,,,,0.428571428571,,,,,,,,,
pairwise_similarity,2105,2105,,,,0.357142857143,,,,,,,,,
pairwise_similarity,2105,2105,,,,0.5,,,,,,,,,
pairwise_similarity,2105,2105,,,,0.571428571429,,,,,,,,,
pairwise_similarity,2105,2105,,,,0.285714285714,,,,,,,,,
pairwise_similarity,2105,2105,,,,0.857142857143,,,,,,,,,
pairwise_similarity,2105,2105,,,,0.5,,,,,,,,,
pairwise_similarity,2105,2105,,,,0.214285714286,,,,,,,,,
pairwise_similarity,2105,2105,,,,0.214285714286,,,,,,,,,
pairwise_similarity,2105,2105,,,,0.571428571429,,,,,,,,,
pairwise_similarity,2105,2105,,,,0.714285714286,,,,,,,,,
pairwise_similarity,2105,2105,,,,0.642857142857,,,,,,,,,
pairwise_similarity,2105,2105,,,,0.5,,,,,,,,,
pairwise_similarity,2105,2105,,,,0.714285714286,,,,,,,,,
pairwise_similarity,2105,2105,,,,0.428571428571,,,,,,,,,
pairwise_similarity,2105,2105,,,,0.571428571429,,,,,,,,,
pairwise_similarity,2105,2105,,,,0.428571428571,,,,,,,,,
pairwise_similarity,2105,2105,,,,0.642857142857,,,,,,,,,
pairwise_similarity,2105,2105,,,,0.642857142857,,,,,,,,,
pairwise_similarity,2105,2105,,,,0.214285714286,,,,,,,,,
pairwise_similarity,2105,2105,,,,0.714285714286,,,,,,,,,
pairwise_similarity,2105,2105,,,,0.857142857143,,,,,,,,,
pairwise_similarity,2105,2105,,,,0.785714285714,,,,,,,,,
pairwise_similarity,2105,2105,,,,0.357142857143,,,,,,,,,
pairwise_similarity,2105,2105,,,,0.428571428571,,,,,,,,,
pairwise_similarity,2105,2105,,,,0.571428571429,,,,,,,,,
pairwise_similarity,2105,2105,,,,0.285714285714,,,,,,,,,
pairwise_similarity,2105,2105,,,,0.571428571429,,,,,,,,,
pairwise_similarity,2105,2105,,,,0.285714285714,,,,,,,,,
pairwise_similarity,2105,2105,,,,0.642857142857,,,,,,,,,
pairwise_similarity,2105,2105,,,,0.785714285714,,,,,,,,,
pairwise_similarity,2105,2105,,,,0.571428571429,,,,,,,,,
pairwise_similarity,2105,2105,,,,0.357142857143,,,,,,,,,
pairwise_similarity,2105,2105,,,,0.571428571429,,,,,,,,,
pairwise_similarity,2105,2105,,,,1,,,,,,,,,
pairwise_similarity,2105,2105,,,,0.714285714286,,,,,,,,,
pairwise_similarity,2105,2105,,,,0.714285714286,,,,,,,,,
pairwise_similarity,2105,2105,,,,0.357142857143,,,,,,,,,
pairwise_similarity,2105,2105,,,,0.428571428571,,,,,,,,,
pairwise_similarity,2105,2105,,,,0.428571428571,,,,,,,,,
pairwise_similarity,2105,2105,,,,0.714285714286,,,,,,,,,
pairwise_similarity,2105,2105,,,,0.714285714286,,,,,,,,,
pairwise_similarity,2105,2105,,,,0.428571428571,,,,,,,,,
pairwise_similarity,2105,2105,,,,0.857142857143,,,,,,,,,
pairwise_similarity,2105,2105,,,,0.428571428571,,,,,,,,,
pairwise_similarity,2105,2105,,,,0.214285714286,,,,,,,,,
pairwise_similarity,2105,2105,,,,0.214285714286,,,,,,,,,
pairwise_similarity,2105,2105,,,,0.285714285714,,,,,,,,,
pairwise_similarity,2105,2105,,,,0.714285714286,,,,,,,,,
pairwise_similarity,2105,2105,,,,0.571428571429,,,,,,,,,
pairwise_similarity,2105,2105,,,,0.642857142857,,,,,,,,,
pairwise_similarity,2105,2105,,,,0.5,,,,,,,,,
pairwise_similarity,2105,2105,,,,0.714285714286,,,,,,,,,
pairwise_similarity,2105,2105,,,,0.428571428571,,,,,,,,,
pairwise_similarity,2105,2105,,,,0.5,,,,,,,,,
pairwise_similarity,2105,2105,,,,0.785714285714,,,,,,,,,
pairwise_similarity,2105,2105,,,,0.214285714286,,,,,,,,,
pairwise_similarity,2105,2105,,,,0.5,,,,,,,,,
pairwise_similarity,2105,2105,,,,0.214285714286,,,,,,,,,
pairwise_similarity,2105,2105,,,,0.857142857143,,,,,,,,,
pairwise_similarity,2105,2105,,,,0.571428571429,,,,,,,,,
pairwise_similarity,2105,2105,,,,0.714285714286,,,,,,,,,
pairwise_similarity,2105,2105,,,,0.714285714286,,,,,,,,,
pairwise_similarity,2105,2105,,,,0.571428571429,,,,,,,,,
pairwise_similarity,2105,2105,,,,0.428571428571,,,,,,,,,
pairwise_similarity,2105,2105,,,,0.428571428571,,,,,,,,,
pairwise_similarity,2105,2105,,,,0.571428571429,,,,,,,,,
pairwise_similarity,2105,2105,,,,0.642857142857,,,,,,,,,
pairwise_similarity,2105,2105,,,,0.714285714286,,,,,,,,,
pairwise_similarity,2105,2105,,,,0.285714285714,,,,,,,,,
pairwise_similarity,2105,2105,,,,0.357142857143,,,,,,,,,
pairwise_similarity,2105,2105,,,,0.428571428571,,,,,,,,,
pairwise_similarity,2105,2105,,,,0.714285714286,,,,,,,,,
pairwise_similarity,2105,2105,,,,0.642857142857,,,,,,,,,
pairwise_similarity,2105,2105,,,,0.928571428571,,,,,,,,,
pairwise_similarity,2105,2105,,,,0.5,,,,,,,,,
pairwise_similarity,2105,2105,,,,0.571428571429,,,,,,,,,
pairwise_similarity,2105,2105,,,,0.285714285714,,,,,,,,,
pairwise_similarity,2105,2105,,,,0.285714285714,,,,,,,,,
pairwise_similarity,2105,2105,,,,0.5,,,,,,,,,
pairwise_similarity,2105,2105,,,,0.642857142857,,,,,,,,,
pairwise_similarity,2105,2105,,,,0.428571428571,,,,,,,,,
pairwise_similarity,2105,2105,,,,0.857142857143,,,,,,,,,
pairwise_similarity,2105,2105,,,,0.5,,,,,,,,,
pairwise_similarity,2105,2105,,,,0.214285714286,,,,,,,,,
pairwise_similarity,2105,2105,,,,0.642857142857,,,,,,,,,
pairwise_similarity,2105,2105,,,,0.357142857143,,,,,,,,,
pairwise_similarity,2105,2105,,,,0.571428571429,,,,,,,,,
pairwise_similarity,2105,2105,,,,0.714285714286,,,,,,,,,
pairwise_similarity,2105,2105,,,,0.571428571429,,,,,,,,,
pairwise_similarity,2105,2105,,,,0.642857142857,,,,,,,,,
pairwise_similarity,2105,2105,,,,0.5,,,,,,,,,
pairwise_similarity,2105,2105,,,,0.571428571429,,,,,,,,,
pairwise_similarity,2105,2105,,,,0.714285714286,,,,,,,,,
pairwise_similarity,2105,2105,,,,0.785714285714,,,,,,,,,
pairwise_similarity,2105,2105,,,,0.357142857143,,,,,,,,,
pairwise_similarity,2105,2105,,,,0.785714285714,,,,,,,,,
pairwise_similarity,2105,2105,,,,0.5,,,,,,,,,
pairwise_similarity,2105,2105,,,,0.785714285714,,,,,,,,,
pairwise_similarity,2105,2105,,,,0.285714285714,,,,,,,,,
pairwise_similarity,2105,2105,,,,0.142857142857,,,,,,,,,
pairwise_similarity,2105,2105,,,,0.642857142857,,,,,,,,,
pairwise_similarity,2105,2105,,,,0.857142857143,,,,,,,,,
pairwise_similarity,2105,2105,,,,0.785714285714,,,,,,,,,
pairwise_similarity,2105,2105,,,,0.357142857143,,,,,,,,,
pairwise_similarity,2105,2105,,,,0.0714285714286,,,,,,,,,
pairwise_similarity,2105,2105,,,,0.5,,,,,,,,,
pairwise_similarity,2105,2105,,,,0.857142857143,,,,,,,,,
pairwise_similarity,2105,2105,,,,0.357142857143,,,,,,,,,
pairwise_similarity,2105,2105,,,,0.785714285714,,,,,,,,,
pairwise_similarity,2105,2105,,,,0.214285714286,,,,,,,,,
pairwise_similarity,2105,2105,,,,0.357142857143,,,,,,,,,
pairwise_similarity,2105,2105,,,,0.214285714286,,,,,,,,,
pairwise_similarity,2105,2105,,,,0.5,,,,,,,,,
pairwise_similarity,2105,2105,,,,0.5,,,,,,,,,
pairwise_similarity,2105,2105,,,,0.714285714286,,,,,,,,,
pairwise_similarity,2105,2105,,,,0.714285714286,,,,,,,,,
pairwise_similarity,2105,2105,,,,0.785714285714,,,,,,,,,
pairwise_similarity,2105,2105,,,,0.642857142857,,,,,,,,,
pairwise_similarity,2105,2105,,,,0.785714285714,,,,,,,,,
pairwise_similarity,2105,2105,,,,0.714285714286,,,,,,,,,
pairwise_similarity,2105,2105,,,,0.571428571429,,,,,,,,,
pairwise_similarity,2105,2105,,,,0.357142857143,,,,,,,,,
pairwise_similarity,2105,2105,,,,0.642857142857,,,,,,,,,
pairwise_similarity,2105,2105,,,,0.571428571429,,,,,,,,,
pairwise_similarity,2105,2105,,,,0.428571428571,,,,,,,,,
pairwise_similarity,2105,2105,,,,0.714285714286,,,,,,,,,
pairwise_similarity,2105,2105,,,,0.714285714286,,,,,,,,,
pairwise_similarity,2105,2105,,,,0.428571428571,,,,,,,,,
pairwise_similarity,2105,2105,,,,0.5,,,,,,,,,
pairwise_similarity,2105,2105,,,,0.785714285714,,,,,,,,,
pairwise_similarity,2105,2105,,,,0.642857142857,,,,,,,,,
pairwise_similarity,2105,2105,,,,0.5,,,,,,,,,
pairwise_similarity,2105,2105,,,,0.642857142857,,,,,,,,,
pairwise_similarity,2105,2105,,,,0.642857142857,,,,,,,,,
pairwise_similarity,2105,2105,,,,0.642857142857,,,,,,,,,
pairwise_similarity,2105,2105,,,,0.357142857143,,,,,,,,,
pairwise_similarity,2105,2105,,,,0.285714285714,,,,,,,,,
pairwise_similarity,2105,2105,,,,0.5,,,,,,,,,
pairwise_similarity,2105,2105,,,,0.785714285714,,,,,,,,,
pairwise_similarity,2105,2105,,,,0.571428571429,,,,,,,,,
pairwise_similarity,2105,2105,,,,0.785714285714,,,,,,,,,
pairwise_similarity,2105,2105,,,,0.642857142857,,,,,,,,,
pairwise_similarity,2105,2105,,,,0.642857142857,,,,,,,,,
pairwise_similarity,2105,2105,,,,0.5,,,,,,,,,
pairwise_similarity,2105,2105,,,,0.857142857143,,,,,,,,,
pairwise_similarity,2105,2105,,,,0.428571428571,,,,,,,,,
pairwise_similarity,2105,2105,,,,0.428571428571,,,,,,,,,
pairwise_similarity,2105,2105,,,,0.785714285714,,,,,,,,,
pairwise_similarity,2105,2105,,,,0.785714285714,,,,,,,,,
pairwise_similarity,2105,2105,,,,0.571428571429,,,,,,,,,
pairwise_similarity,2105,2105,,,,0.857142857143,,,,,,,,,
pairwise_similarity,2105,2105,,,,0.785714285714,,,,,,,,,
pairwise_similarity,2105,2105,,,,0.214285714286,,,,,,,,,
pairwise_similarity,2105,2105,,,,0.928571428571,,,,,,,,,
pairwise_similarity,2105,2105,,,,0.642857142857,,,,,,,,,
pairwise_similarity,2105,2105,,,,0.714285714286,,,,,,,,,
pairwise_similarity,2105,2105,,,,0.714285714286,,,,,,,,,
pairwise_similarity,2105,2105,,,,0.428571428571,,,,,,,,,
pairwise_similarity,2105,2105,,,,0.785714285714,,,,,,,,,
pairwise_similarity,2105,2105,,,,0.642857142857,,,,,,,,,
pairwise_similarity,2105,2105,,,,0.714285714286,,,,,,,,,
pairwise_similarity,2105,2105,,,,0.714285714286,,,,,,,,,
pairwise_similarity,2105,2105,,,,0.642857142857,,,,,,,,,
pairwise_similarity,2105,2105,,,,0.5,,,,,,,,,
pairwise_similarity,2105,2105,,,,0.785714285714,,,,,,,,,
pairwise_similarity,2105,2105,,,,0.642857142857,,,,,,,,,
pairwise_similarity,2105,2105,,,,0.642857142857,,,,,,,,,
pairwise_similarity,2105,2105,,,,0.571428571429,,,,,,,,,
pairwise_similarity,2105,2105,,,,0.428571428571,,,,,,,,,
pairwise_similarity,2105,2105,,,,0.785714285714,,,,,,,,,
pairwise_similarity,2105,2105,,,,0.714285714286,,,,,,,,,
pairwise_similarity,2105,2105,,,,0.785714285714,,,,,,,,,
pairwise_similarity,2105,2105,,,,0.5,,,,,,,,,
pairwise_similarity,2105,2105,,,,0.357142857143,,,,,,,,,
pairwise_similarity,2105,2105,,,,0.785714285714,,,,,,,,,
pairwise_similarity,2105,2105,,,,0.857142857143,,,,,,,,,
pairwise_similarity,2105,2105,,,,0.642857142857,,,,,,,,,
pairwise_similarity,2105,2105,,,,0.785714285714,,,,,,,,,
pairwise_similarity,2105,2105,,,,0.357142857143,,,,,,,,,
pairwise_similarity,2105,2105,,,,0.642857142857,,,,,,,,,
pairwise_similarity,2105,2105,,,,0.357142857143,,,,,,,,,
pairwise_similarity,2105,2105,,,,0.642857142857,,,,,,,,,
pairwise_similarity,2105,2105,,,,0.642857142857,,,,,,,,,
pairwise_similarity,2105,2105,,,,0.571428571429,,,,,,,,,
pairwise_similarity,2105,2105,,,,0.571428571429,,,,,,,,,
pairwise_similarity,2105,2105,,,,0.642857142857,,,,,,,,,
pairwise_similarity,2105,2105,,,,0.642857142857,,,,,,,,,
pairwise_similarity,2105,2105,,,,0.785714285714,,,,,,,,,
pairwise_similarity,2105,2105,,,,0.714285714286,,,,,,,,,
pairwise_similarity,2105,2105,,,,0.571428571429,,,,,,,,,
pairwise_similarity,2105,2105,,,,0.642857142857,,,,,,,,,
pairwise_similarity,2105,2105,,,,0.642857142857,,,,,,,,,
pairwise_similarity,2105,2105,,,,0.428571428571,,,,,,,,,
pairwise_similarity,2105,2105,,,,0.571428571429,,,,,,,,,
pairwise_similarity,2105,2105,,,,0.571428571429,,,,,,,,,
pairwise_similarity,2105,2105,,,,0.714285714286,,,,,,,,,
pairwise_similarity,2105,2105,,,,0.428571428571,,,,,,,,,
pairwise_similarity,2105,2105,,,,0.642857142857,,,,,,,,,
pairwise_similarity,2105,2105,,,,0.785714285714,,,,,,,,,
pairwise_similarity,2105,2105,,,,0.785714285714,,,,,,,,,
pairwise_similarity,2105,2105,,,,0.785714285714,,,,,,,,,
pairwise_similarity,2105,2105,,,,0.928571428571,,,,,,,,,
pairwise_similarity,2105,2105,,,,0.642857142857,,,,,,,,,
pairwise_similarity,2105,2105,,,,0.785714285714,,,,,,,,,
pairwise_similarity,2105,2105,,,,0.5,,,,,,,,,
pairwise_similarity,2105,2105,,,,0.571428571429,,,,,,,,,
pairwise_similarity,2105,2105,,,,0.642857142857,,,,,,,,,
pairwise_similarity,2105,2105,,,,0.642857142857,,,,,,,,,
pairwise_similarity,2105,2105,,,,0.857142857143,,,,,,,,,
pairwise_similarity,2105,2105,,,,0.642857142857,,,,,,,,,
pairwise_similarity,2105,2105,,,,0.571428571429,,,,,,,,,
pairwise_similarity,2105,2105,,,,0.714285714286,,,,,,,,,
pairwise_similarity,2105,2105,,,,0.5,,,,,,,,,
pairwise_similarity,2105,2105,,,,0.5,,,,,,,,,
pairwise_similarity,2105,2105,,,,0.214285714286,,,,,,,,,
pairwise_similarity,2105,2105,,,,0.571428571429,,,,,,,,,
pairwise_similarity,2105,2105,,,,0.857142857143,,,,,,,,,
pairwise_similarity,2105,2105,,,,0.642857142857,,,,,,,,,
pairwise_similarity,2105,2105,,,,0.785714285714,,,,,,,,,
pairwise_similarity,2105,2105,,,,0.571428571429,,,,,,,,,
pairwise_similarity,2105,2105,,,,0.571428571429,,,,,,,,,
pairwise_similarity,2105,2105,,,,0.714285714286,,,,,,,,,
pairwise_similarity,2105,2105,,,,0.428571428571,,,,,,,,,
pairwise_similarity,2105,2105,,,,0.642857142857,,,,,,,,,
pairwise_similarity,2105,2105,,,,0.928571428571,,,,,,,,,
pairwise_similarity,2105,2105,,,,0.642857142857,,,,,,,,,
pairwise_similarity,2105,2105,,,,0.714285714286,,,,,,,,,
pairwise_similarity,2105,2105,,,,0.714285714286,,,,,,,,,
pairwise_similarity,2105,2105,,,,0.785714285714,,,,,,,,,
pairwise_similarity,2105,2105,,,,0.785714285714,,,,,,,,,
pairwise_similarity,2105,2105,,,,0.714285714286,,,,,,,,,
pairwise_similarity,2105,2105,,,,0.571428571429,,,,,,,,,
pairwise_similarity,2105,2105,,,,0.571428571429,,,,,,,,,
pairwise_similarity,2105,2105,,,,0.571428571429,,,,,,,,,
pairwise_similarity,2105,2105,,,,0.571428571429,,,,,,,,,
pairwise_similarity,2105,2105,,,,0.5,,,,,,,,,
pairwise_similarity,2105,2105,,,,0.357142857143,,,,,,,,,
pairwise_similarity,2105,2105,,,,0.714285714286,,,,,,,,,
pairwise_similarity,2105,2105,,,,0.785714285714,,,,,,,,,
pairwise_similarity,2105,2105,,,,0.714285714286,,,,,,,,,
pairwise_similarity,2105,2105,,,,0.571428571429,,,,,,,,,
pairwise_similarity,2105,2105,,,,0.285714285714,,,,,,,,,
pairwise_similarity,2105,2105,,,,0.571428571429,,,,,,,,,
pairwise_similarity,2105,2105,,,,0.642857142857,,,,,,,,,
pairwise_similarity,2105,2105,,,,0.428571428571,,,,,,,,,
pairwise_similarity,2105,2105,,,,0.857142857143,,,,,,,,,
pairwise_similarity,2105,2105,,,,0.428571428571,,,,,,,,,
pairwise_similarity,2105,2105,,,,0.428571428571,,,,,,,,,
pairwise_similarity,2105,2105,,,,0.285714285714,,,,,,,,,
pairwise_similarity,2105,2105,,,,0.714285714286,,,,,,,,,
pairwise_similarity,2105,2105,,,,0.428571428571,,,,,,,,,
pairwise_similarity,2105,2105,,,,0.642857142857,,,,,,,,,
pairwise_similarity,2105,2105,,,,0.642857142857,,,,,,,,,
pairwise_similarity,2105,2105,,,,0.714285714286,,,,,,,,,
pairwise_similarity,2105,2105,,,,0.714285714286,,,,,,,,,
pairwise_similarity,2105,2105,,,,0.714285714286,,,,,,,,,
pairwise_similarity,2105,2105,,,,0.785714285714,,,,,,,,,
pairwise_similarity,2105,2105,,,,0.785714285714,,,,,,,,,
pairwise_similarity,2105,2105,,,,0.428571428571,,,,,,,,,
pairwise_similarity,2105,2105,,,,0.571428571429,,,,,,,,,
pairwise_similarity,2105,2105,,,,0.785714285714,,,,,,,,,
pairwise_similarity,2105,2105,,,,0.642857142857,,,,,,,,,
pairwise_similarity,2105,2105,,,,0.642857142857,,,,,,,,,
pairwise_similarity,2105,2105,,,,0.928571428571,,,,,,,,,
pairwise_similarity,2105,2105,,,,0.5,,,,,,,,,
pairwise_similarity,2105,2105,,,,0.571428571429,,,,,,,,,
pairwise_similarity,2105,2105,,,,0.857142857143,,,,,,,,,
pairwise_similarity,2105,2105,,,,0.714285714286,,,,,,,,,
pairwise_similarity,2105,2105,,,,0.571428571429,,,,,,,,,
pairwise_similarity,2105,2105,,,,0.714285714286,,,,,,,,,
pairwise_similarity,2105,2105,,,,0.428571428571,,,,,,,,,
pairwise_similarity,2105,2105,,,,0.857142857143,,,,,,,,,
pairwise_similarity,2105,2105,,,,0.571428571429,,,,,,,,,
pairwise_similarity,2105,2105,,,,0.357142857143,,,,,,,,,
pairwise_similarity,2105,2105,,,,0.714285714286,,,,,,,,,
pairwise_similarity,2105,2105,,,,0.571428571429,,,,,,,,,
pairwise_similarity,2105,2105,,,,0.642857142857,,,,,,,,,
pairwise_similarity,2105,2105,,,,0.857142857143,,,,,,,,,
pairwise_similarity,2105,2105,,,,0.428571428571,,,,,,,,,
pairwise_similarity,2105,2105,,,,0.5,,,,,,,,,
pairwise_similarity,2105,2105,,,,0.214285714286,,,,,,,,,
pairwise_similarity,2105,2105,,,,0.357142857143,,,,,,,,,
pairwise_similarity,2105,2105,,,,0.428571428571,,,,,,,,,
pairwise_similarity,2105,2105,,,,0.571428571429,,,,,,,,,
pairwise_similarity,2105,2105,,,,0.357142857143,,,,,,,,,
pairwise_similarity,2105,2105,,,,0.785714285714,,,,,,,,,
pairwise_similarity,2105,2105,,,,0.428571428571,,,,,,,,,
pairwise_similarity,2105,2105,,,,0.142857142857,,,,,,,,,
pairwise_similarity,2105,2105,,,,0.571428571429,,,,,,,,,
pairwise_similarity,2105,2105,,,,0.285714285714,,,,,,,,,
pairwise_similarity,2105,2105,,,,0.5,,,,,,,,,
pairwise_similarity,2105,2105,,,,0.642857142857,,,,,,,,,
pairwise_similarity,2105,2105,,,,0.5,,,,,,,,,
pairwise_similarity,2105,2105,,,,0.571428571429,,,,,,,,,
pairwise_similarity,2105,2105,,,,0.428571428571,,,,,,,,,
pairwise_similarity,2105,2105,,,,0.5,,,,,,,,,
pairwise_similarity,2105,2105,,,,0.642857142857,,,,,,,,,
pairwise_similarity,2105,2105,,,,0.714285714286,,,,,,,,,
pairwise_similarity,2105,2105,,,,0.285714285714,,,,,,,,,
pairwise_similarity,2105,2105,,,,0.714285714286,,,,,,,,,
pairwise_similarity,2105,2105,,,,0.571428571429,,,,,,,,,
pairwise_similarity,2105,2105,,,,0.857142857143,,,,,,,,,
pairwise_similarity,2105,2105,,,,0.214285714286,,,,,,,,,
pairwise_similarity,2105,2105,,,,0.0714285714286,,,,,,,,,
pairwise_similarity,2105,2105,,,,0.571428571429,,,,,,,,,
pairwise_similarity,2105,2105,,,,0.785714285714,,,,,,,,,
pairwise_similarity,2105,2105,,,,0.714285714286,,,,,,,,,
pairwise_similarity,2105,2105,,,,0.285714285714,,,,,,,,,
pairwise_similarity,2105,2105,,,,0,,,,,,,,,
pairwise_similarity,2105,2105,,,,0.428571428571,,,,,,,,,
pairwise_similarity,2105,2105,,,,0.785714285714,,,,,,,,,
pairwise_similarity,2105,2105,,,,0.285714285714,,,,,,,,,
pairwise_similarity,2105,2105,,,,0.714285714286,,,,,,,,,
pairwise_similarity,2105,2105,,,,0.142857142857,,,,,,,,,
pairwise_similarity,2105,2105,,,,0.285714285714,,,,,,,,,
pairwise_similarity,2105,2105,,,,0.142857142857,,,,,,,,,
pairwise_similarity,2105,2105,,,,0.428571428571,,,,,,,,,
pairwise_similarity,2105,2105,,,,0.428571428571,,,,,,,,,
pairwise_similarity,2105,2105,,,,0.642857142857,,,,,,,,,
pairwise_similarity,2105,2105,,,,0.785714285714,,,,,,,,,
pairwise_similarity,2105,2105,,,,0.714285714286,,,,,,,,,
pairwise_similarity,2105,2105,,,,0.571428571429,,,,,,,,,
pairwise_similarity,2105,2105,,,,0.714285714286,,,,,,,,,
pairwise_similarity,2105,2105,,,,0.642857142857,,,,,,,,,
pairwise_similarity,2105,2105,,,,0.5,,,,,,,,,
pairwise_similarity,2105,2105,,,,0.285714285714,,,,,,,,,
pairwise_similarity,2105,2105,,,,0.571428571429,,,,,,,,,
pairwise_similarity,2105,2105,,,,0.5,,,,,,,,,
pairwise_similarity,2105,2105,,,,0.357142857143,,,,,,,,,
pairwise_similarity,2105,2105,,,,0.642857142857,,,,,,,,,
pairwise_similarity,2105,2105,,,,0.642857142857,,,,,,,,,
pairwise_similarity,2105,2105,,,,0.357142857143,,,,,,,,,
pairwise_similarity,2105,2105,,,,0.428571428571,,,,,,,,,
pairwise_similarity,2105,2105,,,,0.714285714286,,,,,,,,,
pairwise_similarity,2105,2105,,,,0.571428571429,,,,,,,,,
pairwise_similarity,2105,2105,,,,0.428571428571,,,,,,,,,
pairwise_similarity,2105,2105,,,,0.571428571429,,,,,,,,,
pairwise_similarity,2105,2105,,,,0.714285714286,,,,,,,,,
pairwise_similarity,2105,2105,,,,0.571428571429,,,,,,,,,
pairwise_similarity,2105,2105,,,,0.285714285714,,,,,,,,,
pairwise_similarity,2105,2105,,,,0.214285714286,,,,,,,,,
pairwise_similarity,2105,2105,,,,0.428571428571,,,,,,,,,
pairwise_similarity,2105,2105,,,,0.857142857143,,,,,,,,,
pairwise_similarity,2105,2105,,,,0.5,,,,,,,,,
pairwise_similarity,2105,2105,,,,0.714285714286,,,,,,,,,
pairwise_similarity,2105,2105,,,,0.5,,,,,,,,,
pairwise_similarity,2105,2105,,,,0.214285714286,,,,,,,,,
pairwise_similarity,2105,2105,,,,0.0714285714286,,,,,,,,,
pairwise_similarity,2105,2105,,,,0.571428571429,,,,,,,,,
pairwise_similarity,2105,2105,,,,0.714285714286,,,,,,,,,
pairwise_similarity,2105,2105,,,,0.642857142857,,,,,,,,,
pairwise_similarity,2105,2105,,,,0.642857142857,,,,,,,,,
pairwise_similarity,2105,2105,,,,0.714285714286,,,,,,,,,
pairwise_similarity,2105,2105,,,,0.428571428571,,,,,,,,,
pairwise_similarity,2105,2105,,,,0.571428571429,,,,,,,,,
pairwise_similarity,2105,2105,,,,0.285714285714,,,,,,,,,
pairwise_similarity,2105,2105,,,,0.642857142857,,,,,,,,,
pairwise_similarity,2105,2105,,,,0.785714285714,,,,,,,,,
pairwise_similarity,2105,2105,,,,0.357142857143,,,,,,,,,
pairwise_similarity,2105,2105,,,,0.571428571429,,,,,,,,,
pairwise_similarity,2105,2105,,,,0.857142857143,,,,,,,,,
pairwise_similarity,2105,2105,,,,0.642857142857,,,,,,,,,
pairwise_similarity,2105,2105,,,,0.5,,,,,,,,,
pairwise_similarity,2105,2105,,,,0.571428571429,,,,,,,,,
pairwise_similarity,2105,2105,,,,0.571428571429,,,,,,,,,
pairwise_similarity,2105,2105,,,,0.428571428571,,,,,,,,,
pairwise_similarity,2105,2105,,,,0.571428571429,,,,,,,,,
pairwise_similarity,2105,2105,,,,0.428571428571,,,,,,,,,
pairwise_similarity,2105,2105,,,,0.642857142857,,,,,,,,,
pairwise_similarity,2105,2105,,,,0.642857142857,,,,,,,,,
pairwise_similarity,2105,2105,,,,0.571428571429,,,,,,,,,
pairwise_similarity,2105,2105,,,,0.5,,,,,,,,,
pairwise_similarity,2105,2105,,,,0.571428571429,,,,,,,,,
pairwise_similarity,2105,2105,,,,0.857142857143,,,,,,,,,
pairwise_similarity,2105,2105,,,,0.571428571429,,,,,,,,,
pairwise_similarity,2105,2105,,,,0.714285714286,,,,,,,,,
pairwise_similarity,2105,2105,,,,0.5,,,,,,,,,
pairwise_similarity,2105,2105,,,,0.285714285714,,,,,,,,,
pairwise_similarity,2105,2105,,,,0.571428571429,,,,,,,,,
pairwise_similarity,2105,2105,,,,0.571428571429,,,,,,,,,
pairwise_similarity,2105,2105,,,,0.571428571429,,,,,,,,,
pairwise_similarity,2105,2105,,,,0.571428571429,,,,,,,,,
pairwise_similarity,2105,2105,,,,0.857142857143,,,,,,,,,
pairwise_similarity,2105,2105,,,,0.285714285714,,,,,,,,,
pairwise_similarity,2105,2105,,,,0.357142857143,,,,,,,,,
pairwise_similarity,2105,2105,,,,0.357142857143,,,,,,,,,
pairwise_similarity,2105,2105,,,,0.428571428571,,,,,,,,,
pairwise_similarity,2105,2105,,,,0.857142857143,,,,,,,,,
pairwise_similarity,2105,2105,,,,0.571428571429,,,,,,,,,
pairwise_similarity,2105,2105,,,,0.642857142857,,,,,,,,,
pairwise_similarity,2105,2105,,,,0.642857142857,,,,,,,,,
pairwise_similarity,2105,2105,,,,0.714285714286,,,,,,,,,
pairwise_similarity,2105,2105,,,,0.428571428571,,,,,,,,,
pairwise_similarity,2105,2105,,,,0.642857142857,,,,,,,,,
pairwise_similarity,2105,2105,,,,0.928571428571,,,,,,,,,
pairwise_similarity,2105,2105,,,,0.357142857143,,,,,,,,,
pairwise_similarity,2105,2105,,,,0.642857142857,,,,,,,,,
pairwise_similarity,2105,2105,,,,0.357142857143,,,,,,,,,
pairwise_similarity,2105,2105,,,,0.714285714286,,,,,,,,,
pairwise_similarity,2105,2105,,,,0.714285714286,,,,,,,,,
pairwise_similarity,2105,2105,,,,0.714285714286,,,,,,,,,
pairwise_similarity,2105,2105,,,,0.571428571429,,,,,,,,,
pairwise_similarity,2105,2105,,,,0.571428571429,,,,,,,,,
pairwise_similarity,2105,2105,,,,0.285714285714,,,,,,,,,
pairwise_similarity,2105,2105,,,,0.571428571429,,,,,,,,,
pairwise_similarity,2105,2105,,,,0.571428571429,,,,,,,,,
pairwise_similarity,2105,2105,,,,0.642857142857,,,,,,,,,
pairwise_similarity,2105,2105,,,,0.714285714286,,,,,,,,,
pairwise_similarity,2105,2105,,,,0.428571428571,,,,,,,,,
pairwise_similarity,2105,2105,,,,0.357142857143,,,,,,,,,
pairwise_similarity,2105,2105,,,,0.571428571429,,,,,,,,,
pairwise_similarity,2105,2105,,,,0.285714285714,,,,,,,,,
pairwise_similarity,2105,2105,,,,0.285714285714,,,,,,,,,
pairwise_similarity,2105,2105,,,,0.785714285714,,,,,,,,,
pairwise_similarity,2105,2105,,,,0.642857142857,,,,,,,,,
pairwise_similarity,2105,2105,,,,0.428571428571,,,,,,,,,
pairwise_similarity,2105,2105,,,,0.714285714286,,,,,,,,,
pairwise_similarity,2105,2105,,,,0.642857142857,,,,,,,,,
pairwise_similarity,2105,2105,,,,0.0714285714286,,,,,,,,,
pairwise_similarity,2105,2105,,,,0.785714285714,,,,,,,,,
pairwise_similarity,2105,2105,,,,0.5,,,,,,,,,
pairwise_similarity,2105,2105,,,,0.571428571429,,,,,,,,,
pairwise_similarity,2105,2105,,,,0.571428571429,,,,,,,,,
pairwise_similarity,2105,2105,,,,0.285714285714,,,,,,,,,
pairwise_similarity,2105,2105,,,,0.642857142857,,,,,,,,,
pairwise_similarity,2105,2105,,,,0.642857142857,,,,,,,,,
pairwise_similarity,2105,2105,,,,0.571428571429,,,,,,,,,
pairwise_similarity,2105,2105,,,,0.571428571429,,,,,,,,,
pairwise_similarity,2105,2105,,,,0.5,,,,,,,,,
pairwise_similarity,2105,2105,,,,0.5,,,,,,,,,
pairwise_similarity,2105,2105,,,,0.785714285714,,,,,,,,,
pairwise_similarity,2105,2105,,,,0.5,,,,,,,,,
pairwise_similarity,2105,2105,,,,0.5,,,,,,,,,
pairwise_similarity,2105,2105,,,,0.714285714286,,,,,,,,,
pairwise_similarity,2105,2105,,,,0.428571428571,,,,,,,,,
pairwise_similarity,2105,2105,,,,0.642857142857,,,,,,,,,
pairwise_similarity,2105,2105,,,,0.571428571429,,,,,,,,,
pairwise_similarity,2105,2105,,,,0.642857142857,,,,,,,,,
pairwise_similarity,2105,2105,,,,0.5,,,,,,,,,
pairwise_similarity,2105,2105,,,,0.357142857143,,,,,,,,,
pairwise_similarity,2105,2105,,,,0.785714285714,,,,,,,,,
pairwise_similarity,2105,2105,,,,0.714285714286,,,,,,,,,
pairwise_similarity,2105,2105,,,,0.5,,,,,,,,,
pairwise_similarity,2105,2105,,,,0.642857142857,,,,,,,,,
pairwise_similarity,2105,2105,,,,0.357142857143,,,,,,,,,
pairwise_similarity,2105,2105,,,,0.642857142857,,,,,,,,,
pairwise_similarity,2105,2105,,,,0.357142857143,,,,,,,,,
pairwise_similarity,2105,2105,,,,0.642857142857,,,,,,,,,
pairwise_similarity,2105,2105,,,,0.5,,,,,,,,,
pairwise_similarity,2105,2105,,,,0.428571428571,,,,,,,,,
pairwise_similarity,2105,2105,,,,0.428571428571,,,,,,,,,
pairwise_similarity,2105,2105,,,,0.5,,,,,,,,,
pairwise_similarity,2105,2105,,,,0.5,,,,,,,,,
pairwise_similarity,2105,2105,,,,0.642857142857,,,,,,,,,
pairwise_similarity,2105,2105,,,,0.571428571429,,,,,,,,,
pairwise_similarity,2105,2105,,,,0.428571428571,,,,,,,,,
pairwise_similarity,2105,2105,,,,0.642857142857,,,,,,,,,
pairwise_similarity,2105,2105,,,,0.5,,,,,,,,,
pairwise_similarity,2105,2105,,,,0.285714285714,,,,,,,,,
pairwise_similarity,2105,2105,,,,0.571428571429,,,,,,,,,
pairwise_similarity,2105,2105,,,,0.428571428571,,,,,,,,,
pairwise_similarity,2105,2105,,,,0.571428571429,,,,,,,,,
pairwise_similarity,2105,2105,,,,0.571428571429,,,,,,,,,
pairwise_similarity,2105,2105,,,,0.5,,,,,,,,,
pairwise_similarity,2105,2105,,,,0.642857142857,,,,,,,,,
pairwise_similarity,2105,2105,,,,0.642857142857,,,,,,,,,
pairwise_similarity,2105,2105,,,,0.642857142857,,,,,,,,,
pairwise_similarity,2105,2105,,,,0.785714285714,,,,,,,,,
pairwise_similarity,2105,2105,,,,0.5,,,,,,,,,
pairwise_similarity,2105,2105,,,,0.642857142857,,,,,,,,,
pairwise_similarity,2105,2105,,,,0.5,,,,,,,,,
pairwise_similarity,2105,2105,,,,0.571428571429,,,,,,,,,
pairwise_similarity,2105,2105,,,,0.5,,,,,,,,,
pairwise_similarity,2105,2105,,,,0.5,,,,,,,,,
pairwise_similarity,2105,2105,,,,0.714285714286,,,,,,,,,
pairwise_similarity,2105,2105,,,,0.5,,,,,,,,,
pairwise_similarity,2105,2105,,,,0.571428571429,,,,,,,,,
pairwise_similarity,2105,2105,,,,0.357142857143,,,,,,,,,
pairwise_similarity,2105,2105,,,,0.357142857143,,,,,,,,,
pairwise_similarity,2105,2105,,,,0.285714285714,,,,,,,,,
pairwise_similarity,2105,2105,,,,0.428571428571,,,,,,,,,
pairwise_similarity,2105,2105,,,,0.357142857143,,,,,,,,,
pairwise_similarity,2105,2105,,,,0.642857142857,,,,,,,,,
pairwise_similarity,2105,2105,,,,0.5,,,,,,,,,
pairwise_similarity,2105,2105,,,,0.785714285714,,,,,,,,,
pairwise_similarity,2105,2105,,,,0.285714285714,,,,,,,,,
pairwise_similarity,2105,2105,,,,0.428571428571,,,,,,,,,
pairwise_similarity,2105,2105,,,,0.142857142857,,,,,,,,,
pairwise_similarity,2105,2105,,,,0.5,,,,,,,,,
pairwise_similarity,2105,2105,,,,0.214285714286,,,,,,,,,
pairwise_similarity,2105,2105,,,,0.428571428571,,,,,,,,,
pairwise_similarity,2105,2105,,,,0.428571428571,,,,,,,,,
pairwise_similarity,2105,2105,,,,0.357142857143,,,,,,,,,
pairwise_similarity,2105,2105,,,,0.642857142857,,,,,,,,,
pairwise_similarity,2105,2105,,,,0.357142857143,,,,,,,,,
pairwise_similarity,2105,2105,,,,0.214285714286,,,,,,,,,
pairwise_similarity,2105,2105,,,,0.214285714286,,,,,,,,,
pairwise_similarity,2105,2105,,,,0.142857142857,,,,,,,,,
pairwise_similarity,2105,2105,,,,0.285714285714,,,,,,,,,
pairwise_similarity,2105,2105,,,,0.357142857143,,,,,,,,,
pairwise_similarity,2105,2105,,,,0.428571428571,,,,,,,,,
pairwise_similarity,2105,2105,,,,0.5,,,,,,,,,
pairwise_similarity,2105,2105,,,,0.214285714286,,,,,,,,,
pairwise_similarity,2105,2105,,,,0.5,,,,,,,,,
pairwise_similarity,2105,2105,,,,0.357142857143,,,,,,,,,
pairwise_similarity,2105,2105,,,,0.428571428571,,,,,,,,,
pairwise_similarity,2105,2105,,,,0.785714285714,,,,,,,,,
pairwise_similarity,2105,2105,,,,0.5,,,,,,,,,
pairwise_similarity,2105,2105,,,,0.214285714286,,,,,,,,,
pairwise_similarity,2105,2105,,,,0.357142857143,,,,,,,,,
pairwise_similarity,2105,2105,,,,0.214285714286,,,,,,,,,
pairwise_similarity,2105,2105,,,,0.214285714286,,,,,,,,,
pairwise_similarity,2105,2105,,,,0.5,,,,,,,,,
pairwise_similarity,2105,2105,,,,0.285714285714,,,,,,,,,
pairwise_similarity,2105,2105,,,,0.285714285714,,,,,,,,,
pairwise_similarity,2105,2105,,,,0.357142857143,,,,,,,,,
pairwise_similarity,2105,2105,,,,0.357142857143,,,,,,,,,
pairwise_similarity,2105,2105,,,,0.214285714286,,,,,,,,,
pairwise_similarity,2105,2105,,,,0.285714285714,,,,,,,,,
pairwise_similarity,2105,2105,,,,0.428571428571,,,,,,,,,
pairwise_similarity,2105,2105,,,,0.214285714286,,,,,,,,,
pairwise_similarity,2105,2105,,,,0.642857142857,,,,,,,,,
pairwise_similarity,2105,2105,,,,0.285714285714,,,,,,,,,
pairwise_similarity,2105,2105,,,,0.285714285714,,,,,,,,,
pairwise_similarity,2105,2105,,,,0.428571428571,,,,,,,,,
pairwise_similarity,2105,2105,,,,0.571428571429,,,,,,,,,
pairwise_similarity,2105,2105,,,,0.142857142857,,,,,,,,,
pairwise_similarity,2105,2105,,,,0.357142857143,,,,,,,,,
pairwise_similarity,2105,2105,,,,0.5,,,,,,,,,
pairwise_similarity,2105,2105,,,,0.357142857143,,,,,,,,,
pairwise_similarity,2105,2105,,,,0.5,,,,,,,,,
pairwise_similarity,2105,2105,,,,0.5,,,,,,,,,
pairwise_similarity,2105,2105,,,,0.357142857143,,,,,,,,,
pairwise_similarity,2105,2105,,,,0.642857142857,,,,,,,,,
pairwise_similarity,2105,2105,,,,0.642857142857,,,,,,,,,
pairwise_similarity,2105,2105,,,,0.142857142857,,,,,,,,,
pairwise_similarity,2105,2105,,,,0.214285714286,,,,,,,,,
pairwise_similarity,2105,2105,,,,0.214285714286,,,,,,,,,
pairwise_similarity,2105,2105,,,,0.428571428571,,,,,,,,,
pairwise_similarity,2105,2105,,,,0.357142857143,,,,,,,,,
pairwise_similarity,2105,2105,,,,0.214285714286,,,,,,,,,
pairwise_similarity,2105,2105,,,,0.357142857143,,,,,,,,,
pairwise_similarity,2105,2105,,,,0.285714285714,,,,,,,,,
pairwise_similarity,2105,2105,,,,0.428571428571,,,,,,,,,
pairwise_similarity,2105,2105,,,,0.214285714286,,,,,,,,,
pairwise_similarity,2105,2105,,,,0.357142857143,,,,,,,,,
pairwise_similarity,2105,2105,,,,0.357142857143,,,,,,,,,
pairwise_similarity,2105,2105,,,,0.642857142857,,,,,,,,,
pairwise_similarity,2105,2105,,,,0.285714285714,,,,,,,,,
pairwise_similarity,2105,2105,,,,0.285714285714,,,,,,,,,
pairwise_similarity,2105,2105,,,,0,,,,,,,,,
pairwise_similarity,2105,2105,,,,0.5,,,,,,,,,
pairwise_similarity,2105,2105,,,,0.214285714286,,,,,,,,,
pairwise_similarity,2105,2105,,,,0.428571428571,,,,,,,,,
pairwise_similarity,2105,2105,,,,0.285714285714,,,,,,,,,
pairwise_similarity,2105,2105,,,,0.214285714286,,,,,,,,,
pairwise_similarity,2105,2105,,,,0.357142857143,,,,,,,,,
pairwise_similarity,2105,2105,,,,0.214285714286,,,,,,,,,
pairwise_similarity,2105,2105,,,,0.357142857143,,,,,,,,,
pairwise_similarity,2105,2105,,,,0.357142857143,,,,,,,,,
pairwise_similarity,2105,2105,,,,0,,,,,,,,,
pairwise_similarity,2105,2105,,,,0.142857142857,,,,,,,,,
pairwise_similarity,2105,2105,,,,0.357142857143,,,,,,,,,
pairwise_similarity,2105,2105,,,,0.285714285714,,,,,,,,,
pairwise_similarity,2105,2105,,,,0.5,,,,,,,,,
pairwise_similarity,2105,2105,,,,0.214285714286,,,,,,,,,
pairwise_similarity,2105,2105,,,,0.357142857143,,,,,,,,,
pairwise_similarity,2105,2105,,,,0.214285714286,,,,,,,,,
pairwise_similarity,2105,2105,,,,0.285714285714,,,,,,,,,
pairwise_similarity,2105,2105,,,,0.642857142857,,,,,,,,,
pairwise_similarity,2105,2105,,,,0.357142857143,,,,,,,,,
pairwise_similarity,2105,2105,,,,0.214285714286,,,,,,,,,
pairwise_similarity,2105,2105,,,,0.214285714286,,,,,,,,,
pairwise_similarity,2105,2105,,,,-0.0714285714286,,,,,,,,,
pairwise_similarity,2105,2105,,,,0.214285714286,,,,,,,,,
pairwise_similarity,2105,2105,,,,0.642857142857,,,,,,,,,
pairwise_similarity,2105,2105,,,,0.142857142857,,,,,,,,,
pairwise_similarity,2105,2105,,,,0.285714285714,,,,,,,,,
pairwise_similarity,2105,2105,,,,0.214285714286,,,,,,,,,
pairwise_similarity,2105,2105,,,,0.214285714286,,,,,,,,,
pairwise_similarity,2105,2105,,,,0.357142857143,,,,,,,,,
pairwise_similarity,2105,2105,,,,0.285714285714,,,,,,,,,
pairwise_similarity,2105,2105,,,,0.142857142857,,,,,,,,,
pairwise_similarity,2105,2105,,,,0.0714285714286,,,,,,,,,
pairwise_similarity,2105,2105,,,,0.642857142857,,,,,,,,,
pairwise_similarity,2105,2105,,,,0,,,,,,,,,
pairwise_similarity,2105,2105,,,,0,,,,,,,,,
pairwise_similarity,2105,2105,,,,0.285714285714,,,,,,,,,
pairwise_similarity,2105,2105,,,,0.285714285714,,,,,,,,,
pairwise_similarity,2105,2105,,,,-0.142857142857,,,,,,,,,
pairwise_similarity,2105,2105,,,,0.357142857143,,,,,,,,,
pairwise_similarity,2105,2105,,,,0.357142857143,,,,,,,,,
pairwise_similarity,2105,2105,,,,0.357142857143,,,,,,,,,
pairwise_similarity,2105,2105,,,,0.357142857143,,,,,,,,,
pairwise_similarity,2105,2105,,,,0.357142857143,,,,,,,,,
pairwise_similarity,2105,2105,,,,0.642857142857,,,,,,,,,
pairwise_similarity,2105,2105,,,,0.214285714286,,,,,,,,,
pairwise_similarity,2105,2105,,,,0.357142857143,,,,,,,,,
pairwise_similarity,2105,2105,,,,0,,,,,,,,,
pairwise_similarity,2105,2105,,,,0.214285714286,,,,,,,,,
pairwise_similarity,2105,2105,,,,0.357142857143,,,,,,,,,
pairwise_similarity,2105,2105,,,,0.285714285714,,,,,,,,,
pairwise_similarity,2105,2105,,,,0.214285714286,,,,,,,,,
pairwise_similarity,2105,2105,,,,0.714285714286,,,,,,,,,
pairwise_similarity,2105,2105,,,,0.642857142857,,,,,,,,,
pairwise_similarity,2105,2105,,,,0.642857142857,,,,,,,,,
pairwise_similarity,2105,2105,,,,0.714285714286,,,,,,,,,
pairwise_similarity,2105,2105,,,,0.142857142857,,,,,,,,,
pairwise_similarity,2105,2105,,,,0.857142857143,,,,,,,,,
pairwise_similarity,2105,2105,,,,0.571428571429,,,,,,,,,
pairwise_similarity,2105,2105,,,,0.785714285714,,,,,,,,,
pairwise_similarity,2105,2105,,,,0.642857142857,,,,,,,,,
pairwise_similarity,2105,2105,,,,0.357142857143,,,,,,,,,
pairwise_similarity,2105,2105,,,,0.714285714286,,,,,,,,,
pairwise_similarity,2105,2105,,,,0.714285714286,,,,,,,,,
pairwise_similarity,2105,2105,,,,0.642857142857,,,,,,,,,
pairwise_similarity,2105,2105,,,,0.642857142857,,,,,,,,,
pairwise_similarity,2105,2105,,,,0.428571428571,,,,,,,,,
pairwise_similarity,2105,2105,,,,0.571428571429,,,,,,,,,
pairwise_similarity,2105,2105,,,,0.571428571429,,,,,,,,,
pairwise_similarity,2105,2105,,,,0.714285714286,,,,,,,,,
pairwise_similarity,2105,2105,,,,0.428571428571,,,,,,,,,
pairwise_similarity,2105,2105,,,,0.642857142857,,,,,,,,,
pairwise_similarity,2105,2105,,,,0.5,,,,,,,,,
pairwise_similarity,2105,2105,,,,0.857142857143,,,,,,,,,
pairwise_similarity,2105,2105,,,,0.5,,,,,,,,,
pairwise_similarity,2105,2105,,,,0.571428571429,,,,,,,,,
pairwise_similarity,2105,2105,,,,0.571428571429,,,,,,,,,
pairwise_similarity,2105,2105,,,,0.428571428571,,,,,,,,,
pairwise_similarity,2105,2105,,,,0.857142857143,,,,,,,,,
pairwise_similarity,2105,2105,,,,0.642857142857,,,,,,,,,
pairwise_similarity,2105,2105,,,,0.571428571429,,,,,,,,,
pairwise_similarity,2105,2105,,,,0.571428571429,,,,,,,,,
pairwise_similarity,2105,2105,,,,0.428571428571,,,,,,,,,
pairwise_similarity,2105,2105,,,,0.714285714286,,,,,,,,,
pairwise_similarity,2105,2105,,,,0.428571428571,,,,,,,,,
pairwise_similarity,2105,2105,,,,0.714285714286,,,,,,,,,
pairwise_similarity,2105,2105,,,,0.571428571429,,,,,,,,,
pairwise_similarity,2105,2105,,,,0.5,,,,,,,,,
pairwise_similarity,2105,2105,,,,0.357142857143,,,,,,,,,
pairwise_similarity,2105,2105,,,,0.428571428571,,,,,,,,,
pairwise_similarity,2105,2105,,,,0.571428571429,,,,,,,,,
pairwise_similarity,2105,2105,,,,0.571428571429,,,,,,,,,
pairwise_similarity,2105,2105,,,,0.642857142857,,,,,,,,,
pairwise_similarity,2105,2105,,,,0.5,,,,,,,,,
pairwise_similarity,2105,2105,,,,0.714285714286,,,,,,,,,
pairwise_similarity,2105,2105,,,,0.428571428571,,,,,,,,,
pairwise_similarity,2105,2105,,,,0.357142857143,,,,,,,,,
pairwise_similarity,2105,2105,,,,0.642857142857,,,,,,,,,
pairwise_similarity,2105,2105,,,,0.357142857143,,,,,,,,,
pairwise_similarity,2105,2105,,,,0.642857142857,,,,,,,,,
pairwise_similarity,2105,2105,,,,0.5,,,,,,,,,
pairwise_similarity,2105,2105,,,,0.571428571429,,,,,,,,,
pairwise_similarity,2105,2105,,,,0.714285714286,,,,,,,,,
pairwise_similarity,2105,2105,,,,0.714285714286,,,,,,,,,
pairwise_similarity,2105,2105,,,,0.714285714286,,,,,,,,,
pairwise_similarity,2105,2105,,,,0.857142857143,,,,,,,,,
pairwise_similarity,2105,2105,,,,0.428571428571,,,,,,,,,
pairwise_similarity,2105,2105,,,,0.714285714286,,,,,,,,,
pairwise_similarity,2105,2105,,,,0.571428571429,,,,,,,,,
pairwise_similarity,2105,2105,,,,0.642857142857,,,,,,,,,
pairwise_similarity,2105,2105,,,,0.714285714286,,,,,,,,,
pairwise_similarity,2105,2105,,,,0.428571428571,,,,,,,,,
pairwise_similarity,2105,2105,,,,0.785714285714,,,,,,,,,
pairwise_similarity,2105,2105,,,,0.428571428571,,,,,,,,,
pairwise_similarity,2105,2105,,,,0.785714285714,,,,,,,,,
pairwise_similarity,2105,2105,,,,0.785714285714,,,,,,,,,
pairwise_similarity,2105,2105,,,,0.714285714286,,,,,,,,,
pairwise_similarity,2105,2105,,,,0.428571428571,,,,,,,,,
pairwise_similarity,2105,2105,,,,0.857142857143,,,,,,,,,
pairwise_similarity,2105,2105,,,,0.571428571429,,,,,,,,,
pairwise_similarity,2105,2105,,,,0.785714285714,,,,,,,,,
pairwise_similarity,2105,2105,,,,0.928571428571,,,,,,,,,
pairwise_similarity,2105,2105,,,,0.5,,,,,,,,,
pairwise_similarity,2105,2105,,,,0.857142857143,,,,,,,,,
pairwise_similarity,2105,2105,,,,0.857142857143,,,,,,,,,
pairwise_similarity,2105,2105,,,,0.928571428571,,,,,,,,,
pairwise_similarity,2105,2105,,,,0.642857142857,,,,,,,,,
pairwise_similarity,2105,2105,,,,0.571428571429,,,,,,,,,
pairwise_similarity,2105,2105,,,,0.571428571429,,,,,,,,,
pairwise_similarity,2105,2105,,,,0.571428571429,,,,,,,,,
pairwise_similarity,2105,2105,,,,0.714285714286,,,,,,,,,
pairwise_similarity,2105,2105,,,,0.571428571429,,,,,,,,,
pairwise_similarity,2105,2105,,,,0.642857142857,,,,,,,,,
pairwise_similarity,2105,2105,,,,0.5,,,,,,,,,
pairwise_similarity,2105,2105,,,,0.857142857143,,,,,,,,,
pairwise_similarity,2105,2105,,,,0.642857142857,,,,,,,,,
pairwise_similarity,2105,2105,,,,0.714285714286,,,,,,,,,
pairwise_similarity,2105,2105,,,,0.714285714286,,,,,,,,,
pairwise_similarity,2105,2105,,,,0.428571428571,,,,,,,,,
pairwise_similarity,2105,2105,,,,0.714285714286,,,,,,,,,
pairwise_similarity,2105,2105,,,,0.642857142857,,,,,,,,,
pairwise_similarity,2105,2105,,,,0.571428571429,,,,,,,,,
pairwise_similarity,2105,2105,,,,0.714285714286,,,,,,,,,
pairwise_similarity,2105,2105,,,,0.571428571429,,,,,,,,,
pairwise_similarity,2105,2105,,,,0.571428571429,,,,,,,,,
pairwise_similarity,2105,2105,,,,0.285714285714,,,,,,,,,
pairwise_similarity,2105,2105,,,,0.857142857143,,,,,,,,,
pairwise_similarity,2105,2105,,,,0.571428571429,,,,,,,,,
pairwise_similarity,2105,2105,,,,0.5,,,,,,,,,
pairwise_similarity,2105,2105,,,,0.5,,,,,,,,,
pairwise_similarity,2105,2105,,,,0.571428571429,,,,,,,,,
pairwise_similarity,2105,2105,,,,0.714285714286,,,,,,,,,
pairwise_similarity,2105,2105,,,,0.857142857143,,,,,,,,,
pairwise_similarity,2105,2105,,,,0.928571428571,,,,,,,,,
pairwise_similarity,2105,2105,,,,0.642857142857,,,,,,,,,
pairwise_similarity,2105,2105,,,,0.571428571429,,,,,,,,,
pairwise_similarity,2105,2105,,,,0.571428571429,,,,,,,,,
pairwise_similarity,2105,2105,,,,0.642857142857,,,,,,,,,
pairwise_similarity,2105,2105,,,,0.642857142857,,,,,,,,,
pairwise_similarity,2105,2105,,,,0.5,,,,,,,,,
pairwise_similarity,2105,2105,,,,0.785714285714,,,,,,,,,
pairwise_similarity,2105,2105,,,,0.357142857143,,,,,,,,,
pairwise_similarity,2105,2105,,,,0.714285714286,,,,,,,,,
pairwise_similarity,2105,2105,,,,0.857142857143,,,,,,,,,
pairwise_similarity,2105,2105,,,,0.857142857143,,,,,,,,,
pairwise_similarity,2105,2105,,,,0.714285714286,,,,,,,,,
pairwise_similarity,2105,2105,,,,0.857142857143,,,,,,,,,
pairwise_similarity,2105,2105,,,,0.571428571429,,,,,,,,,
pairwise_similarity,2105,2105,,,,0.714285714286,,,,,,,,,
pairwise_similarity,2105,2105,,,,0.571428571429,,,,,,,,,
pairwise_similarity,2105,2105,,,,0.5,,,,,,,,,
pairwise_similarity,2105,2105,,,,0.857142857143,,,,,,,,,
pairwise_similarity,2105,2105,,,,0.571428571429,,,,,,,,,
pairwise_similarity,2105,2105,,,,0.642857142857,,,,,,,,,
pairwise_similarity,2105,2105,,,,0.714285714286,,,,,,,,,
pairwise_similarity,2105,2105,,,,0.571428571429,,,,,,,,,
pairwise_similarity,2105,2105,,,,0.642857142857,,,,,,,,,
pairwise_similarity,2105,2105,,,,0.357142857143,,,,,,,,,
pairwise_similarity,2105,2105,,,,0.642857142857,,,,,,,,,
pairwise_similarity,2105,2105,,,,0.5,,,,,,,,,
pairwise_similarity,2105,2105,,,,0.857142857143,,,,,,,,,
pairwise_similarity,2105,2105,,,,0.714285714286,,,,,,,,,
pairwise_similarity,2105,2105,,,,0.428571428571,,,,,,,,,
pairwise_similarity,2105,2105,,,,0.642857142857,,,,,,,,,
pairwise_similarity,2105,2105,,,,0.785714285714,,,,,,,,,
pairwise_similarity,2105,2105,,,,0.714285714286,,,,,,,,,
pairwise_similarity,2105,2105,,,,0.571428571429,,,,,,,,,
pairwise_similarity,2105,2105,,,,0.357142857143,,,,,,,,,
pairwise_similarity,2105,2105,,,,0.5,,,,,,,,,
pairwise_similarity,2105,2105,,,,0.357142857143,,,,,,,,,
pairwise_similarity,2105,2105,,,,0.785714285714,,,,,,,,,
pairwise_similarity,2105,2105,,,,0.357142857143,,,,,,,,,
pairwise_similarity,2105,2105,,,,0.571428571429,,,,,,,,,
pairwise_similarity,2105,2105,,,,0.428571428571,,,,,,,,,
pairwise_similarity,2105,2105,,,,0.785714285714,,,,,,,,,
pairwise_similarity,2105,2105,,,,0.428571428571,,,,,,,,,
pairwise_similarity,2105,2105,,,,0.5,,,,,,,,,
pairwise_similarity,2105,2105,,,,0.642857142857,,,,,,,,,
pairwise_similarity,2105,2105,,,,0.5,,,,,,,,,
pairwise_similarity,2105,2105,,,,0.642857142857,,,,,,,,,
pairwise_similarity,2105,2105,,,,0.428571428571,,,,,,,,,
pairwise_similarity,2105,2105,,,,0.5,,,,,,,,,
pairwise_similarity,2105,2105,,,,0.5,,,,,,,,,
pairwise_similarity,2105,2105,,,,0.642857142857,,,,,,,,,
pairwise_similarity,2105,2105,,,,0.5,,,,,,,,,
pairwise_similarity,2105,2105,,,,0.214285714286,,,,,,,,,
pairwise_similarity,2105,2105,,,,0.785714285714,,,,,,,,,
pairwise_similarity,2105,2105,,,,0.642857142857,,,,,,,,,
pairwise_similarity,2105,2105,,,,0.428571428571,,,,,,,,,
pairwise_similarity,2105,2105,,,,0.285714285714,,,,,,,,,
pairwise_similarity,2105,2105,,,,0.357142857143,,,,,,,,,
pairwise_similarity,2105,2105,,,,0.642857142857,,,,,,,,,
pairwise_similarity,2105,2105,,,,0.642857142857,,,,,,,,,
pairwise_similarity,2105,2105,,,,0.714285714286,,,,,,,,,
pairwise_similarity,2105,2105,,,,0.428571428571,,,,,,,,,
pairwise_similarity,2105,2105,,,,0.5,,,,,,,,,
pairwise_similarity,2105,2105,,,,0.5,,,,,,,,,
pairwise_similarity,2105,2105,,,,0.428571428571,,,,,,,,,
pairwise_similarity,2105,2105,,,,0.571428571429,,,,,,,,,
pairwise_similarity,2105,2105,,,,0.285714285714,,,,,,,,,
pairwise_similarity,2105,2105,,,,0.571428571429,,,,,,,,,
pairwise_similarity,2105,2105,,,,0.285714285714,,,,,,,,,
pairwise_similarity,2105,2105,,,,0.642857142857,,,,,,,,,
pairwise_similarity,2105,2105,,,,0.642857142857,,,,,,,,,
pairwise_similarity,2105,2105,,,,0.785714285714,,,,,,,,,
pairwise_similarity,2105,2105,,,,0.642857142857,,,,,,,,,
pairwise_similarity,2105,2105,,,,0.642857142857,,,,,,,,,
pairwise_similarity,2105,2105,,,,0.5,,,,,,,,,
pairwise_similarity,2105,2105,,,,0.5,,,,,,,,,
pairwise_similarity,2105,2105,,,,0.5,,,,,,,,,
pairwise_similarity,2105,2105,,,,0.428571428571,,,,,,,,,
pairwise_similarity,2105,2105,,,,0.928571428571,,,,,,,,,
pairwise_similarity,2105,2105,,,,0.357142857143,,,,,,,,,
pairwise_similarity,2105,2105,,,,0.571428571429,,,,,,,,,
pairwise_similarity,2105,2105,,,,0.5,,,,,,,,,
pairwise_similarity,2105,2105,,,,0.642857142857,,,,,,,,,
pairwise_similarity,2105,2105,,,,0.357142857143,,,,,,,,,
pairwise_similarity,2105,2105,,,,0.785714285714,,,,,,,,,
pairwise_similarity,2105,2105,,,,0.5,,,,,,,,,
pairwise_similarity,2105,2105,,,,0.714285714286,,,,,,,,,
pairwise_similarity,2105,2105,,,,0.857142857143,,,,,,,,,
pairwise_similarity,2105,2105,,,,0.571428571429,,,,,,,,,
pairwise_similarity,2105,2105,,,,0.785714285714,,,,,,,,,
pairwise_similarity,2105,2105,,,,0.642857142857,,,,,,,,,
pairwise_similarity,2105,2105,,,,0.714285714286,,,,,,,,,
pairwise_similarity,2105,2105,,,,0.857142857143,,,,,,,,,
pairwise_similarity,2105,2105,,,,0.785714285714,,,,,,,,,
pairwise_similarity,2105,2105,,,,0.5,,,,,,,,,
pairwise_similarity,2105,2105,,,,0.785714285714,,,,,,,,,
pairwise_similarity,2105,2105,,,,0.642857142857,,,,,,,,,
pairwise_similarity,2105,2105,,,,0.785714285714,,,,,,,,,
pairwise_similarity,2105,2105,,,,0.428571428571,,,,,,,,,
pairwise_similarity,2105,2105,,,,0.285714285714,,,,,,,,,
pairwise_similarity,2105,2105,,,,0.785714285714,,,,,,,,,
pairwise_similarity,2105,2105,,,,0.857142857143,,,,,,,,,
pairwise_similarity,2105,2105,,,,0.928571428571,,,,,,,,,
pairwise_similarity,2105,2105,,,,0.5,,,,,,,,,
pairwise_similarity,2105,2105,,,,0.214285714286,,,,,,,,,
pairwise_similarity,2105,2105,,,,0.642857142857,,,,,,,,,
pairwise_similarity,2105,2105,,,,0.857142857143,,,,,,,,,
pairwise_similarity,2105,2105,,,,0.5,,,,,,,,,
pairwise_similarity,2105,2105,,,,0.928571428571,,,,,,,,,
pairwise_similarity,2105,2105,,,,0.357142857143,,,,,,,,,
pairwise_similarity,2105,2105,,,,0.5,,,,,,,,,
pairwise_similarity,2105,2105,,,,0.357142857143,,,,,,,,,
pairwise_similarity,2105,2105,,,,0.642857142857,,,,,,,,,
pairwise_similarity,2105,2105,,,,0.642857142857,,,,,,,,,
pairwise_similarity,2105,2105,,,,0.714285714286,,,,,,,,,
pairwise_similarity,2105,2105,,,,0.714285714286,,,,,,,,,
pairwise_similarity,2105,2105,,,,0.785714285714,,,,,,,,,
pairwise_similarity,2105,2105,,,,0.785714285714,,,,,,,,,
pairwise_similarity,2105,2105,,,,0.785714285714,,,,,,,,,
pairwise_similarity,2105,2105,,,,0.714285714286,,,,,,,,,
pairwise_similarity,2105,2105,,,,0.714285714286,,,,,,,,,
pairwise_similarity,2105,2105,,,,0.5,,,,,,,,,
pairwise_similarity,2105,2105,,,,0.785714285714,,,,,,,,,
pairwise_similarity,2105,2105,,,,0.571428571429,,,,,,,,,
pairwise_similarity,2105,2105,,,,0.571428571429,,,,,,,,,
pairwise_similarity,2105,2105,,,,0.714285714286,,,,,,,,,
pairwise_similarity,2105,2105,,,,0.857142857143,,,,,,,,,
pairwise_similarity,2105,2105,,,,0.428571428571,,,,,,,,,
pairwise_similarity,2105,2105,,,,0.642857142857,,,,,,,,,
pairwise_similarity,2105,2105,,,,0.928571428571,,,,,,,,,
pairwise_similarity,2105,2105,,,,0.785714285714,,,,,,,,,
pairwise_similarity,2105,2105,,,,0.642857142857,,,,,,,,,
pairwise_similarity,2105,2105,,,,0.785714285714,,,,,,,,,
pairwise_similarity,2105,2105,,,,0.642857142857,,,,,,,,,
pairwise_similarity,2105,2105,,,,0.785714285714,,,,,,,,,
pairwise_similarity,2105,2105,,,,0.5,,,,,,,,,
pairwise_similarity,2105,2105,,,,0.428571428571,,,,,,,,,
pairwise_similarity,2105,2105,,,,0.642857142857,,,,,,,,,
pairwise_similarity,2105,2105,,,,0.785714285714,,,,,,,,,
pairwise_similarity,2105,2105,,,,0.714285714286,,,,,,,,,
pairwise_similarity,2105,2105,,,,0.785714285714,,,,,,,,,
pairwise_similarity,2105,2105,,,,0.285714285714,,,,,,,,,
pairwise_similarity,2105,2105,,,,0.857142857143,,,,,,,,,
pairwise_similarity,2105,2105,,,,0.571428571429,,,,,,,,,
pairwise_similarity,2105,2105,,,,0.785714285714,,,,,,,,,
pairwise_similarity,2105,2105,,,,0.642857142857,,,,,,,,,
pairwise_similarity,2105,2105,,,,0.214285714286,,,,,,,,,
pairwise_similarity,2105,2105,,,,0.714285714286,,,,,,,,,
pairwise_similarity,2105,2105,,,,0.714285714286,,,,,,,,,
pairwise_similarity,2105,2105,,,,0.642857142857,,,,,,,,,
pairwise_similarity,2105,2105,,,,0.5,,,,,,,,,
pairwise_similarity,2105,2105,,,,0.571428571429,,,,,,,,,
pairwise_similarity,2105,2105,,,,0.428571428571,,,,,,,,,
pairwise_similarity,2105,2105,,,,0.571428571429,,,,,,,,,
pairwise_similarity,2105,2105,,,,0.714285714286,,,,,,,,,
pairwise_similarity,2105,2105,,,,0.428571428571,,,,,,,,,
pairwise_similarity,2105,2105,,,,0.642857142857,,,,,,,,,
pairwise_similarity,2105,2105,,,,0.642857142857,,,,,,,,,
pairwise_similarity,2105,2105,,,,0.714285714286,,,,,,,,,
pairwise_similarity,2105,2105,,,,0.5,,,,,,,,,
pairwise_similarity,2105,2105,,,,0.571428571429,,,,,,,,,
pairwise_similarity,2105,2105,,,,0.714285714286,,,,,,,,,
pairwise_similarity,2105,2105,,,,0.571428571429,,,,,,,,,
pairwise_similarity,2105,2105,,,,0.857142857143,,,,,,,,,
pairwise_similarity,2105,2105,,,,0.642857142857,,,,,,,,,
pairwise_similarity,2105,2105,,,,0.571428571429,,,,,,,,,
pairwise_similarity,2105,2105,,,,0.571428571429,,,,,,,,,
pairwise_similarity,2105,2105,,,,0.428571428571,,,,,,,,,
pairwise_similarity,2105,2105,,,,0.714285714286,,,,,,,,,
pairwise_similarity,2105,2105,,,,0.571428571429,,,,,,,,,
pairwise_similarity,2105,2105,,,,0.714285714286,,,,,,,,,
pairwise_similarity,2105,2105,,,,0.428571428571,,,,,,,,,
pairwise_similarity,2105,2105,,,,0.357142857143,,,,,,,,,
pairwise_similarity,2105,2105,,,,0.357142857143,,,,,,,,,
pairwise_similarity,2105,2105,,,,0.428571428571,,,,,,,,,
pairwise_similarity,2105,2105,,,,0.857142857143,,,,,,,,,
pairwise_similarity,2105,2105,,,,0.571428571429,,,,,,,,,
pairwise_similarity,2105,2105,,,,0.642857142857,,,,,,,,,
pairwise_similarity,2105,2105,,,,0.642857142857,,,,,,,,,
pairwise_similarity,2105,2105,,,,0.857142857143,,,,,,,,,
pairwise_similarity,2105,2105,,,,0.428571428571,,,,,,,,,
pairwise_similarity,2105,2105,,,,0.5,,,,,,,,,
pairwise_similarity,2105,2105,,,,0.785714285714,,,,,,,,,
pairwise_similarity,2105,2105,,,,0.357142857143,,,,,,,,,
pairwise_similarity,2105,2105,,,,0.642857142857,,,,,,,,,
pairwise_similarity,2105,2105,,,,0.214285714286,,,,,,,,,
pairwise_similarity,2105,2105,,,,0.857142857143,,,,,,,,,
pairwise_similarity,2105,2105,,,,0.714285714286,,,,,,,,,
pairwise_similarity,2105,2105,,,,0.857142857143,,,,,,,,,
pairwise_similarity,2105,2105,,,,0.857142857143,,,,,,,,,
pairwise_similarity,2105,2105,,,,0.857142857143,,,,,,,,,
pairwise_similarity,2105,2105,,,,0.428571428571,,,,,,,,,
pairwise_similarity,2105,2105,,,,0.714285714286,,,,,,,,,
pairwise_similarity,2105,2105,,,,0.428571428571,,,,,,,,,
pairwise_similarity,2105,2105,,,,0.785714285714,,,,,,,,,
pairwise_similarity,2105,2105,,,,0.714285714286,,,,,,,,,
pairwise_similarity,2105,2105,,,,0.428571428571,,,,,,,,,
pairwise_similarity,2105,2105,,,,0.642857142857,,,,,,,,,
pairwise_similarity,2105,2105,,,,0.428571428571,,,,,,,,,
pairwise_similarity,2105,2105,,,,0.285714285714,,,,,,,,,
pairwise_similarity,2105,2105,,,,0.571428571429,,,,,,,,,
pairwise_similarity,2105,2105,,,,0.214285714286,,,,,,,,,
pairwise_similarity,2105,2105,,,,0.5,,,,,,,,,
pairwise_similarity,2105,2105,,,,0.214285714286,,,,,,,,,
pairwise_similarity,2105,2105,,,,0.428571428571,,,,,,,,,
pairwise_similarity,2105,2105,,,,0.285714285714,,,,,,,,,
pairwise_similarity,2105,2105,,,,0.5,,,,,,,,,
pairwise_similarity,2105,2105,,,,0.357142857143,,,,,,,,,
pairwise_similarity,2105,2105,,,,0.428571428571,,,,,,,,,
pairwise_similarity,2105,2105,,,,0.571428571429,,,,,,,,,
pairwise_similarity,2105,2105,,,,0.142857142857,,,,,,,,,
pairwise_similarity,2105,2105,,,,0.142857142857,,,,,,,,,
pairwise_similarity,2105,2105,,,,0.142857142857,,,,,,,,,
pairwise_similarity,2105,2105,,,,0.0714285714286,,,,,,,,,
pairwise_similarity,2105,2105,,,,0.5,,,,,,,,,
pairwise_similarity,2105,2105,,,,0.285714285714,,,,,,,,,
pairwise_similarity,2105,2105,,,,0.357142857143,,,,,,,,,
pairwise_similarity,2105,2105,,,,0.428571428571,,,,,,,,,
pairwise_similarity,2105,2105,,,,0.428571428571,,,,,,,,,
pairwise_similarity,2105,2105,,,,0.571428571429,,,,,,,,,
pairwise_similarity,2105,2105,,,,0.142857142857,,,,,,,,,
pairwise_similarity,2105,2105,,,,0.214285714286,,,,,,,,,
pairwise_similarity,2105,2105,,,,0.571428571429,,,,,,,,,
pairwise_similarity,2105,2105,,,,0.428571428571,,,,,,,,,
pairwise_similarity,2105,2105,,,,0.285714285714,,,,,,,,,
pairwise_similarity,2105,2105,,,,0.142857142857,,,,,,,,,
pairwise_similarity,2105,2105,,,,0.285714285714,,,,,,,,,
pairwise_similarity,2105,2105,,,,0.285714285714,,,,,,,,,
pairwise_similarity,2105,2105,,,,0.428571428571,,,,,,,,,
pairwise_similarity,2105,2105,,,,0.214285714286,,,,,,,,,
pairwise_similarity,2105,2105,,,,0.214285714286,,,,,,,,,
pairwise_similarity,2105,2105,,,,0.285714285714,,,,,,,,,
pairwise_similarity,2105,2105,,,,0.428571428571,,,,,,,,,
pairwise_similarity,2105,2105,,,,0.285714285714,,,,,,,,,
pairwise_similarity,2105,2105,,,,0.357142857143,,,,,,,,,
pairwise_similarity,2105,2105,,,,0.642857142857,,,,,,,,,
pairwise_similarity,2105,2105,,,,0.285714285714,,,,,,,,,
pairwise_similarity,2105,2105,,,,0.571428571429,,,,,,,,,
pairwise_similarity,2105,2105,,,,0.5,,,,,,,,,
pairwise_similarity,2105,2105,,,,0.357142857143,,,,,,,,,
pairwise_similarity,2105,2105,,,,0.357142857143,,,,,,,,,
pairwise_similarity,2105,2105,,,,0.5,,,,,,,,,
pairwise_similarity,2105,2105,,,,0.0714285714286,,,,,,,,,
pairwise_similarity,2105,2105,,,,0.428571428571,,,,,,,,,
pairwise_similarity,2105,2105,,,,0.428571428571,,,,,,,,,
pairwise_similarity,2105,2105,,,,0.285714285714,,,,,,,,,
pairwise_similarity,2105,2105,,,,0.285714285714,,,,,,,,,
pairwise_similarity,2105,2105,,,,0.285714285714,,,,,,,,,
pairwise_similarity,2105,2105,,,,0.285714285714,,,,,,,,,
pairwise_similarity,2105,2105,,,,0.428571428571,,,,,,,,,
pairwise_similarity,2105,2105,,,,0.571428571429,,,,,,,,,
pairwise_similarity,2105,2105,,,,0.0714285714286,,,,,,,,,
pairwise_similarity,2105,2105,,,,0.285714285714,,,,,,,,,
pairwise_similarity,2105,2105,,,,0.142857142857,,,,,,,,,
pairwise_similarity,2105,2105,,,,0.214285714286,,,,,,,,,
pairwise_similarity,2105,2105,,,,0.428571428571,,,,,,,,,
pairwise_similarity,2105,2105,,,,0.714285714286,,,,,,,,,
pairwise_similarity,2105,2105,,,,0.785714285714,,,,,,,,,
pairwise_similarity,2105,2105,,,,0.785714285714,,,,,,,,,
pairwise_similarity,2105,2105,,,,0.357142857143,,,,,,,,,
pairwise_similarity,2105,2105,,,,0.857142857143,,,,,,,,,
pairwise_similarity,2105,2105,,,,0.714285714286,,,,,,,,,
pairwise_similarity,2105,2105,,,,0.785714285714,,,,,,,,,
pairwise_similarity,2105,2105,,,,0.642857142857,,,,,,,,,
pairwise_similarity,2105,2105,,,,0.571428571429,,,,,,,,,
pairwise_similarity,2105,2105,,,,0.571428571429,,,,,,,,,
pairwise_similarity,2105,2105,,,,0.714285714286,,,,,,,,,
pairwise_similarity,2105,2105,,,,0.714285714286,,,,,,,,,
pairwise_similarity,2105,2105,,,,0.571428571429,,,,,,,,,
pairwise_similarity,2105,2105,,,,0.642857142857,,,,,,,,,
pairwise_similarity,2105,2105,,,,0.5,,,,,,,,,
pairwise_similarity,2105,2105,,,,0.857142857143,,,,,,,,,
pairwise_similarity,2105,2105,,,,0.642857142857,,,,,,,,,
pairwise_similarity,2105,2105,,,,0.714285714286,,,,,,,,,
pairwise_similarity,2105,2105,,,,0.571428571429,,,,,,,,,
pairwise_similarity,2105,2105,,,,0.428571428571,,,,,,,,,
pairwise_similarity,2105,2105,,,,0.857142857143,,,,,,,,,
pairwise_similarity,2105,2105,,,,0.785714285714,,,,,,,,,
pairwise_similarity,2105,2105,,,,0.714285714286,,,,,,,,,
pairwise_similarity,2105,2105,,,,0.714285714286,,,,,,,,,
pairwise_similarity,2105,2105,,,,0.428571428571,,,,,,,,,
pairwise_similarity,2105,2105,,,,0.714285714286,,,,,,,,,
pairwise_similarity,2105,2105,,,,0.428571428571,,,,,,,,,
pairwise_similarity,2105,2105,,,,0.714285714286,,,,,,,,,
pairwise_similarity,2105,2105,,,,0.571428571429,,,,,,,,,
pairwise_similarity,2105,2105,,,,0.5,,,,,,,,,
pairwise_similarity,2105,2105,,,,0.5,,,,,,,,,
pairwise_similarity,2105,2105,,,,0.571428571429,,,,,,,,,
pairwise_similarity,2105,2105,,,,0.714285714286,,,,,,,,,
pairwise_similarity,2105,2105,,,,0.714285714286,,,,,,,,,
pairwise_similarity,2105,2105,,,,0.785714285714,,,,,,,,,
pairwise_similarity,2105,2105,,,,0.642857142857,,,,,,,,,
pairwise_similarity,2105,2105,,,,0.714285714286,,,,,,,,,
pairwise_similarity,2105,2105,,,,0.571428571429,,,,,,,,,
pairwise_similarity,2105,2105,,,,0.5,,,,,,,,,
pairwise_similarity,2105,2105,,,,0.642857142857,,,,,,,,,
pairwise_similarity,2105,2105,,,,0.5,,,,,,,,,
pairwise_similarity,2105,2105,,,,0.785714285714,,,,,,,,,
pairwise_similarity,2105,2105,,,,0.357142857143,,,,,,,,,
pairwise_similarity,2105,2105,,,,0.714285714286,,,,,,,,,
pairwise_similarity,2105,2105,,,,0.857142857143,,,,,,,,,
pairwise_similarity,2105,2105,,,,0.857142857143,,,,,,,,,
pairwise_similarity,2105,2105,,,,0.857142857143,,,,,,,,,
pairwise_similarity,2105,2105,,,,1,,,,,,,,,
pairwise_similarity,2105,2105,,,,0.571428571429,,,,,,,,,
pairwise_similarity,2105,2105,,,,0.857142857143,,,,,,,,,
pairwise_similarity,2105,2105,,,,0.571428571429,,,,,,,,,
pairwise_similarity,2105,2105,,,,0.642857142857,,,,,,,,,
pairwise_similarity,2105,2105,,,,0.714285714286,,,,,,,,,
pairwise_similarity,2105,2105,,,,0.571428571429,,,,,,,,,
pairwise_similarity,2105,2105,,,,0.785714285714,,,,,,,,,
pairwise_similarity,2105,2105,,,,0.571428571429,,,,,,,,,
pairwise_similarity,2105,2105,,,,0.5,,,,,,,,,
pairwise_similarity,2105,2105,,,,0.5,,,,,,,,,
pairwise_similarity,2105,2105,,,,0.0714285714286,,,,,,,,,
pairwise_similarity,2105,2105,,,,0.714285714286,,,,,,,,,
pairwise_similarity,2105,2105,,,,0.428571428571,,,,,,,,,
pairwise_similarity,2105,2105,,,,0.642857142857,,,,,,,,,
pairwise_similarity,2105,2105,,,,0.357142857143,,,,,,,,,
pairwise_similarity,2105,2105,,,,0.285714285714,,,,,,,,,
pairwise_similarity,2105,2105,,,,0.714285714286,,,,,,,,,
pairwise_similarity,2105,2105,,,,0.428571428571,,,,,,,,,
pairwise_similarity,2105,2105,,,,0.428571428571,,,,,,,,,
pairwise_similarity,2105,2105,,,,0.285714285714,,,,,,,,,
pairwise_similarity,2105,2105,,,,0.357142857143,,,,,,,,,
pairwise_similarity,2105,2105,,,,0.5,,,,,,,,,
pairwise_similarity,2105,2105,,,,0.571428571429,,,,,,,,,
pairwise_similarity,2105,2105,,,,0.357142857143,,,,,,,,,
pairwise_similarity,2105,2105,,,,0.571428571429,,,,,,,,,
pairwise_similarity,2105,2105,,,,0.428571428571,,,,,,,,,
pairwise_similarity,2105,2105,,,,0.714285714286,,,,,,,,,
pairwise_similarity,2105,2105,,,,0.571428571429,,,,,,,,,
pairwise_similarity,2105,2105,,,,0.5,,,,,,,,,
pairwise_similarity,2105,2105,,,,1,,,,,,,,,
pairwise_similarity,2105,2105,,,,0.428571428571,,,,,,,,,
pairwise_similarity,2105,2105,,,,0.428571428571,,,,,,,,,
pairwise_similarity,2105,2105,,,,0.571428571429,,,,,,,,,
pairwise_similarity,2105,2105,,,,0.285714285714,,,,,,,,,
pairwise_similarity,2105,2105,,,,0.428571428571,,,,,,,,,
pairwise_similarity,2105,2105,,,,0.714285714286,,,,,,,,,
pairwise_similarity,2105,2105,,,,0.214285714286,,,,,,,,,
pairwise_similarity,2105,2105,,,,0.214285714286,,,,,,,,,
pairwise_similarity,2105,2105,,,,0.285714285714,,,,,,,,,
pairwise_similarity,2105,2105,,,,0.428571428571,,,,,,,,,
pairwise_similarity,2105,2105,,,,0.428571428571,,,,,,,,,
pairwise_similarity,2105,2105,,,,0.5,,,,,,,,,
pairwise_similarity,2105,2105,,,,0.357142857143,,,,,,,,,
pairwise_similarity,2105,2105,,,,0.428571428571,,,,,,,,,
pairwise_similarity,2105,2105,,,,0.714285714286,,,,,,,,,
pairwise_similarity,2105,2105,,,,0.214285714286,,,,,,,,,
pairwise_similarity,2105,2105,,,,0.357142857143,,,,,,,,,
pairwise_similarity,2105,2105,,,,0.357142857143,,,,,,,,,
pairwise_similarity,2105,2105,,,,0.5,,,,,,,,,
pairwise_similarity,2105,2105,,,,0.0714285714286,,,,,,,,,
pairwise_similarity,2105,2105,,,,0.571428571429,,,,,,,,,
pairwise_similarity,2105,2105,,,,0.571428571429,,,,,,,,,
pairwise_similarity,2105,2105,,,,0.571428571429,,,,,,,,,
pairwise_similarity,2105,2105,,,,0.714285714286,,,,,,,,,
pairwise_similarity,2105,2105,,,,0.714285714286,,,,,,,,,
pairwise_similarity,2105,2105,,,,0.571428571429,,,,,,,,,
pairwise_similarity,2105,2105,,,,0.571428571429,,,,,,,,,
pairwise_similarity,2105,2105,,,,0.714285714286,,,,,,,,,
pairwise_similarity,2105,2105,,,,0.357142857143,,,,,,,,,
pairwise_similarity,2105,2105,,,,0.428571428571,,,,,,,,,
pairwise_similarity,2105,2105,,,,0.285714285714,,,,,,,,,
pairwise_similarity,2105,2105,,,,0.5,,,,,,,,,
pairwise_similarity,2105,2105,,,,0.285714285714,,,,,,,,,
pairwise_similarity,2105,2105,,,,0.714285714286,,,,,,,,,
pairwise_similarity,2105,2105,,,,0.428571428571,,,,,,,,,
pairwise_similarity,2105,2105,,,,0.785714285714,,,,,,,,,
pairwise_similarity,2105,2105,,,,0.785714285714,,,,,,,,,
pairwise_similarity,2105,2105,,,,0.714285714286,,,,,,,,,
pairwise_similarity,2105,2105,,,,0.714285714286,,,,,,,,,
pairwise_similarity,2105,2105,,,,0.5,,,,,,,,,
pairwise_similarity,2105,2105,,,,0.357142857143,,,,,,,,,
pairwise_similarity,2105,2105,,,,0.5,,,,,,,,,
pairwise_similarity,2105,2105,,,,0.928571428571,,,,,,,,,
pairwise_similarity,2105,2105,,,,0.5,,,,,,,,,
pairwise_similarity,2105,2105,,,,0.571428571429,,,,,,,,,
pairwise_similarity,2105,2105,,,,0.428571428571,,,,,,,,,
pairwise_similarity,2105,2105,,,,0.928571428571,,,,,,,,,
pairwise_similarity,2105,2105,,,,0.571428571429,,,,,,,,,
pairwise_similarity,2105,2105,,,,0.642857142857,,,,,,,,,
pairwise_similarity,2105,2105,,,,0.642857142857,,,,,,,,,
pairwise_similarity,2105,2105,,,,0.357142857143,,,,,,,,,
pairwise_similarity,2105,2105,,,,0.785714285714,,,,,,,,,
pairwise_similarity,2105,2105,,,,0.571428571429,,,,,,,,,
pairwise_similarity,2105,2105,,,,0.5,,,,,,,,,
pairwise_similarity,2105,2105,,,,0.642857142857,,,,,,,,,
pairwise_similarity,2105,2105,,,,0.5,,,,,,,,,
pairwise_similarity,2105,2105,,,,0.642857142857,,,,,,,,,
pairwise_similarity,2105,2105,,,,0.357142857143,,,,,,,,,
pairwise_similarity,2105,2105,,,,0.785714285714,,,,,,,,,
pairwise_similarity,2105,2105,,,,0.642857142857,,,,,,,,,
pairwise_similarity,2105,2105,,,,0.571428571429,,,,,,,,,
pairwise_similarity,2105,2105,,,,0.428571428571,,,,,,,,,
pairwise_similarity,2105,2105,,,,0.5,,,,,,,,,
pairwise_similarity,2105,2105,,,,0.785714285714,,,,,,,,,
pairwise_similarity,2105,2105,,,,0.642857142857,,,,,,,,,
pairwise_similarity,2105,2105,,,,0.714285714286,,,,,,,,,
pairwise_similarity,2105,2105,,,,0.571428571429,,,,,,,,,
pairwise_similarity,2105,2105,,,,0.642857142857,,,,,,,,,
pairwise_similarity,2105,2105,,,,0.5,,,,,,,,,
pairwise_similarity,2105,2105,,,,0.428571428571,,,,,,,,,
pairwise_similarity,2105,2105,,,,0.571428571429,,,,,,,,,
pairwise_similarity,2105,2105,,,,0.428571428571,,,,,,,,,
pairwise_similarity,2105,2105,,,,0.714285714286,,,,,,,,,
pairwise_similarity,2105,2105,,,,0.285714285714,,,,,,,,,
pairwise_similarity,2105,2105,,,,0.785714285714,,,,,,,,,
pairwise_similarity,2105,2105,,,,0.785714285714,,,,,,,,,
pairwise_similarity,2105,2105,,,,0.928571428571,,,,,,,,,
pairwise_similarity,2105,2105,,,,0.785714285714,,,,,,,,,
pairwise_similarity,2105,2105,,,,0.785714285714,,,,,,,,,
pairwise_similarity,2105,2105,,,,0.5,,,,,,,,,
pairwise_similarity,2105,2105,,,,0.642857142857,,,,,,,,,
pairwise_similarity,2105,2105,,,,0.357142857143,,,,,,,,,
pairwise_similarity,2105,2105,,,,0.571428571429,,,,,,,,,
pairwise_similarity,2105,2105,,,,0.928571428571,,,,,,,,,
pairwise_similarity,2105,2105,,,,0.5,,,,,,,,,
pairwise_similarity,2105,2105,,,,0.714285714286,,,,,,,,,
pairwise_similarity,2105,2105,,,,0.5,,,,,,,,,
pairwise_similarity,2105,2105,,,,0.571428571429,,,,,,,,,
pairwise_similarity,2105,2105,,,,0.785714285714,,,,,,,,,
pairwise_similarity,2105,2105,,,,0.785714285714,,,,,,,,,
pairwise_similarity,2105,2105,,,,0.857142857143,,,,,,,,,
pairwise_similarity,2105,2105,,,,0.714285714286,,,,,,,,,
pairwise_similarity,2105,2105,,,,0.642857142857,,,,,,,,,
pairwise_similarity,2105,2105,,,,0.642857142857,,,,,,,,,
pairwise_similarity,2105,2105,,,,0.642857142857,,,,,,,,,
pairwise_similarity,2105,2105,,,,0.642857142857,,,,,,,,,
pairwise_similarity,2105,2105,,,,0.642857142857,,,,,,,,,
pairwise_similarity,2105,2105,,,,0.571428571429,,,,,,,,,
pairwise_similarity,2105,2105,,,,0.428571428571,,,,,,,,,
pairwise_similarity,2105,2105,,,,0.785714285714,,,,,,,,,
pairwise_similarity,2105,2105,,,,0.714285714286,,,,,,,,,
pairwise_similarity,2105,2105,,,,0.785714285714,,,,,,,,,
pairwise_similarity,2105,2105,,,,0.642857142857,,,,,,,,,
pairwise_similarity,2105,2105,,,,0.357142857143,,,,,,,,,
pairwise_similarity,2105,2105,,,,0.642857142857,,,,,,,,,
pairwise_similarity,2105,2105,,,,0.714285714286,,,,,,,,,
pairwise_similarity,2105,2105,,,,0.5,,,,,,,,,
pairwise_similarity,2105,2105,,,,0.785714285714,,,,,,,,,
pairwise_similarity,2105,2105,,,,0.5,,,,,,,,,
pairwise_similarity,2105,2105,,,,0.5,,,,,,,,,
pairwise_similarity,2105,2105,,,,0.357142857143,,,,,,,,,
pairwise_similarity,2105,2105,,,,0.785714285714,,,,,,,,,
pairwise_similarity,2105,2105,,,,0.5,,,,,,,,,
pairwise_similarity,2105,2105,,,,0.571428571429,,,,,,,,,
pairwise_similarity,2105,2105,,,,0.571428571429,,,,,,,,,
pairwise_similarity,2105,2105,,,,0.642857142857,,,,,,,,,
pairwise_similarity,2105,2105,,,,0.785714285714,,,,,,,,,
pairwise_similarity,2105,2105,,,,0.785714285714,,,,,,,,,
pairwise_similarity,2105,2105,,,,0.857142857143,,,,,,,,,
pairwise_similarity,2105,2105,,,,0.714285714286,,,,,,,,,
pairwise_similarity,2105,2105,,,,0.5,,,,,,,,,
pairwise_similarity,2105,2105,,,,0.642857142857,,,,,,,,,
pairwise_similarity,2105,2105,,,,0.714285714286,,,,,,,,,
pairwise_similarity,2105,2105,,,,0.714285714286,,,,,,,,,
pairwise_similarity,2105,2105,,,,0.571428571429,,,,,,,,,
pairwise_similarity,2105,2105,,,,0.857142857143,,,,,,,,,
pairwise_similarity,2105,2105,,,,0.428571428571,,,,,,,,,
pairwise_similarity,2105,2105,,,,0.642857142857,,,,,,,,,
pairwise_similarity,2105,2105,,,,0.928571428571,,,,,,,,,
pairwise_similarity,2105,2105,,,,0.785714285714,,,,,,,,,
pairwise_similarity,2105,2105,,,,0.642857142857,,,,,,,,,
pairwise_similarity,2105,2105,,,,0.785714285714,,,,,,,,,
pairwise_similarity,2105,2105,,,,0.5,,,,,,,,,
pairwise_similarity,2105,2105,,,,0.785714285714,,,,,,,,,
pairwise_similarity,2105,2105,,,,0.642857142857,,,,,,,,,
pairwise_similarity,2105,2105,,,,0.428571428571,,,,,,,,,
pairwise_similarity,2105,2105,,,,0.785714285714,,,,,,,,,
pairwise_similarity,2105,2105,,,,0.642857142857,,,,,,,,,
pairwise_similarity,2105,2105,,,,0.571428571429,,,,,,,,,
pairwise_similarity,2105,2105,,,,0.785714285714,,,,,,,,,
pairwise_similarity,2105,2105,,,,0.357142857143,,,,,,,,,
pairwise_similarity,2105,2105,,,,0.357142857143,,,,,,,,,
pairwise_similarity,2105,2105,,,,0.428571428571,,,,,,,,,
pairwise_similarity,2105,2105,,,,0.714285714286,,,,,,,,,
pairwise_similarity,2105,2105,,,,0.5,,,,,,,,,
pairwise_similarity,2105,2105,,,,0.214285714286,,,,,,,,,
pairwise_similarity,2105,2105,,,,0.5,,,,,,,,,
pairwise_similarity,2105,2105,,,,0.357142857143,,,,,,,,,
pairwise_similarity,2105,2105,,,,0.357142857143,,,,,,,,,
pairwise_similarity,2105,2105,,,,0.142857142857,,,,,,,,,
pairwise_similarity,2105,2105,,,,0,,,,,,,,,
pairwise_similarity,2105,2105,,,,0.5,,,,,,,,,
pairwise_similarity,2105,2105,,,,0.571428571429,,,,,,,,,
pairwise_similarity,2105,2105,,,,0.5,,,,,,,,,
pairwise_similarity,2105,2105,,,,0.214285714286,,,,,,,,,
pairwise_similarity,2105,2105,,,,-0.0714285714286,,,,,,,,,
pairwise_similarity,2105,2105,,,,0.214285714286,,,,,,,,,
pairwise_similarity,2105,2105,,,,0.428571428571,,,,,,,,,
pairwise_similarity,2105,2105,,,,0.0714285714286,,,,,,,,,
pairwise_similarity,2105,2105,,,,0.642857142857,,,,,,,,,
pairwise_similarity,2105,2105,,,,0.0714285714286,,,,,,,,,
pairwise_similarity,2105,2105,,,,0.0714285714286,,,,,,,,,
pairwise_similarity,2105,2105,,,,-0.0714285714286,,,,,,,,,
pairwise_similarity,2105,2105,,,,0.357142857143,,,,,,,,,
pairwise_similarity,2105,2105,,,,0.357142857143,,,,,,,,,
pairwise_similarity,2105,2105,,,,0.571428571429,,,,,,,,,
pairwise_similarity,2105,2105,,,,0.428571428571,,,,,,,,,
pairwise_similarity,2105,2105,,,,0.5,,,,,,,,,
pairwise_similarity,2105,2105,,,,0.357142857143,,,,,,,,,
pairwise_similarity,2105,2105,,,,0.642857142857,,,,,,,,,
pairwise_similarity,2105,2105,,,,0.571428571429,,,,,,,,,
pairwise_similarity,2105,2105,,,,0.428571428571,,,,,,,,,
pairwise_similarity,2105,2105,,,,0.0714285714286,,,,,,,,,
pairwise_similarity,2105,2105,,,,0.357142857143,,,,,,,,,
pairwise_similarity,2105,2105,,,,0.714285714286,,,,,,,,,
pairwise_similarity,2105,2105,,,,0.285714285714,,,,,,,,,
pairwise_similarity,2105,2105,,,,0.428571428571,,,,,,,,,
pairwise_similarity,2105,2105,,,,0.571428571429,,,,,,,,,
pairwise_similarity,2105,2105,,,,0.571428571429,,,,,,,,,
pairwise_similarity,2105,2105,,,,0.214285714286,,,,,,,,,
pairwise_similarity,2105,2105,,,,0.5,,,,,,,,,
pairwise_similarity,2105,2105,,,,0.357142857143,,,,,,,,,
pairwise_similarity,2105,2105,,,,0.214285714286,,,,,,,,,
pairwise_similarity,2105,2105,,,,0.357142857143,,,,,,,,,
pairwise_similarity,2105,2105,,,,0.357142857143,,,,,,,,,
pairwise_similarity,2105,2105,,,,0.5,,,,,,,,,
pairwise_similarity,2105,2105,,,,0.214285714286,,,,,,,,,
pairwise_similarity,2105,2105,,,,0,,,,,,,,,
pairwise_similarity,2105,2105,,,,0.5,,,,,,,,,
pairwise_similarity,2105,2105,,,,0.357142857143,,,,,,,,,
pairwise_similarity,2105,2105,,,,0.571428571429,,,,,,,,,
pairwise_similarity,2105,2105,,,,0.785714285714,,,,,,,,,
pairwise_similarity,2105,2105,,,,0.714285714286,,,,,,,,,
pairwise_similarity,2105,2105,,,,0.928571428571,,,,,,,,,
pairwise_similarity,2105,2105,,,,0.642857142857,,,,,,,,,
pairwise_similarity,2105,2105,,,,0.571428571429,,,,,,,,,
pairwise_similarity,2105,2105,,,,0.571428571429,,,,,,,,,
pairwise_similarity,2105,2105,,,,0.571428571429,,,,,,,,,
pairwise_similarity,2105,2105,,,,0.714285714286,,,,,,,,,
pairwise_similarity,2105,2105,,,,0.571428571429,,,,,,,,,
pairwise_similarity,2105,2105,,,,0.5,,,,,,,,,
pairwise_similarity,2105,2105,,,,0.5,,,,,,,,,
pairwise_similarity,2105,2105,,,,0.857142857143,,,,,,,,,
pairwise_similarity,2105,2105,,,,0.642857142857,,,,,,,,,
pairwise_similarity,2105,2105,,,,0.857142857143,,,,,,,,,
pairwise_similarity,2105,2105,,,,0.714285714286,,,,,,,,,
pairwise_similarity,2105,2105,,,,0.428571428571,,,,,,,,,
pairwise_similarity,2105,2105,,,,0.714285714286,,,,,,,,,
pairwise_similarity,2105,2105,,,,0.642857142857,,,,,,,,,
pairwise_similarity,2105,2105,,,,0.714285714286,,,,,,,,,
pairwise_similarity,2105,2105,,,,0.714285714286,,,,,,,,,
pairwise_similarity,2105,2105,,,,0.571428571429,,,,,,,,,
pairwise_similarity,2105,2105,,,,0.714285714286,,,,,,,,,
pairwise_similarity,2105,2105,,,,0.285714285714,,,,,,,,,
pairwise_similarity,2105,2105,,,,0.714285714286,,,,,,,,,
pairwise_similarity,2105,2105,,,,0.714285714286,,,,,,,,,
pairwise_similarity,2105,2105,,,,0.5,,,,,,,,,
pairwise_similarity,2105,2105,,,,0.5,,,,,,,,,
pairwise_similarity,2105,2105,,,,0.571428571429,,,,,,,,,
pairwise_similarity,2105,2105,,,,0.714285714286,,,,,,,,,
pairwise_similarity,2105,2105,,,,0.714285714286,,,,,,,,,
pairwise_similarity,2105,2105,,,,0.785714285714,,,,,,,,,
pairwise_similarity,2105,2105,,,,0.642857142857,,,,,,,,,
pairwise_similarity,2105,2105,,,,0.571428571429,,,,,,,,,
pairwise_similarity,2105,2105,,,,0.714285714286,,,,,,,,,
pairwise_similarity,2105,2105,,,,0.5,,,,,,,,,
pairwise_similarity,2105,2105,,,,0.5,,,,,,,,,
pairwise_similarity,2105,2105,,,,0.5,,,,,,,,,
pairwise_similarity,2105,2105,,,,0.785714285714,,,,,,,,,
pairwise_similarity,2105,2105,,,,0.214285714286,,,,,,,,,
pairwise_similarity,2105,2105,,,,0.857142857143,,,,,,,,,
pairwise_similarity,2105,2105,,,,0.857142857143,,,,,,,,,
pairwise_similarity,2105,2105,,,,0.857142857143,,,,,,,,,
pairwise_similarity,2105,2105,,,,0.857142857143,,,,,,,,,
pairwise_similarity,2105,2105,,,,0.857142857143,,,,,,,,,
pairwise_similarity,2105,2105,,,,0.714285714286,,,,,,,,,
pairwise_similarity,2105,2105,,,,0.714285714286,,,,,,,,,
pairwise_similarity,2105,2105,,,,0.571428571429,,,,,,,,,
pairwise_similarity,2105,2105,,,,0.5,,,,,,,,,
pairwise_similarity,2105,2105,,,,0.714285714286,,,,,,,,,
pairwise_similarity,2105,2105,,,,0.571428571429,,,,,,,,,
pairwise_similarity,2105,2105,,,,0.642857142857,,,,,,,,,
pairwise_similarity,2105,2105,,,,0.571428571429,,,,,,,,,
pairwise_similarity,2105,2105,,,,0.785714285714,,,,,,,,,
pairwise_similarity,2105,2105,,,,0.5,,,,,,,,,
pairwise_similarity,2105,2105,,,,0.428571428571,,,,,,,,,
pairwise_similarity,2105,2105,,,,0.571428571429,,,,,,,,,
pairwise_similarity,2105,2105,,,,0.428571428571,,,,,,,,,
pairwise_similarity,2105,2105,,,,0.714285714286,,,,,,,,,
pairwise_similarity,2105,2105,,,,0.428571428571,,,,,,,,,
pairwise_similarity,2105,2105,,,,0.785714285714,,,,,,,,,
pairwise_similarity,2105,2105,,,,0.642857142857,,,,,,,,,
pairwise_similarity,2105,2105,,,,0.714285714286,,,,,,,,,
pairwise_similarity,2105,2105,,,,0.5,,,,,,,,,
pairwise_similarity,2105,2105,,,,0.571428571429,,,,,,,,,
pairwise_similarity,2105,2105,,,,0.857142857143,,,,,,,,,
pairwise_similarity,2105,2105,,,,0.571428571429,,,,,,,,,
pairwise_similarity,2105,2105,,,,0.857142857143,,,,,,,,,
pairwise_similarity,2105,2105,,,,0.5,,,,,,,,,
pairwise_similarity,2105,2105,,,,0.428571428571,,,,,,,,,
pairwise_similarity,2105,2105,,,,0.571428571429,,,,,,,,,
pairwise_similarity,2105,2105,,,,0.714285714286,,,,,,,,,
pairwise_similarity,2105,2105,,,,0.714285714286,,,,,,,,,
pairwise_similarity,2105,2105,,,,0.428571428571,,,,,,,,,
pairwise_similarity,2105,2105,,,,1,,,,,,,,,
pairwise_similarity,2105,2105,,,,0.428571428571,,,,,,,,,
pairwise_similarity,2105,2105,,,,0.357142857143,,,,,,,,,
pairwise_similarity,2105,2105,,,,0.357142857143,,,,,,,,,
pairwise_similarity,2105,2105,,,,0.428571428571,,,,,,,,,
pairwise_similarity,2105,2105,,,,0.714285714286,,,,,,,,,
pairwise_similarity,2105,2105,,,,0.714285714286,,,,,,,,,
pairwise_similarity,2105,2105,,,,0.785714285714,,,,,,,,,
pairwise_similarity,2105,2105,,,,0.5,,,,,,,,,
pairwise_similarity,2105,2105,,,,0.714285714286,,,,,,,,,
pairwise_similarity,2105,2105,,,,0.428571428571,,,,,,,,,
pairwise_similarity,2105,2105,,,,0.5,,,,,,,,,
pairwise_similarity,2105,2105,,,,0.785714285714,,,,,,,,,
pairwise_similarity,2105,2105,,,,0.357142857143,,,,,,,,,
pairwise_similarity,2105,2105,,,,0.642857142857,,,,,,,,,
pairwise_similarity,2105,2105,,,,0.357142857143,,,,,,,,,
pairwise_similarity,2105,2105,,,,0.714285714286,,,,,,,,,
pairwise_similarity,2105,2105,,,,0.714285714286,,,,,,,,,
pairwise_similarity,2105,2105,,,,0.857142857143,,,,,,,,,
pairwise_similarity,2105,2105,,,,0.714285714286,,,,,,,,,
pairwise_similarity,2105,2105,,,,0.714285714286,,,,,,,,,
pairwise_similarity,2105,2105,,,,0.428571428571,,,,,,,,,
pairwise_similarity,2105,2105,,,,0.571428571429,,,,,,,,,
pairwise_similarity,2105,2105,,,,0.571428571429,,,,,,,,,
pairwise_similarity,2105,2105,,,,0.642857142857,,,,,,,,,
pairwise_similarity,2105,2105,,,,0.857142857143,,,,,,,,,
pairwise_similarity,2105,2105,,,,0.428571428571,,,,,,,,,
pairwise_similarity,2105,2105,,,,0.5,,,,,,,,,
pairwise_similarity,2105,2105,,,,0.571428571429,,,,,,,,,
pairwise_similarity,2105,2105,,,,0.571428571429,,,,,,,,,
pairwise_similarity,2105,2105,,,,0.5,,,,,,,,,
pairwise_similarity,2105,2105,,,,0.642857142857,,,,,,,,,
pairwise_similarity,2105,2105,,,,0.5,,,,,,,,,
pairwise_similarity,2105,2105,,,,0.642857142857,,,,,,,,,
pairwise_similarity,2105,2105,,,,0.5,,,,,,,,,
pairwise_similarity,2105,2105,,,,0.571428571429,,,,,,,,,
pairwise_similarity,2105,2105,,,,0.571428571429,,,,,,,,,
pairwise_similarity,2105,2105,,,,0.785714285714,,,,,,,,,
pairwise_similarity,2105,2105,,,,0.571428571429,,,,,,,,,
pairwise_similarity,2105,2105,,,,0.785714285714,,,,,,,,,
pairwise_similarity,2105,2105,,,,0.785714285714,,,,,,,,,
pairwise_similarity,2105,2105,,,,0.5,,,,,,,,,
pairwise_similarity,2105,2105,,,,0.642857142857,,,,,,,,,
pairwise_similarity,2105,2105,,,,0.571428571429,,,,,,,,,
pairwise_similarity,2105,2105,,,,0.642857142857,,,,,,,,,
pairwise_similarity,2105,2105,,,,0.642857142857,,,,,,,,,
pairwise_similarity,2105,2105,,,,0.642857142857,,,,,,,,,
pairwise_similarity,2105,2105,,,,0.642857142857,,,,,,,,,
pairwise_similarity,2105,2105,,,,0.214285714286,,,,,,,,,
pairwise_similarity,2105,2105,,,,0.785714285714,,,,,,,,,
pairwise_similarity,2105,2105,,,,0.642857142857,,,,,,,,,
pairwise_similarity,2105,2105,,,,0.428571428571,,,,,,,,,
pairwise_similarity,2105,2105,,,,0.428571428571,,,,,,,,,
pairwise_similarity,2105,2105,,,,0.5,,,,,,,,,
pairwise_similarity,2105,2105,,,,0.642857142857,,,,,,,,,
pairwise_similarity,2105,2105,,,,0.785714285714,,,,,,,,,
pairwise_similarity,2105,2105,,,,0.857142857143,,,,,,,,,
pairwise_similarity,2105,2105,,,,0.571428571429,,,,,,,,,
pairwise_similarity,2105,2105,,,,0.5,,,,,,,,,
pairwise_similarity,2105,2105,,,,0.642857142857,,,,,,,,,
pairwise_similarity,2105,2105,,,,0.571428571429,,,,,,,,,
pairwise_similarity,2105,2105,,,,0.571428571429,,,,,,,,,
pairwise_similarity,2105,2105,,,,0.428571428571,,,,,,,,,
pairwise_similarity,2105,2105,,,,0.714285714286,,,,,,,,,
pairwise_similarity,2105,2105,,,,0.285714285714,,,,,,,,,
pairwise_similarity,2105,2105,,,,0.785714285714,,,,,,,,,
pairwise_similarity,2105,2105,,,,0.785714285714,,,,,,,,,
pairwise_similarity,2105,2105,,,,0.785714285714,,,,,,,,,
pairwise_similarity,2105,2105,,,,0.785714285714,,,,,,,,,
pairwise_similarity,2105,2105,,,,0.785714285714,,,,,,,,,
pairwise_similarity,2105,2105,,,,0.642857142857,,,,,,,,,
pairwise_similarity,2105,2105,,,,0.642857142857,,,,,,,,,
pairwise_similarity,2105,2105,,,,0.642857142857,,,,,,,,,
pairwise_similarity,2105,2105,,,,0.428571428571,,,,,,,,,
pairwise_similarity,2105,2105,,,,0.785714285714,,,,,,,,,
pairwise_similarity,2105,2105,,,,0.5,,,,,,,,,
pairwise_similarity,2105,2105,,,,0.571428571429,,,,,,,,,
pairwise_similarity,2105,2105,,,,0.642857142857,,,,,,,,,
pairwise_similarity,2105,2105,,,,0.785714285714,,,,,,,,,
pairwise_similarity,2105,2105,,,,0.357142857143,,,,,,,,,
pairwise_similarity,2105,2105,,,,0.642857142857,,,,,,,,,
pairwise_similarity,2105,2105,,,,0.642857142857,,,,,,,,,
pairwise_similarity,2105,2105,,,,0.642857142857,,,,,,,,,
pairwise_similarity,2105,2105,,,,0.285714285714,,,,,,,,,
pairwise_similarity,2105,2105,,,,0.142857142857,,,,,,,,,
pairwise_similarity,2105,2105,,,,0.785714285714,,,,,,,,,
pairwise_similarity,2105,2105,,,,0.857142857143,,,,,,,,,
pairwise_similarity,2105,2105,,,,0.785714285714,,,,,,,,,
pairwise_similarity,2105,2105,,,,0.357142857143,,,,,,,,,
pairwise_similarity,2105,2105,,,,0.0714285714286,,,,,,,,,
pairwise_similarity,2105,2105,,,,0.5,,,,,,,,,
pairwise_similarity,2105,2105,,,,0.714285714286,,,,,,,,,
pairwise_similarity,2105,2105,,,,0.357142857143,,,,,,,,,
pairwise_similarity,2105,2105,,,,0.928571428571,,,,,,,,,
pairwise_similarity,2105,2105,,,,0.214285714286,,,,,,,,,
pairwise_similarity,2105,2105,,,,0.357142857143,,,,,,,,,
pairwise_similarity,2105,2105,,,,0.214285714286,,,,,,,,,
pairwise_similarity,2105,2105,,,,0.5,,,,,,,,,
pairwise_similarity,2105,2105,,,,0.642857142857,,,,,,,,,
pairwise_similarity,2105,2105,,,,0.857142857143,,,,,,,,,
pairwise_similarity,2105,2105,,,,0.714285714286,,,,,,,,,
pairwise_similarity,2105,2105,,,,0.785714285714,,,,,,,,,
pairwise_similarity,2105,2105,,,,0.642857142857,,,,,,,,,
pairwise_similarity,2105,2105,,,,0.642857142857,,,,,,,,,
pairwise_similarity,2105,2105,,,,0.571428571429,,,,,,,,,
pairwise_similarity,2105,2105,,,,0.714285714286,,,,,,,,,
pairwise_similarity,2105,2105,,,,0.357142857143,,,,,,,,,
pairwise_similarity,2105,2105,,,,0.642857142857,,,,,,,,,
pairwise_similarity,2105,2105,,,,0.571428571429,,,,,,,,,
pairwise_similarity,2105,2105,,,,0.428571428571,,,,,,,,,
pairwise_similarity,2105,2105,,,,0.714285714286,,,,,,,,,
pairwise_similarity,2105,2105,,,,0.857142857143,,,,,,,,,
pairwise_similarity,2105,2105,,,,0.571428571429,,,,,,,,,
pairwise_similarity,2105,2105,,,,0.5,,,,,,,,,
pairwise_similarity,2105,2105,,,,0.785714285714,,,,,,,,,
pairwise_similarity,2105,2105,,,,0.642857142857,,,,,,,,,
pairwise_similarity,2105,2105,,,,0.5,,,,,,,,,
pairwise_similarity,2105,2105,,,,0.642857142857,,,,,,,,,
pairwise_similarity,2105,2105,,,,0.5,,,,,,,,,
pairwise_similarity,2105,2105,,,,0.785714285714,,,,,,,,,
pairwise_similarity,2105,2105,,,,0.357142857143,,,,,,,,,
pairwise_similarity,2105,2105,,,,0.285714285714,,,,,,,,,
pairwise_similarity,2105,2105,,,,0.642857142857,,,,,,,,,
pairwise_similarity,2105,2105,,,,0.642857142857,,,,,,,,,
pairwise_similarity,2105,2105,,,,0.857142857143,,,,,,,,,
pairwise_similarity,2105,2105,,,,0.785714285714,,,,,,,,,
pairwise_similarity,2105,2105,,,,0.285714285714,,,,,,,,,
pairwise_similarity,2105,2105,,,,0.571428571429,,,,,,,,,
pairwise_similarity,2105,2105,,,,0.428571428571,,,,,,,,,
pairwise_similarity,2105,2105,,,,0.714285714286,,,,,,,,,
pairwise_similarity,2105,2105,,,,0.214285714286,,,,,,,,,
pairwise_similarity,2105,2105,,,,0.214285714286,,,,,,,,,
pairwise_similarity,2105,2105,,,,0.571428571429,,,,,,,,,
pairwise_similarity,2105,2105,,,,0.928571428571,,,,,,,,,
pairwise_similarity,2105,2105,,,,0.714285714286,,,,,,,,,
pairwise_similarity,2105,2105,,,,0.428571428571,,,,,,,,,
pairwise_similarity,2105,2105,,,,0.142857142857,,,,,,,,,
pairwise_similarity,2105,2105,,,,0.428571428571,,,,,,,,,
pairwise_similarity,2105,2105,,,,0.785714285714,,,,,,,,,
pairwise_similarity,2105,2105,,,,0.285714285714,,,,,,,,,
pairwise_similarity,2105,2105,,,,0.857142857143,,,,,,,,,
pairwise_similarity,2105,2105,,,,0.142857142857,,,,,,,,,
pairwise_similarity,2105,2105,,,,0.285714285714,,,,,,,,,
pairwise_similarity,2105,2105,,,,0.285714285714,,,,,,,,,
pairwise_similarity,2105,2105,,,,0.428571428571,,,,,,,,,
pairwise_similarity,2105,2105,,,,0.428571428571,,,,,,,,,
pairwise_similarity,2105,2105,,,,0.785714285714,,,,,,,,,
pairwise_similarity,2105,2105,,,,0.785714285714,,,,,,,,,
pairwise_similarity,2105,2105,,,,0.857142857143,,,,,,,,,
pairwise_similarity,2105,2105,,,,0.714285714286,,,,,,,,,
pairwise_similarity,2105,2105,,,,0.571428571429,,,,,,,,,
pairwise_similarity,2105,2105,,,,0.5,,,,,,,,,
pairwise_similarity,2105,2105,,,,0.785714285714,,,,,,,,,
pairwise_similarity,2105,2105,,,,0.428571428571,,,,,,,,,
pairwise_similarity,2105,2105,,,,0.571428571429,,,,,,,,,
pairwise_similarity,2105,2105,,,,0.642857142857,,,,,,,,,
pairwise_similarity,2105,2105,,,,0.5,,,,,,,,,
pairwise_similarity,2105,2105,,,,0.785714285714,,,,,,,,,
pairwise_similarity,2105,2105,,,,0.785714285714,,,,,,,,,
pairwise_similarity,2105,2105,,,,0.357142857143,,,,,,,,,
pairwise_similarity,2105,2105,,,,0.571428571429,,,,,,,,,
pairwise_similarity,2105,2105,,,,0.714285714286,,,,,,,,,
pairwise_similarity,2105,2105,,,,0.571428571429,,,,,,,,,
pairwise_similarity,2105,2105,,,,0.428571428571,,,,,,,,,
pairwise_similarity,2105,2105,,,,0.571428571429,,,,,,,,,
pairwise_similarity,2105,2105,,,,0.428571428571,,,,,,,,,
pairwise_similarity,2105,2105,,,,0.714285714286,,,,,,,,,
pairwise_similarity,2105,2105,,,,0.285714285714,,,,,,,,,
pairwise_similarity,2105,2105,,,,0.357142857143,,,,,,,,,
pairwise_similarity,2105,2105,,,,0.428571428571,,,,,,,,,
pairwise_similarity,2105,2105,,,,0.714285714286,,,,,,,,,
pairwise_similarity,2105,2105,,,,0.642857142857,,,,,,,,,
pairwise_similarity,2105,2105,,,,0.714285714286,,,,,,,,,
pairwise_similarity,2105,2105,,,,0.428571428571,,,,,,,,,
pairwise_similarity,2105,2105,,,,0.285714285714,,,,,,,,,
pairwise_similarity,2105,2105,,,,0.285714285714,,,,,,,,,
pairwise_similarity,2105,2105,,,,0.5,,,,,,,,,
pairwise_similarity,2105,2105,,,,0.5,,,,,,,,,
pairwise_similarity,2105,2105,,,,0.428571428571,,,,,,,,,
pairwise_similarity,2105,2105,,,,0.357142857143,,,,,,,,,
pairwise_similarity,2105,2105,,,,0.571428571429,,,,,,,,,
pairwise_similarity,2105,2105,,,,0.571428571429,,,,,,,,,
pairwise_similarity,2105,2105,,,,0.714285714286,,,,,,,,,
pairwise_similarity,2105,2105,,,,0.571428571429,,,,,,,,,
pairwise_similarity,2105,2105,,,,0.5,,,,,,,,,
pairwise_similarity,2105,2105,,,,0.714285714286,,,,,,,,,
pairwise_similarity,2105,2105,,,,0.428571428571,,,,,,,,,
pairwise_similarity,2105,2105,,,,0.571428571429,,,,,,,,,
pairwise_similarity,2105,2105,,,,0.571428571429,,,,,,,,,
pairwise_similarity,2105,2105,,,,0.285714285714,,,,,,,,,
pairwise_similarity,2105,2105,,,,0.571428571429,,,,,,,,,
pairwise_similarity,2105,2105,,,,0.571428571429,,,,,,,,,
pairwise_similarity,2105,2105,,,,0.214285714286,,,,,,,,,
pairwise_similarity,2105,2105,,,,0.214285714286,,,,,,,,,
pairwise_similarity,2105,2105,,,,0.285714285714,,,,,,,,,
pairwise_similarity,2105,2105,,,,0.428571428571,,,,,,,,,
pairwise_similarity,2105,2105,,,,0.428571428571,,,,,,,,,
pairwise_similarity,2105,2105,,,,0.5,,,,,,,,,
pairwise_similarity,2105,2105,,,,0.357142857143,,,,,,,,,
pairwise_similarity,2105,2105,,,,0.428571428571,,,,,,,,,
pairwise_similarity,2105,2105,,,,0.714285714286,,,,,,,,,
pairwise_similarity,2105,2105,,,,0.357142857143,,,,,,,,,
pairwise_similarity,2105,2105,,,,0.642857142857,,,,,,,,,
pairwise_similarity,2105,2105,,,,0.357142857143,,,,,,,,,
pairwise_similarity,2105,2105,,,,0.5,,,,,,,,,
pairwise_similarity,2105,2105,,,,0.357142857143,,,,,,,,,
pairwise_similarity,2105,2105,,,,0.428571428571,,,,,,,,,
pairwise_similarity,2105,2105,,,,0.571428571429,,,,,,,,,
pairwise_similarity,2105,2105,,,,0.428571428571,,,,,,,,,
pairwise_similarity,2105,2105,,,,0.571428571429,,,,,,,,,
pairwise_similarity,2105,2105,,,,0.571428571429,,,,,,,,,
pairwise_similarity,2105,2105,,,,0.428571428571,,,,,,,,,
pairwise_similarity,2105,2105,,,,0.571428571429,,,,,,,,,
pairwise_similarity,2105,2105,,,,1,,,,,,,,,
pairwise_similarity,2105,2105,,,,0.357142857143,,,,,,,,,
pairwise_similarity,2105,2105,,,,0.428571428571,,,,,,,,,
pairwise_similarity,2105,2105,,,,0.285714285714,,,,,,,,,
pairwise_similarity,2105,2105,,,,0.357142857143,,,,,,,,,
pairwise_similarity,2105,2105,,,,0.428571428571,,,,,,,,,
pairwise_similarity,2105,2105,,,,0.428571428571,,,,,,,,,
pairwise_similarity,2105,2105,,,,0.571428571429,,,,,,,,,
pairwise_similarity,2105,2105,,,,0.5,,,,,,,,,
pairwise_similarity,2105,2105,,,,0.214285714286,,,,,,,,,
pairwise_similarity,2105,2105,,,,0.571428571429,,,,,,,,,
pairwise_similarity,2105,2105,,,,0.642857142857,,,,,,,,,
pairwise_similarity,2105,2105,,,,0.714285714286,,,,,,,,,
pairwise_similarity,2105,2105,,,,0.285714285714,,,,,,,,,
pairwise_similarity,2105,2105,,,,0.142857142857,,,,,,,,,
pairwise_similarity,2105,2105,,,,0.571428571429,,,,,,,,,
pairwise_similarity,2105,2105,,,,0.785714285714,,,,,,,,,
pairwise_similarity,2105,2105,,,,0.428571428571,,,,,,,,,
pairwise_similarity,2105,2105,,,,0.714285714286,,,,,,,,,
pairwise_similarity,2105,2105,,,,0.142857142857,,,,,,,,,
pairwise_similarity,2105,2105,,,,0.428571428571,,,,,,,,,
pairwise_similarity,2105,2105,,,,0.285714285714,,,,,,,,,
pairwise_similarity,2105,2105,,,,0.428571428571,,,,,,,,,
pairwise_similarity,2105,2105,,,,0.428571428571,,,,,,,,,
pairwise_similarity,2105,2105,,,,0.5,,,,,,,,,
pairwise_similarity,2105,2105,,,,0.5,,,,,,,,,
pairwise_similarity,2105,2105,,,,0.571428571429,,,,,,,,,
pairwise_similarity,2105,2105,,,,0.571428571429,,,,,,,,,
pairwise_similarity,2105,2105,,,,0.714285714286,,,,,,,,,
pairwise_similarity,2105,2105,,,,0.642857142857,,,,,,,,,
pairwise_similarity,2105,2105,,,,0.5,,,,,,,,,
pairwise_similarity,2105,2105,,,,0.428571428571,,,,,,,,,
pairwise_similarity,2105,2105,,,,0.571428571429,,,,,,,,,
pairwise_similarity,2105,2105,,,,0.5,,,,,,,,,
pairwise_similarity,2105,2105,,,,0.5,,,,,,,,,
pairwise_similarity,2105,2105,,,,0.5,,,,,,,,,
pairwise_similarity,2105,2105,,,,0.642857142857,,,,,,,,,
pairwise_similarity,2105,2105,,,,0.642857142857,,,,,,,,,
pairwise_similarity,2105,2105,,,,0.428571428571,,,,,,,,,
pairwise_similarity,2105,2105,,,,0.714285714286,,,,,,,,,
pairwise_similarity,2105,2105,,,,0.571428571429,,,,,,,,,
pairwise_similarity,2105,2105,,,,0.571428571429,,,,,,,,,
pairwise_similarity,2105,2105,,,,0.714285714286,,,,,,,,,
pairwise_similarity,2105,2105,,,,0.571428571429,,,,,,,,,
pairwise_similarity,2105,2105,,,,0.714285714286,,,,,,,,,
pairwise_similarity,2105,2105,,,,0.428571428571,,,,,,,,,
pairwise_similarity,2105,2105,,,,0.357142857143,,,,,,,,,
pairwise_similarity,2105,2105,,,,0.428571428571,,,,,,,,,
pairwise_similarity,2105,2105,,,,0.571428571429,,,,,,,,,
pairwise_similarity,2105,2105,,,,0.642857142857,,,,,,,,,
pairwise_similarity,2105,2105,,,,0.714285714286,,,,,,,,,
pairwise_similarity,2105,2105,,,,0.571428571429,,,,,,,,,
pairwise_similarity,2105,2105,,,,0.5,,,,,,,,,
pairwise_similarity,2105,2105,,,,0.357142857143,,,,,,,,,
pairwise_similarity,2105,2105,,,,0.857142857143,,,,,,,,,
pairwise_similarity,2105,2105,,,,0.5,,,,,,,,,
pairwise_similarity,2105,2105,,,,0.571428571429,,,,,,,,,
pairwise_similarity,2105,2105,,,,0.571428571429,,,,,,,,,
pairwise_similarity,2105,2105,,,,0.285714285714,,,,,,,,,
pairwise_similarity,2105,2105,,,,0.714285714286,,,,,,,,,
pairwise_similarity,2105,2105,,,,0.5,,,,,,,,,
pairwise_similarity,2105,2105,,,,0.428571428571,,,,,,,,,
pairwise_similarity,2105,2105,,,,0.571428571429,,,,,,,,,
pairwise_similarity,2105,2105,,,,0.428571428571,,,,,,,,,
pairwise_similarity,2105,2105,,,,0.571428571429,,,,,,,,,
pairwise_similarity,2105,2105,,,,0.285714285714,,,,,,,,,
pairwise_similarity,2105,2105,,,,0.714285714286,,,,,,,,,
pairwise_similarity,2105,2105,,,,0.571428571429,,,,,,,,,
pairwise_similarity,2105,2105,,,,0.5,,,,,,,,,
pairwise_similarity,2105,2105,,,,0.5,,,,,,,,,
pairwise_similarity,2105,2105,,,,0.428571428571,,,,,,,,,
pairwise_similarity,2105,2105,,,,0.714285714286,,,,,,,,,
pairwise_similarity,2105,2105,,,,0.571428571429,,,,,,,,,
pairwise_similarity,2105,2105,,,,0.642857142857,,,,,,,,,
pairwise_similarity,2105,2105,,,,0.5,,,,,,,,,
pairwise_similarity,2105,2105,,,,0.571428571429,,,,,,,,,
pairwise_similarity,2105,2105,,,,0.428571428571,,,,,,,,,
pairwise_similarity,2105,2105,,,,0.357142857143,,,,,,,,,
pairwise_similarity,2105,2105,,,,0.5,,,,,,,,,
pairwise_similarity,2105,2105,,,,0.357142857143,,,,,,,,,
pairwise_similarity,2105,2105,,,,0.642857142857,,,,,,,,,
pairwise_similarity,2105,2105,,,,0.214285714286,,,,,,,,,
pairwise_similarity,2105,2105,,,,0.714285714286,,,,,,,,,
pairwise_similarity,2105,2105,,,,0.714285714286,,,,,,,,,
pairwise_similarity,2105,2105,,,,0.857142857143,,,,,,,,,
pairwise_similarity,2105,2105,,,,0.714285714286,,,,,,,,,
pairwise_similarity,2105,2105,,,,0.714285714286,,,,,,,,,
pairwise_similarity,2105,2105,,,,0.571428571429,,,,,,,,,
pairwise_similarity,2105,2105,,,,0.571428571429,,,,,,,,,
pairwise_similarity,2105,2105,,,,0.285714285714,,,,,,,,,
pairwise_similarity,2105,2105,,,,0.5,,,,,,,,,
pairwise_similarity,2105,2105,,,,0.857142857143,,,,,,,,,
pairwise_similarity,2105,2105,,,,0.571428571429,,,,,,,,,
pairwise_similarity,2105,2105,,,,0.642857142857,,,,,,,,,
pairwise_similarity,2105,2105,,,,0.428571428571,,,,,,,,,
pairwise_similarity,2105,2105,,,,0.214285714286,,,,,,,,,
pairwise_similarity,2105,2105,,,,0.0714285714286,,,,,,,,,
pairwise_similarity,2105,2105,,,,0.571428571429,,,,,,,,,
pairwise_similarity,2105,2105,,,,0.785714285714,,,,,,,,,
pairwise_similarity,2105,2105,,,,0.714285714286,,,,,,,,,
pairwise_similarity,2105,2105,,,,0.285714285714,,,,,,,,,
pairwise_similarity,2105,2105,,,,0,,,,,,,,,
pairwise_similarity,2105,2105,,,,0.428571428571,,,,,,,,,
pairwise_similarity,2105,2105,,,,0.785714285714,,,,,,,,,
pairwise_similarity,2105,2105,,,,0.285714285714,,,,,,,,,
pairwise_similarity,2105,2105,,,,0.714285714286,,,,,,,,,
pairwise_similarity,2105,2105,,,,0.142857142857,,,,,,,,,
pairwise_similarity,2105,2105,,,,0.285714285714,,,,,,,,,
pairwise_similarity,2105,2105,,,,0.142857142857,,,,,,,,,
pairwise_similarity,2105,2105,,,,0.428571428571,,,,,,,,,
pairwise_similarity,2105,2105,,,,0.428571428571,,,,,,,,,
pairwise_similarity,2105,2105,,,,0.785714285714,,,,,,,,,
pairwise_similarity,2105,2105,,,,0.928571428571,,,,,,,,,
pairwise_similarity,2105,2105,,,,0.857142857143,,,,,,,,,
pairwise_similarity,2105,2105,,,,0.571428571429,,,,,,,,,
pairwise_similarity,2105,2105,,,,0.571428571429,,,,,,,,,
pairwise_similarity,2105,2105,,,,0.5,,,,,,,,,
pairwise_similarity,2105,2105,,,,0.5,,,,,,,,,
pairwise_similarity,2105,2105,,,,0.285714285714,,,,,,,,,
pairwise_similarity,2105,2105,,,,0.571428571429,,,,,,,,,
pairwise_similarity,2105,2105,,,,0.357142857143,,,,,,,,,
pairwise_similarity,2105,2105,,,,0.357142857143,,,,,,,,,
pairwise_similarity,2105,2105,,,,0.785714285714,,,,,,,,,
pairwise_similarity,2105,2105,,,,0.642857142857,,,,,,,,,
pairwise_similarity,2105,2105,,,,0.214285714286,,,,,,,,,
pairwise_similarity,2105,2105,,,,0.428571428571,,,,,,,,,
pairwise_similarity,2105,2105,,,,0.714285714286,,,,,,,,,
pairwise_similarity,2105,2105,,,,0.571428571429,,,,,,,,,
pairwise_similarity,2105,2105,,,,0.428571428571,,,,,,,,,
pairwise_similarity,2105,2105,,,,0.571428571429,,,,,,,,,
pairwise_similarity,2105,2105,,,,0.571428571429,,,,,,,,,
pairwise_similarity,2105,2105,,,,0.571428571429,,,,,,,,,
pairwise_similarity,2105,2105,,,,0.285714285714,,,,,,,,,
pairwise_similarity,2105,2105,,,,0.214285714286,,,,,,,,,
pairwise_similarity,2105,2105,,,,0.428571428571,,,,,,,,,
pairwise_similarity,2105,2105,,,,1,,,,,,,,,
pairwise_similarity,2105,2105,,,,0.5,,,,,,,,,
pairwise_similarity,2105,2105,,,,0.571428571429,,,,,,,,,
pairwise_similarity,2105,2105,,,,0.571428571429,,,,,,,,,
pairwise_similarity,2105,2105,,,,0.5,,,,,,,,,
pairwise_similarity,2105,2105,,,,0.285714285714,,,,,,,,,
pairwise_similarity,2105,2105,,,,0.357142857143,,,,,,,,,
pairwise_similarity,2105,2105,,,,0.642857142857,,,,,,,,,
pairwise_similarity,2105,2105,,,,0.5,,,,,,,,,
pairwise_similarity,2105,2105,,,,0.785714285714,,,,,,,,,
pairwise_similarity,2105,2105,,,,0.428571428571,,,,,,,,,
pairwise_similarity,2105,2105,,,,0.357142857143,,,,,,,,,
pairwise_similarity,2105,2105,,,,0.357142857143,,,,,,,,,
pairwise_similarity,2105,2105,,,,0.642857142857,,,,,,,,,
pairwise_similarity,2105,2105,,,,0.785714285714,,,,,,,,,
pairwise_similarity,2105,2105,,,,0.5,,,,,,,,,
pairwise_similarity,2105,2105,,,,0.785714285714,,,,,,,,,
pairwise_similarity,2105,2105,,,,0.214285714286,,,,,,,,,
pairwise_similarity,2105,2105,,,,0.142857142857,,,,,,,,,
pairwise_similarity,2105,2105,,,,0.142857142857,,,,,,,,,
pairwise_similarity,2105,2105,,,,0.214285714286,,,,,,,,,
pairwise_similarity,2105,2105,,,,0.5,,,,,,,,,
pairwise_similarity,2105,2105,,,,0.5,,,,,,,,,
pairwise_similarity,2105,2105,,,,0.571428571429,,,,,,,,,
pairwise_similarity,2105,2105,,,,0.285714285714,,,,,,,,,
pairwise_similarity,2105,2105,,,,0.642857142857,,,,,,,,,
pairwise_similarity,2105,2105,,,,0.214285714286,,,,,,,,,
pairwise_similarity,2105,2105,,,,0.285714285714,,,,,,,,,
pairwise_similarity,2105,2105,,,,0.714285714286,,,,,,,,,
pairwise_similarity,2105,2105,,,,0.142857142857,,,,,,,,,
pairwise_similarity,2105,2105,,,,0.428571428571,,,,,,,,,
pairwise_similarity,2105,2105,,,,0.428571428571,,,,,,,,,
pairwise_similarity,2105,2105,,,,0.5,,,,,,,,,
pairwise_similarity,2105,2105,,,,0.5,,,,,,,,,
pairwise_similarity,2105,2105,,,,0.642857142857,,,,,,,,,
pairwise_similarity,2105,2105,,,,0.642857142857,,,,,,,,,
pairwise_similarity,2105,2105,,,,0.642857142857,,,,,,,,,
pairwise_similarity,2105,2105,,,,0.214285714286,,,,,,,,,
pairwise_similarity,2105,2105,,,,0.5,,,,,,,,,
pairwise_similarity,2105,2105,,,,0.5,,,,,,,,,
pairwise_similarity,2105,2105,,,,0.714285714286,,,,,,,,,
pairwise_similarity,2105,2105,,,,0.642857142857,,,,,,,,,
pairwise_similarity,2105,2105,,,,0.214285714286,,,,,,,,,
pairwise_similarity,2105,2105,,,,0.428571428571,,,,,,,,,
pairwise_similarity,2105,2105,,,,0.357142857143,,,,,,,,,
pairwise_similarity,2105,2105,,,,0.357142857143,,,,,,,,,
pairwise_similarity,2105,2105,,,,0.142857142857,,,,,,,,,
pairwise_similarity,2105,2105,,,,0.357142857143,,,,,,,,,
pairwise_similarity,2105,2105,,,,0.785714285714,,,,,,,,,
pairwise_similarity,2105,2105,,,,0.785714285714,,,,,,,,,
pairwise_similarity,2105,2105,,,,0.642857142857,,,,,,,,,
pairwise_similarity,2105,2105,,,,0.285714285714,,,,,,,,,
pairwise_similarity,2105,2105,,,,0.5,,,,,,,,,
pairwise_similarity,2105,2105,,,,0.214285714286,,,,,,,,,
pairwise_similarity,2105,2105,,,,0.5,,,,,,,,,
pairwise_similarity,2105,2105,,,,0.642857142857,,,,,,,,,
pairwise_similarity,2105,2105,,,,0.642857142857,,,,,,,,,
pairwise_similarity,2105,2105,,,,0.642857142857,,,,,,,,,
pairwise_similarity,2105,2105,,,,0.214285714286,,,,,,,,,
pairwise_similarity,2105,2105,,,,0,,,,,,,,,
pairwise_similarity,2105,2105,,,,0,,,,,,,,,
pairwise_similarity,2105,2105,,,,0.0714285714286,,,,,,,,,
pairwise_similarity,2105,2105,,,,0.5,,,,,,,,,
pairwise_similarity,2105,2105,,,,0.357142857143,,,,,,,,,
pairwise_similarity,2105,2105,,,,0.428571428571,,,,,,,,,
pairwise_similarity,2105,2105,,,,0.428571428571,,,,,,,,,
pairwise_similarity,2105,2105,,,,0.785714285714,,,,,,,,,
pairwise_similarity,2105,2105,,,,0.214285714286,,,,,,,,,
pairwise_similarity,2105,2105,,,,0.285714285714,,,,,,,,,
pairwise_similarity,2105,2105,,,,0.714285714286,,,,,,,,,
pairwise_similarity,2105,2105,,,,0,,,,,,,,,
pairwise_similarity,2105,2105,,,,0.285714285714,,,,,,,,,
pairwise_similarity,2105,2105,,,,0.142857142857,,,,,,,,,
pairwise_similarity,2105,2105,,,,0.642857142857,,,,,,,,,
pairwise_similarity,2105,2105,,,,0.357142857143,,,,,,,,,
pairwise_similarity,2105,2105,,,,0.5,,,,,,,,,
pairwise_similarity,2105,2105,,,,0.642857142857,,,,,,,,,
pairwise_similarity,2105,2105,,,,0.5,,,,,,,,,
pairwise_similarity,2105,2105,,,,0.214285714286,,,,,,,,,
pairwise_similarity,2105,2105,,,,0.357142857143,,,,,,,,,
pairwise_similarity,2105,2105,,,,0.5,,,,,,,,,
pairwise_similarity,2105,2105,,,,0.571428571429,,,,,,,,,
pairwise_similarity,2105,2105,,,,0.5,,,,,,,,,
pairwise_similarity,2105,2105,,,,0.0714285714286,,,,,,,,,
pairwise_similarity,2105,2105,,,,0.285714285714,,,,,,,,,
pairwise_similarity,2105,2105,,,,0.214285714286,,,,,,,,,
pairwise_similarity,2105,2105,,,,0.642857142857,,,,,,,,,
pairwise_similarity,2105,2105,,,,0.714285714286,,,,,,,,,
pairwise_similarity,2105,2105,,,,0.571428571429,,,,,,,,,
pairwise_similarity,2105,2105,,,,0.285714285714,,,,,,,,,
pairwise_similarity,2105,2105,,,,0.714285714286,,,,,,,,,
pairwise_similarity,2105,2105,,,,0.642857142857,,,,,,,,,
pairwise_similarity,2105,2105,,,,0.571428571429,,,,,,,,,
pairwise_similarity,2105,2105,,,,0.714285714286,,,,,,,,,
pairwise_similarity,2105,2105,,,,0.428571428571,,,,,,,,,
pairwise_similarity,2105,2105,,,,0.571428571429,,,,,,,,,
pairwise_similarity,2105,2105,,,,0.285714285714,,,,,,,,,
pairwise_similarity,2105,2105,,,,0.714285714286,,,,,,,,,
pairwise_similarity,2105,2105,,,,0.714285714286,,,,,,,,,
pairwise_similarity,2105,2105,,,,0.642857142857,,,,,,,,,
pairwise_similarity,2105,2105,,,,0.5,,,,,,,,,
pairwise_similarity,2105,2105,,,,0.571428571429,,,,,,,,,
pairwise_similarity,2105,2105,,,,0.714285714286,,,,,,,,,
pairwise_similarity,2105,2105,,,,0.714285714286,,,,,,,,,
pairwise_similarity,2105,2105,,,,0.785714285714,,,,,,,,,
pairwise_similarity,2105,2105,,,,0.642857142857,,,,,,,,,
pairwise_similarity,2105,2105,,,,0.571428571429,,,,,,,,,
pairwise_similarity,2105,2105,,,,0.571428571429,,,,,,,,,
pairwise_similarity,2105,2105,,,,0.5,,,,,,,,,
pairwise_similarity,2105,2105,,,,0.5,,,,,,,,,
pairwise_similarity,2105,2105,,,,0.5,,,,,,,,,
pairwise_similarity,2105,2105,,,,0.785714285714,,,,,,,,,
pairwise_similarity,2105,2105,,,,0.357142857143,,,,,,,,,
pairwise_similarity,2105,2105,,,,0.714285714286,,,,,,,,,
pairwise_similarity,2105,2105,,,,0.857142857143,,,,,,,,,
pairwise_similarity,2105,2105,,,,0.857142857143,,,,,,,,,
pairwise_similarity,2105,2105,,,,0.714285714286,,,,,,,,,
pairwise_similarity,2105,2105,,,,0.857142857143,,,,,,,,,
pairwise_similarity,2105,2105,,,,0.571428571429,,,,,,,,,
pairwise_similarity,2105,2105,,,,0.714285714286,,,,,,,,,
pairwise_similarity,2105,2105,,,,0.428571428571,,,,,,,,,
pairwise_similarity,2105,2105,,,,0.5,,,,,,,,,
pairwise_similarity,2105,2105,,,,0.857142857143,,,,,,,,,
pairwise_similarity,2105,2105,,,,0.571428571429,,,,,,,,,
pairwise_similarity,2105,2105,,,,0.785714285714,,,,,,,,,
pairwise_similarity,2105,2105,,,,0.571428571429,,,,,,,,,
pairwise_similarity,2105,2105,,,,0.785714285714,,,,,,,,,
pairwise_similarity,2105,2105,,,,0.357142857143,,,,,,,,,
pairwise_similarity,2105,2105,,,,0.0714285714286,,,,,,,,,
pairwise_similarity,2105,2105,,,,0.5,,,,,,,,,
pairwise_similarity,2105,2105,,,,0.857142857143,,,,,,,,,
pairwise_similarity,2105,2105,,,,0.357142857143,,,,,,,,,
pairwise_similarity,2105,2105,,,,0.928571428571,,,,,,,,,
pairwise_similarity,2105,2105,,,,0.214285714286,,,,,,,,,
pairwise_similarity,2105,2105,,,,0.357142857143,,,,,,,,,
pairwise_similarity,2105,2105,,,,0.214285714286,,,,,,,,,
pairwise_similarity,2105,2105,,,,0.5,,,,,,,,,
pairwise_similarity,2105,2105,,,,0.5,,,,,,,,,
pairwise_similarity,2105,2105,,,,0.857142857143,,,,,,,,,
pairwise_similarity,2105,2105,,,,0.857142857143,,,,,,,,,
pairwise_similarity,2105,2105,,,,0.928571428571,,,,,,,,,
pairwise_similarity,2105,2105,,,,0.642857142857,,,,,,,,,
pairwise_similarity,2105,2105,,,,0.642857142857,,,,,,,,,
pairwise_similarity,2105,2105,,,,0.571428571429,,,,,,,,,
pairwise_similarity,2105,2105,,,,0.714285714286,,,,,,,,,
pairwise_similarity,2105,2105,,,,0.357142857143,,,,,,,,,
pairwise_similarity,2105,2105,,,,0.642857142857,,,,,,,,,
pairwise_similarity,2105,2105,,,,0.571428571429,,,,,,,,,
pairwise_similarity,2105,2105,,,,0.428571428571,,,,,,,,,
pairwise_similarity,2105,2105,,,,0.857142857143,,,,,,,,,
pairwise_similarity,2105,2105,,,,0.857142857143,,,,,,,,,
pairwise_similarity,2105,2105,,,,0.428571428571,,,,,,,,,
pairwise_similarity,2105,2105,,,,0.5,,,,,,,,,
pairwise_similarity,2105,2105,,,,0.785714285714,,,,,,,,,
pairwise_similarity,2105,2105,,,,0.642857142857,,,,,,,,,
pairwise_similarity,2105,2105,,,,0.5,,,,,,,,,
pairwise_similarity,2105,2105,,,,0.642857142857,,,,,,,,,
pairwise_similarity,2105,2105,,,,0.5,,,,,,,,,
pairwise_similarity,2105,2105,,,,0.785714285714,,,,,,,,,
pairwise_similarity,2105,2105,,,,0.357142857143,,,,,,,,,
pairwise_similarity,2105,2105,,,,0.285714285714,,,,,,,,,
pairwise_similarity,2105,2105,,,,0.5,,,,,,,,,
pairwise_similarity,2105,2105,,,,0.785714285714,,,,,,,,,
pairwise_similarity,2105,2105,,,,0.714285714286,,,,,,,,,
pairwise_similarity,2105,2105,,,,0.785714285714,,,,,,,,,
pairwise_similarity,2105,2105,,,,0.571428571429,,,,,,,,,
pairwise_similarity,2105,2105,,,,0.285714285714,,,,,,,,,
pairwise_similarity,2105,2105,,,,0.571428571429,,,,,,,,,
pairwise_similarity,2105,2105,,,,0.785714285714,,,,,,,,,
pairwise_similarity,2105,2105,,,,0.571428571429,,,,,,,,,
pairwise_similarity,2105,2105,,,,0.857142857143,,,,,,,,,
pairwise_similarity,2105,2105,,,,0.428571428571,,,,,,,,,
pairwise_similarity,2105,2105,,,,0.571428571429,,,,,,,,,
pairwise_similarity,2105,2105,,,,0.285714285714,,,,,,,,,
pairwise_similarity,2105,2105,,,,0.571428571429,,,,,,,,,
pairwise_similarity,2105,2105,,,,0.714285714286,,,,,,,,,
pairwise_similarity,2105,2105,,,,0.642857142857,,,,,,,,,
pairwise_similarity,2105,2105,,,,0.642857142857,,,,,,,,,
pairwise_similarity,2105,2105,,,,0.714285714286,,,,,,,,,
pairwise_similarity,2105,2105,,,,0.714285714286,,,,,,,,,
pairwise_similarity,2105,2105,,,,0.714285714286,,,,,,,,,
pairwise_similarity,2105,2105,,,,0.642857142857,,,,,,,,,
pairwise_similarity,2105,2105,,,,0.642857142857,,,,,,,,,
pairwise_similarity,2105,2105,,,,0.428571428571,,,,,,,,,
pairwise_similarity,2105,2105,,,,0.857142857143,,,,,,,,,
pairwise_similarity,2105,2105,,,,0.5,,,,,,,,,
pairwise_similarity,2105,2105,,,,0.5,,,,,,,,,
pairwise_similarity,2105,2105,,,,0.642857142857,,,,,,,,,
pairwise_similarity,2105,2105,,,,0.785714285714,,,,,,,,,
pairwise_similarity,2105,2105,,,,0.357142857143,,,,,,,,,
pairwise_similarity,2105,2105,,,,0.714285714286,,,,,,,,,
pairwise_similarity,2105,2105,,,,0.857142857143,,,,,,,,,
pairwise_similarity,2105,2105,,,,0.714285714286,,,,,,,,,
pairwise_similarity,2105,2105,,,,0.714285714286,,,,,,,,,
pairwise_similarity,2105,2105,,,,0.714285714286,,,,,,,,,
pairwise_similarity,2105,2105,,,,0.714285714286,,,,,,,,,
pairwise_similarity,2105,2105,,,,0.714285714286,,,,,,,,,
pairwise_similarity,2105,2105,,,,0.571428571429,,,,,,,,,
pairwise_similarity,2105,2105,,,,0.357142857143,,,,,,,,,
pairwise_similarity,2105,2105,,,,0.571428571429,,,,,,,,,
pairwise_similarity,2105,2105,,,,0.714285714286,,,,,,,,,
pairwise_similarity,2105,2105,,,,0.642857142857,,,,,,,,,
pairwise_similarity,2105,2105,,,,0.714285714286,,,,,,,,,
pairwise_similarity,2105,2105,,,,0.714285714286,,,,,,,,,
pairwise_similarity,2105,2105,,,,0.714285714286,,,,,,,,,
pairwise_similarity,2105,2105,,,,0.357142857143,,,,,,,,,
pairwise_similarity,2105,2105,,,,0.428571428571,,,,,,,,,
pairwise_similarity,2105,2105,,,,0.428571428571,,,,,,,,,
pairwise_similarity,2105,2105,,,,0.714285714286,,,,,,,,,
pairwise_similarity,2105,2105,,,,0.714285714286,,,,,,,,,
pairwise_similarity,2105,2105,,,,0.428571428571,,,,,,,,,
pairwise_similarity,2105,2105,,,,0.857142857143,,,,,,,,,
pairwise_similarity,2105,2105,,,,0.428571428571,,,,,,,,,
pairwise_similarity,2105,2105,,,,0.214285714286,,,,,,,,,
pairwise_similarity,2105,2105,,,,0.214285714286,,,,,,,,,
pairwise_similarity,2105,2105,,,,0.285714285714,,,,,,,,,
pairwise_similarity,2105,2105,,,,0.714285714286,,,,,,,,,
pairwise_similarity,2105,2105,,,,0.571428571429,,,,,,,,,
pairwise_similarity,2105,2105,,,,0.642857142857,,,,,,,,,
pairwise_similarity,2105,2105,,,,0.5,,,,,,,,,
pairwise_similarity,2105,2105,,,,0.714285714286,,,,,,,,,
pairwise_similarity,2105,2105,,,,0.428571428571,,,,,,,,,
pairwise_similarity,2105,2105,,,,0.5,,,,,,,,,
pairwise_similarity,2105,2105,,,,0.785714285714,,,,,,,,,
pairwise_similarity,2105,2105,,,,0.214285714286,,,,,,,,,
pairwise_similarity,2105,2105,,,,0.5,,,,,,,,,
pairwise_similarity,2105,2105,,,,0.214285714286,,,,,,,,,
pairwise_similarity,2105,2105,,,,0.857142857143,,,,,,,,,
pairwise_similarity,2105,2105,,,,0.571428571429,,,,,,,,,
pairwise_similarity,2105,2105,,,,0.714285714286,,,,,,,,,
pairwise_similarity,2105,2105,,,,0.714285714286,,,,,,,,,
pairwise_similarity,2105,2105,,,,0.571428571429,,,,,,,,,
pairwise_similarity,2105,2105,,,,0.428571428571,,,,,,,,,
pairwise_similarity,2105,2105,,,,0.428571428571,,,,,,,,,
pairwise_similarity,2105,2105,,,,0.571428571429,,,,,,,,,
pairwise_similarity,2105,2105,,,,0.642857142857,,,,,,,,,
pairwise_similarity,2105,2105,,,,0.714285714286,,,,,,,,,
pairwise_similarity,2105,2105,,,,0.285714285714,,,,,,,,,
pairwise_similarity,2105,2105,,,,0.357142857143,,,,,,,,,
pairwise_similarity,2105,2105,,,,0.428571428571,,,,,,,,,
pairwise_similarity,2105,2105,,,,0.571428571429,,,,,,,,,
pairwise_similarity,2105,2105,,,,0.214285714286,,,,,,,,,
pairwise_similarity,2105,2105,,,,0.714285714286,,,,,,,,,
pairwise_similarity,2105,2105,,,,0.142857142857,,,,,,,,,
pairwise_similarity,2105,2105,,,,0.571428571429,,,,,,,,,
pairwise_similarity,2105,2105,,,,0.571428571429,,,,,,,,,
pairwise_similarity,2105,2105,,,,0.428571428571,,,,,,,,,
pairwise_similarity,2105,2105,,,,0.571428571429,,,,,,,,,
pairwise_similarity,2105,2105,,,,0.428571428571,,,,,,,,,
pairwise_similarity,2105,2105,,,,-0.0714285714286,,,,,,,,,
pairwise_similarity,2105,2105,,,,-0.0714285714286,,,,,,,,,
pairwise_similarity,2105,2105,,,,0,,,,,,,,,
pairwise_similarity,2105,2105,,,,0.428571428571,,,,,,,,,
pairwise_similarity,2105,2105,,,,0.285714285714,,,,,,,,,
pairwise_similarity,2105,2105,,,,0.357142857143,,,,,,,,,
pairwise_similarity,2105,2105,,,,0.214285714286,,,,,,,,,
pairwise_similarity,2105,2105,,,,0.571428571429,,,,,,,,,
pairwise_similarity,2105,2105,,,,0.428571428571,,,,,,,,,
pairwise_similarity,2105,2105,,,,0.214285714286,,,,,,,,,
pairwise_similarity,2105,2105,,,,0.642857142857,,,,,,,,,
pairwise_similarity,2105,2105,,,,0.0714285714286,,,,,,,,,
pairwise_similarity,2105,2105,,,,0.214285714286,,,,,,,,,
pairwise_similarity,2105,2105,,,,0.0714285714286,,,,,,,,,
pairwise_similarity,2105,2105,,,,0.571428571429,,,,,,,,,
pairwise_similarity,2105,2105,,,,0.285714285714,,,,,,,,,
pairwise_similarity,2105,2105,,,,0.428571428571,,,,,,,,,
pairwise_similarity,2105,2105,,,,0.571428571429,,,,,,,,,
pairwise_similarity,2105,2105,,,,0.428571428571,,,,,,,,,
pairwise_similarity,2105,2105,,,,0.285714285714,,,,,,,,,
pairwise_similarity,2105,2105,,,,0.285714285714,,,,,,,,,
pairwise_similarity,2105,2105,,,,0.714285714286,,,,,,,,,
pairwise_similarity,2105,2105,,,,0.5,,,,,,,,,
pairwise_similarity,2105,2105,,,,0.428571428571,,,,,,,,,
pairwise_similarity,2105,2105,,,,0,,,,,,,,,
pairwise_similarity,2105,2105,,,,0.214285714286,,,,,,,,,
pairwise_similarity,2105,2105,,,,0.142857142857,,,,,,,,,
pairwise_similarity,2105,2105,,,,0.642857142857,,,,,,,,,
pairwise_similarity,2105,2105,,,,0.571428571429,,,,,,,,,
pairwise_similarity,2105,2105,,,,0.571428571429,,,,,,,,,
pairwise_similarity,2105,2105,,,,0.571428571429,,,,,,,,,
pairwise_similarity,2105,2105,,,,0.857142857143,,,,,,,,,
pairwise_similarity,2105,2105,,,,0.571428571429,,,,,,,,,
pairwise_similarity,2105,2105,,,,0.857142857143,,,,,,,,,
pairwise_similarity,2105,2105,,,,0.428571428571,,,,,,,,,
pairwise_similarity,2105,2105,,,,0.357142857143,,,,,,,,,
pairwise_similarity,2105,2105,,,,0.357142857143,,,,,,,,,
pairwise_similarity,2105,2105,,,,0.428571428571,,,,,,,,,
pairwise_similarity,2105,2105,,,,0.714285714286,,,,,,,,,
pairwise_similarity,2105,2105,,,,0.571428571429,,,,,,,,,
pairwise_similarity,2105,2105,,,,0.642857142857,,,,,,,,,
pairwise_similarity,2105,2105,,,,0.5,,,,,,,,,
pairwise_similarity,2105,2105,,,,0.857142857143,,,,,,,,,
pairwise_similarity,2105,2105,,,,0.428571428571,,,,,,,,,
pairwise_similarity,2105,2105,,,,0.357142857143,,,,,,,,,
pairwise_similarity,2105,2105,,,,0.785714285714,,,,,,,,,
pairwise_similarity,2105,2105,,,,0.357142857143,,,,,,,,,
pairwise_similarity,2105,2105,,,,0.642857142857,,,,,,,,,
pairwise_similarity,2105,2105,,,,0.357142857143,,,,,,,,,
pairwise_similarity,2105,2105,,,,0.714285714286,,,,,,,,,
pairwise_similarity,2105,2105,,,,0.714285714286,,,,,,,,,
pairwise_similarity,2105,2105,,,,0.857142857143,,,,,,,,,
pairwise_similarity,2105,2105,,,,0.857142857143,,,,,,,,,
pairwise_similarity,2105,2105,,,,0.857142857143,,,,,,,,,
pairwise_similarity,2105,2105,,,,0.428571428571,,,,,,,,,
pairwise_similarity,2105,2105,,,,0.714285714286,,,,,,,,,
pairwise_similarity,2105,2105,,,,0.571428571429,,,,,,,,,
pairwise_similarity,2105,2105,,,,0.785714285714,,,,,,,,,
pairwise_similarity,2105,2105,,,,0.714285714286,,,,,,,,,
pairwise_similarity,2105,2105,,,,0.428571428571,,,,,,,,,
pairwise_similarity,2105,2105,,,,0.642857142857,,,,,,,,,
pairwise_similarity,2105,2105,,,,0.428571428571,,,,,,,,,
pairwise_similarity,2105,2105,,,,0.5,,,,,,,,,
pairwise_similarity,2105,2105,,,,0.785714285714,,,,,,,,,
pairwise_similarity,2105,2105,,,,0.214285714286,,,,,,,,,
pairwise_similarity,2105,2105,,,,0.5,,,,,,,,,
pairwise_similarity,2105,2105,,,,0.357142857143,,,,,,,,,
pairwise_similarity,2105,2105,,,,0.5,,,,,,,,,
pairwise_similarity,2105,2105,,,,0.5,,,,,,,,,
pairwise_similarity,2105,2105,,,,0.714285714286,,,,,,,,,
pairwise_similarity,2105,2105,,,,0.714285714286,,,,,,,,,
pairwise_similarity,2105,2105,,,,0.785714285714,,,,,,,,,
pairwise_similarity,2105,2105,,,,0.642857142857,,,,,,,,,
pairwise_similarity,2105,2105,,,,0.642857142857,,,,,,,,,
pairwise_similarity,2105,2105,,,,0.571428571429,,,,,,,,,
pairwise_similarity,2105,2105,,,,0.571428571429,,,,,,,,,
pairwise_similarity,2105,2105,,,,0.5,,,,,,,,,
pairwise_similarity,2105,2105,,,,0.642857142857,,,,,,,,,
pairwise_similarity,2105,2105,,,,0.428571428571,,,,,,,,,
pairwise_similarity,2105,2105,,,,0.571428571429,,,,,,,,,
pairwise_similarity,2105,2105,,,,0.714285714286,,,,,,,,,
pairwise_similarity,2105,2105,,,,0.714285714286,,,,,,,,,
pairwise_similarity,2105,2105,,,,0.428571428571,,,,,,,,,
pairwise_similarity,2105,2105,,,,0.5,,,,,,,,,
pairwise_similarity,2105,2105,,,,0.785714285714,,,,,,,,,
pairwise_similarity,2105,2105,,,,0.642857142857,,,,,,,,,
pairwise_similarity,2105,2105,,,,0.642857142857,,,,,,,,,
pairwise_similarity,2105,2105,,,,0.785714285714,,,,,,,,,
pairwise_similarity,2105,2105,,,,0.5,,,,,,,,,
pairwise_similarity,2105,2105,,,,0.785714285714,,,,,,,,,
pairwise_similarity,2105,2105,,,,0.5,,,,,,,,,
pairwise_similarity,2105,2105,,,,0.428571428571,,,,,,,,,
pairwise_similarity,2105,2105,,,,0.5,,,,,,,,,
pairwise_similarity,2105,2105,,,,0.785714285714,,,,,,,,,
pairwise_similarity,2105,2105,,,,0.714285714286,,,,,,,,,
pairwise_similarity,2105,2105,,,,0.642857142857,,,,,,,,,
pairwise_similarity,2105,2105,,,,0.428571428571,,,,,,,,,
pairwise_similarity,2105,2105,,,,0.428571428571,,,,,,,,,
pairwise_similarity,2105,2105,,,,0.571428571429,,,,,,,,,
pairwise_similarity,2105,2105,,,,0.285714285714,,,,,,,,,
pairwise_similarity,2105,2105,,,,0.428571428571,,,,,,,,,
pairwise_similarity,2105,2105,,,,0.714285714286,,,,,,,,,
pairwise_similarity,2105,2105,,,,0.214285714286,,,,,,,,,
pairwise_similarity,2105,2105,,,,0.214285714286,,,,,,,,,
pairwise_similarity,2105,2105,,,,0.285714285714,,,,,,,,,
pairwise_similarity,2105,2105,,,,0.428571428571,,,,,,,,,
pairwise_similarity,2105,2105,,,,0.428571428571,,,,,,,,,
pairwise_similarity,2105,2105,,,,0.5,,,,,,,,,
pairwise_similarity,2105,2105,,,,0.357142857143,,,,,,,,,
pairwise_similarity,2105,2105,,,,0.428571428571,,,,,,,,,
pairwise_similarity,2105,2105,,,,0.714285714286,,,,,,,,,
pairwise_similarity,2105,2105,,,,0.214285714286,,,,,,,,,
pairwise_similarity,2105,2105,,,,0.357142857143,,,,,,,,,
pairwise_similarity,2105,2105,,,,0.357142857143,,,,,,,,,
pairwise_similarity,2105,2105,,,,0.5,,,,,,,,,
pairwise_similarity,2105,2105,,,,0.0714285714286,,,,,,,,,
pairwise_similarity,2105,2105,,,,0.571428571429,,,,,,,,,
pairwise_similarity,2105,2105,,,,0.571428571429,,,,,,,,,
pairwise_similarity,2105,2105,,,,0.571428571429,,,,,,,,,
pairwise_similarity,2105,2105,,,,0.714285714286,,,,,,,,,
pairwise_similarity,2105,2105,,,,0.714285714286,,,,,,,,,
pairwise_similarity,2105,2105,,,,0.571428571429,,,,,,,,,
pairwise_similarity,2105,2105,,,,0.571428571429,,,,,,,,,
pairwise_similarity,2105,2105,,,,0.714285714286,,,,,,,,,
pairwise_similarity,2105,2105,,,,0.357142857143,,,,,,,,,
pairwise_similarity,2105,2105,,,,0.428571428571,,,,,,,,,
pairwise_similarity,2105,2105,,,,0.285714285714,,,,,,,,,
pairwise_similarity,2105,2105,,,,0.5,,,,,,,,,
pairwise_similarity,2105,2105,,,,0.285714285714,,,,,,,,,
pairwise_similarity,2105,2105,,,,0.285714285714,,,,,,,,,
pairwise_similarity,2105,2105,,,,0.428571428571,,,,,,,,,
pairwise_similarity,2105,2105,,,,0.285714285714,,,,,,,,,
pairwise_similarity,2105,2105,,,,0.571428571429,,,,,,,,,
pairwise_similarity,2105,2105,,,,0.571428571429,,,,,,,,,
pairwise_similarity,2105,2105,,,,0.785714285714,,,,,,,,,
pairwise_similarity,2105,2105,,,,0.785714285714,,,,,,,,,
pairwise_similarity,2105,2105,,,,0.857142857143,,,,,,,,,
pairwise_similarity,2105,2105,,,,0.714285714286,,,,,,,,,
pairwise_similarity,2105,2105,,,,0.714285714286,,,,,,,,,
pairwise_similarity,2105,2105,,,,0.642857142857,,,,,,,,,
pairwise_similarity,2105,2105,,,,0.785714285714,,,,,,,,,
pairwise_similarity,2105,2105,,,,0.428571428571,,,,,,,,,
pairwise_similarity,2105,2105,,,,0.714285714286,,,,,,,,,
pairwise_similarity,2105,2105,,,,0.642857142857,,,,,,,,,
pairwise_similarity,2105,2105,,,,0.5,,,,,,,,,
pairwise_similarity,2105,2105,,,,0.785714285714,,,,,,,,,
pairwise_similarity,2105,2105,,,,0.928571428571,,,,,,,,,
pairwise_similarity,2105,2105,,,,0.5,,,,,,,,,
pairwise_similarity,2105,2105,,,,0.571428571429,,,,,,,,,
pairwise_similarity,2105,2105,,,,0.857142857143,,,,,,,,,
pairwise_similarity,2105,2105,,,,0.714285714286,,,,,,,,,
pairwise_similarity,2105,2105,,,,0.571428571429,,,,,,,,,
pairwise_similarity,2105,2105,,,,0.714285714286,,,,,,,,,
pairwise_similarity,2105,2105,,,,0.571428571429,,,,,,,,,
pairwise_similarity,2105,2105,,,,0.857142857143,,,,,,,,,
pairwise_similarity,2105,2105,,,,0.428571428571,,,,,,,,,
pairwise_similarity,2105,2105,,,,0.357142857143,,,,,,,,,
pairwise_similarity,2105,2105,,,,0.571428571429,,,,,,,,,
pairwise_similarity,2105,2105,,,,0.714285714286,,,,,,,,,
pairwise_similarity,2105,2105,,,,0.785714285714,,,,,,,,,
pairwise_similarity,2105,2105,,,,0.857142857143,,,,,,,,,
pairwise_similarity,2105,2105,,,,0.714285714286,,,,,,,,,
pairwise_similarity,2105,2105,,,,0.285714285714,,,,,,,,,
pairwise_similarity,2105,2105,,,,0.714285714286,,,,,,,,,
pairwise_similarity,2105,2105,,,,0.428571428571,,,,,,,,,
pairwise_similarity,2105,2105,,,,0.0714285714286,,,,,,,,,
pairwise_similarity,2105,2105,,,,0.0714285714286,,,,,,,,,
pairwise_similarity,2105,2105,,,,0.142857142857,,,,,,,,,
pairwise_similarity,2105,2105,,,,0.428571428571,,,,,,,,,
pairwise_similarity,2105,2105,,,,0.428571428571,,,,,,,,,
pairwise_similarity,2105,2105,,,,0.5,,,,,,,,,
pairwise_similarity,2105,2105,,,,0.214285714286,,,,,,,,,
pairwise_similarity,2105,2105,,,,0.428571428571,,,,,,,,,
pairwise_similarity,2105,2105,,,,0.428571428571,,,,,,,,,
pairwise_similarity,2105,2105,,,,0.214285714286,,,,,,,,,
pairwise_similarity,2105,2105,,,,0.5,,,,,,,,,
pairwise_similarity,2105,2105,,,,0.0714285714286,,,,,,,,,
pairwise_similarity,2105,2105,,,,0.357142857143,,,,,,,,,
pairwise_similarity,2105,2105,,,,0.0714285714286,,,,,,,,,
pairwise_similarity,2105,2105,,,,0.571428571429,,,,,,,,,
pairwise_similarity,2105,2105,,,,0.428571428571,,,,,,,,,
pairwise_similarity,2105,2105,,,,0.571428571429,,,,,,,,,
pairwise_similarity,2105,2105,,,,0.571428571429,,,,,,,,,
pairwise_similarity,2105,2105,,,,0.428571428571,,,,,,,,,
pairwise_similarity,2105,2105,,,,0.428571428571,,,,,,,,,
pairwise_similarity,2105,2105,,,,0.285714285714,,,,,,,,,
pairwise_similarity,2105,2105,,,,0.571428571429,,,,,,,,,
pairwise_similarity,2105,2105,,,,0.5,,,,,,,,,
pairwise_similarity,2105,2105,,,,0.571428571429,,,,,,,,,
pairwise_similarity,2105,2105,,,,0.142857142857,,,,,,,,,
pairwise_similarity,2105,2105,,,,0.214285714286,,,,,,,,,
pairwise_similarity,2105,2105,,,,0.285714285714,,,,,,,,,
pairwise_similarity,2105,2105,,,,0.571428571429,,,,,,,,,
pairwise_similarity,2105,2105,,,,0.714285714286,,,,,,,,,
pairwise_similarity,2105,2105,,,,0.428571428571,,,,,,,,,
pairwise_similarity,2105,2105,,,,0.214285714286,,,,,,,,,
pairwise_similarity,2105,2105,,,,0.214285714286,,,,,,,,,
pairwise_similarity,2105,2105,,,,0.285714285714,,,,,,,,,
pairwise_similarity,2105,2105,,,,0.571428571429,,,,,,,,,
pairwise_similarity,2105,2105,,,,0.428571428571,,,,,,,,,
pairwise_similarity,2105,2105,,,,0.5,,,,,,,,,
pairwise_similarity,2105,2105,,,,0.357142857143,,,,,,,,,
pairwise_similarity,2105,2105,,,,0.714285714286,,,,,,,,,
pairwise_similarity,2105,2105,,,,0.428571428571,,,,,,,,,
pairwise_similarity,2105,2105,,,,0.214285714286,,,,,,,,,
pairwise_similarity,2105,2105,,,,0.642857142857,,,,,,,,,
pairwise_similarity,2105,2105,,,,0.214285714286,,,,,,,,,
pairwise_similarity,2105,2105,,,,0.5,,,,,,,,,
pairwise_similarity,2105,2105,,,,0.214285714286,,,,,,,,,
pairwise_similarity,2105,2105,,,,0.714285714286,,,,,,,,,
pairwise_similarity,2105,2105,,,,0.571428571429,,,,,,,,,
pairwise_similarity,2105,2105,,,,0.714285714286,,,,,,,,,
pairwise_similarity,2105,2105,,,,0.857142857143,,,,,,,,,
pairwise_similarity,2105,2105,,,,0.714285714286,,,,,,,,,
pairwise_similarity,2105,2105,,,,0.428571428571,,,,,,,,,
pairwise_similarity,2105,2105,,,,0.571428571429,,,,,,,,,
pairwise_similarity,2105,2105,,,,0.571428571429,,,,,,,,,
pairwise_similarity,2105,2105,,,,0.785714285714,,,,,,,,,
pairwise_similarity,2105,2105,,,,0.571428571429,,,,,,,,,
pairwise_similarity,2105,2105,,,,0.285714285714,,,,,,,,,
pairwise_similarity,2105,2105,,,,0.5,,,,,,,,,
pairwise_similarity,2105,2105,,,,0.285714285714,,,,,,,,,
pairwise_similarity,2105,2105,,,,0.428571428571,,,,,,,,,
pairwise_similarity,2105,2105,,,,0,,,,,,,,,
pairwise_similarity,2105,2105,,,,0.0714285714286,,,,,,,,,
pairwise_similarity,2105,2105,,,,0.0714285714286,,,,,,,,,
pairwise_similarity,2105,2105,,,,0.142857142857,,,,,,,,,
pairwise_similarity,2105,2105,,,,0.571428571429,,,,,,,,,
pairwise_similarity,2105,2105,,,,0.142857142857,,,,,,,,,
pairwise_similarity,2105,2105,,,,0.214285714286,,,,,,,,,
pairwise_similarity,2105,2105,,,,0.5,,,,,,,,,
pairwise_similarity,2105,2105,,,,0.714285714286,,,,,,,,,
pairwise_similarity,2105,2105,,,,0.142857142857,,,,,,,,,
pairwise_similarity,2105,2105,,,,0.214285714286,,,,,,,,,
pairwise_similarity,2105,2105,,,,0.642857142857,,,,,,,,,
pairwise_similarity,2105,2105,,,,0.0714285714286,,,,,,,,,
pairwise_similarity,2105,2105,,,,0.357142857143,,,,,,,,,
pairwise_similarity,2105,2105,,,,0.0714285714286,,,,,,,,,
pairwise_similarity,2105,2105,,,,0.428571428571,,,,,,,,,
pairwise_similarity,2105,2105,,,,0.428571428571,,,,,,,,,
pairwise_similarity,2105,2105,,,,0.428571428571,,,,,,,,,
pairwise_similarity,2105,2105,,,,0.428571428571,,,,,,,,,
pairwise_similarity,2105,2105,,,,0.428571428571,,,,,,,,,
pairwise_similarity,2105,2105,,,,0,,,,,,,,,
pairwise_similarity,2105,2105,,,,0.428571428571,,,,,,,,,
pairwise_similarity,2105,2105,,,,0.285714285714,,,,,,,,,
pairwise_similarity,2105,2105,,,,0.785714285714,,,,,,,,,
pairwise_similarity,2105,2105,,,,0.285714285714,,,,,,,,,
pairwise_similarity,2105,2105,,,,0.142857142857,,,,,,,,,
pairwise_similarity,2105,2105,,,,0.214285714286,,,,,,,,,
pairwise_similarity,2105,2105,,,,0.142857142857,,,,,,,,,
pairwise_similarity,2105,2105,,,,0.428571428571,,,,,,,,,
pairwise_similarity,2105,2105,,,,0.357142857143,,,,,,,,,
pairwise_similarity,2105,2105,,,,0.357142857143,,,,,,,,,
pairwise_similarity,2105,2105,,,,0.428571428571,,,,,,,,,
pairwise_similarity,2105,2105,,,,0.714285714286,,,,,,,,,
pairwise_similarity,2105,2105,,,,0.714285714286,,,,,,,,,
pairwise_similarity,2105,2105,,,,0.785714285714,,,,,,,,,
pairwise_similarity,2105,2105,,,,0.5,,,,,,,,,
pairwise_similarity,2105,2105,,,,0.714285714286,,,,,,,,,
pairwise_similarity,2105,2105,,,,0.428571428571,,,,,,,,,
pairwise_similarity,2105,2105,,,,0.5,,,,,,,,,
pairwise_similarity,2105,2105,,,,0.785714285714,,,,,,,,,
pairwise_similarity,2105,2105,,,,0.357142857143,,,,,,,,,
pairwise_similarity,2105,2105,,,,0.642857142857,,,,,,,,,
pairwise_similarity,2105,2105,,,,0.357142857143,,,,,,,,,
pairwise_similarity,2105,2105,,,,0.714285714286,,,,,,,,,
pairwise_similarity,2105,2105,,,,0.714285714286,,,,,,,,,
pairwise_similarity,2105,2105,,,,0.857142857143,,,,,,,,,
pairwise_similarity,2105,2105,,,,0.714285714286,,,,,,,,,
pairwise_similarity,2105,2105,,,,0.714285714286,,,,,,,,,
pairwise_similarity,2105,2105,,,,0.428571428571,,,,,,,,,
pairwise_similarity,2105,2105,,,,0.571428571429,,,,,,,,,
pairwise_similarity,2105,2105,,,,0.571428571429,,,,,,,,,
pairwise_similarity,2105,2105,,,,0.642857142857,,,,,,,,,
pairwise_similarity,2105,2105,,,,0.857142857143,,,,,,,,,
pairwise_similarity,2105,2105,,,,0.428571428571,,,,,,,,,
pairwise_similarity,2105,2105,,,,0.5,,,,,,,,,
pairwise_similarity,2105,2105,,,,0.571428571429,,,,,,,,,
pairwise_similarity,2105,2105,,,,0.5,,,,,,,,,
pairwise_similarity,2105,2105,,,,0.357142857143,,,,,,,,,
pairwise_similarity,2105,2105,,,,0.428571428571,,,,,,,,,
pairwise_similarity,2105,2105,,,,0.428571428571,,,,,,,,,
pairwise_similarity,2105,2105,,,,0.571428571429,,,,,,,,,
pairwise_similarity,2105,2105,,,,0.5,,,,,,,,,
pairwise_similarity,2105,2105,,,,0.357142857143,,,,,,,,,
pairwise_similarity,2105,2105,,,,0.285714285714,,,,,,,,,
pairwise_similarity,2105,2105,,,,0.857142857143,,,,,,,,,
pairwise_similarity,2105,2105,,,,0.214285714286,,,,,,,,,
pairwise_similarity,2105,2105,,,,0.214285714286,,,,,,,,,
pairwise_similarity,2105,2105,,,,0.5,,,,,,,,,
pairwise_similarity,2105,2105,,,,0.5,,,,,,,,,
pairwise_similarity,2105,2105,,,,0.214285714286,,,,,,,,,
pairwise_similarity,2105,2105,,,,0.571428571429,,,,,,,,,
pairwise_similarity,2105,2105,,,,0.571428571429,,,,,,,,,
pairwise_similarity,2105,2105,,,,0.571428571429,,,,,,,,,
pairwise_similarity,2105,2105,,,,0.571428571429,,,,,,,,,
pairwise_similarity,2105,2105,,,,0.571428571429,,,,,,,,,
pairwise_similarity,2105,2105,,,,0.714285714286,,,,,,,,,
pairwise_similarity,2105,2105,,,,0.428571428571,,,,,,,,,
pairwise_similarity,2105,2105,,,,0.571428571429,,,,,,,,,
pairwise_similarity,2105,2105,,,,0.214285714286,,,,,,,,,
pairwise_similarity,2105,2105,,,,0.571428571429,,,,,,,,,
pairwise_similarity,2105,2105,,,,0.428571428571,,,,,,,,,
pairwise_similarity,2105,2105,,,,0.642857142857,,,,,,,,,
pairwise_similarity,2105,2105,,,,0.428571428571,,,,,,,,,
pairwise_similarity,2105,2105,,,,0.857142857143,,,,,,,,,
pairwise_similarity,2105,2105,,,,0.928571428571,,,,,,,,,
pairwise_similarity,2105,2105,,,,0.5,,,,,,,,,
pairwise_similarity,2105,2105,,,,0.5,,,,,,,,,
pairwise_similarity,2105,2105,,,,0.428571428571,,,,,,,,,
pairwise_similarity,2105,2105,,,,0.571428571429,,,,,,,,,
pairwise_similarity,2105,2105,,,,0.214285714286,,,,,,,,,
pairwise_similarity,2105,2105,,,,0.5,,,,,,,,,
pairwise_similarity,2105,2105,,,,0.428571428571,,,,,,,,,
pairwise_similarity,2105,2105,,,,0.285714285714,,,,,,,,,
pairwise_similarity,2105,2105,,,,0.857142857143,,,,,,,,,
pairwise_similarity,2105,2105,,,,0.714285714286,,,,,,,,,
pairwise_similarity,2105,2105,,,,0.428571428571,,,,,,,,,
pairwise_similarity,2105,2105,,,,0.357142857143,,,,,,,,,
pairwise_similarity,2105,2105,,,,0.642857142857,,,,,,,,,
pairwise_similarity,2105,2105,,,,0.5,,,,,,,,,
pairwise_similarity,2105,2105,,,,0.357142857143,,,,,,,,,
pairwise_similarity,2105,2105,,,,0.5,,,,,,,,,
pairwise_similarity,2105,2105,,,,0.357142857143,,,,,,,,,
pairwise_similarity,2105,2105,,,,0.642857142857,,,,,,,,,
pairwise_similarity,2105,2105,,,,0.214285714286,,,,,,,,,
pairwise_similarity,2105,2105,,,,0.142857142857,,,,,,,,,
pairwise_similarity,2105,2105,,,,0.5,,,,,,,,,
pairwise_similarity,2105,2105,,,,0.785714285714,,,,,,,,,
pairwise_similarity,2105,2105,,,,0.714285714286,,,,,,,,,
pairwise_similarity,2105,2105,,,,0.642857142857,,,,,,,,,
pairwise_similarity,2105,2105,,,,0.928571428571,,,,,,,,,
pairwise_similarity,2105,2105,,,,0.5,,,,,,,,,
pairwise_similarity,2105,2105,,,,0.5,,,,,,,,,
pairwise_similarity,2105,2105,,,,0.428571428571,,,,,,,,,
pairwise_similarity,2105,2105,,,,0.571428571429,,,,,,,,,
pairwise_similarity,2105,2105,,,,0.214285714286,,,,,,,,,
pairwise_similarity,2105,2105,,,,0.5,,,,,,,,,
pairwise_similarity,2105,2105,,,,0.428571428571,,,,,,,,,
pairwise_similarity,2105,2105,,,,0.285714285714,,,,,,,,,
pairwise_similarity,2105,2105,,,,0.857142857143,,,,,,,,,
pairwise_similarity,2105,2105,,,,0.714285714286,,,,,,,,,
pairwise_similarity,2105,2105,,,,0.285714285714,,,,,,,,,
pairwise_similarity,2105,2105,,,,0.357142857143,,,,,,,,,
pairwise_similarity,2105,2105,,,,0.642857142857,,,,,,,,,
pairwise_similarity,2105,2105,,,,0.5,,,,,,,,,
pairwise_similarity,2105,2105,,,,0.357142857143,,,,,,,,,
pairwise_similarity,2105,2105,,,,0.5,,,,,,,,,
pairwise_similarity,2105,2105,,,,0.5,,,,,,,,,
pairwise_similarity,2105,2105,,,,0.642857142857,,,,,,,,,
pairwise_similarity,2105,2105,,,,0.214285714286,,,,,,,,,
pairwise_similarity,2105,2105,,,,0.142857142857,,,,,,,,,
pairwise_similarity,2105,2105,,,,0.357142857143,,,,,,,,,
pairwise_similarity,2105,2105,,,,0.928571428571,,,,,,,,,
pairwise_similarity,2105,2105,,,,0.571428571429,,,,,,,,,
pairwise_similarity,2105,2105,,,,0.642857142857,,,,,,,,,
pairwise_similarity,2105,2105,,,,0.571428571429,,,,,,,,,
pairwise_similarity,2105,2105,,,,0.571428571429,,,,,,,,,
pairwise_similarity,2105,2105,,,,0.5,,,,,,,,,
pairwise_similarity,2105,2105,,,,0.642857142857,,,,,,,,,
pairwise_similarity,2105,2105,,,,0.285714285714,,,,,,,,,
pairwise_similarity,2105,2105,,,,0.571428571429,,,,,,,,,
pairwise_similarity,2105,2105,,,,0.5,,,,,,,,,
pairwise_similarity,2105,2105,,,,0.357142857143,,,,,,,,,
pairwise_similarity,2105,2105,,,,0.928571428571,,,,,,,,,
pairwise_similarity,2105,2105,,,,0.785714285714,,,,,,,,,
pairwise_similarity,2105,2105,,,,0.357142857143,,,,,,,,,
pairwise_similarity,2105,2105,,,,0.428571428571,,,,,,,,,
pairwise_similarity,2105,2105,,,,0.714285714286,,,,,,,,,
pairwise_similarity,2105,2105,,,,0.571428571429,,,,,,,,,
pairwise_similarity,2105,2105,,,,0.428571428571,,,,,,,,,
pairwise_similarity,2105,2105,,,,0.571428571429,,,,,,,,,
pairwise_similarity,2105,2105,,,,0.428571428571,,,,,,,,,
pairwise_similarity,2105,2105,,,,0.714285714286,,,,,,,,,
pairwise_similarity,2105,2105,,,,0.285714285714,,,,,,,,,
pairwise_similarity,2105,2105,,,,0.214285714286,,,,,,,,,
pairwise_similarity,2105,2105,,,,0.428571428571,,,,,,,,,
pairwise_similarity,2105,2105,,,,0.857142857143,,,,,,,,,
pairwise_similarity,2105,2105,,,,0.642857142857,,,,,,,,,
pairwise_similarity,2105,2105,,,,0.714285714286,,,,,,,,,
pairwise_similarity,2105,2105,,,,0.571428571429,,,,,,,,,
pairwise_similarity,2105,2105,,,,0.642857142857,,,,,,,,,
pairwise_similarity,2105,2105,,,,0.785714285714,,,,,,,,,
pairwise_similarity,2105,2105,,,,0.714285714286,,,,,,,,,
pairwise_similarity,2105,2105,,,,0.571428571429,,,,,,,,,
pairwise_similarity,2105,2105,,,,0.642857142857,,,,,,,,,
pairwise_similarity,2105,2105,,,,0.785714285714,,,,,,,,,
pairwise_similarity,2105,2105,,,,0.5,,,,,,,,,
pairwise_similarity,2105,2105,,,,0.785714285714,,,,,,,,,
pairwise_similarity,2105,2105,,,,0.214285714286,,,,,,,,,
pairwise_similarity,2105,2105,,,,0.857142857143,,,,,,,,,
pairwise_similarity,2105,2105,,,,0.857142857143,,,,,,,,,
pairwise_similarity,2105,2105,,,,0.857142857143,,,,,,,,,
pairwise_similarity,2105,2105,,,,0.714285714286,,,,,,,,,
pairwise_similarity,2105,2105,,,,0.714285714286,,,,,,,,,
pairwise_similarity,2105,2105,,,,0.428571428571,,,,,,,,,
pairwise_similarity,2105,2105,,,,0.714285714286,,,,,,,,,
pairwise_similarity,2105,2105,,,,0.428571428571,,,,,,,,,
pairwise_similarity,2105,2105,,,,0.642857142857,,,,,,,,,
pairwise_similarity,2105,2105,,,,0.714285714286,,,,,,,,,
pairwise_similarity,2105,2105,,,,0.571428571429,,,,,,,,,
pairwise_similarity,2105,2105,,,,0.5,,,,,,,,,
pairwise_similarity,2105,2105,,,,0.571428571429,,,,,,,,,
pairwise_similarity,2105,2105,,,,0.928571428571,,,,,,,,,
pairwise_similarity,2105,2105,,,,0.5,,,,,,,,,
pairwise_similarity,2105,2105,,,,0.428571428571,,,,,,,,,
pairwise_similarity,2105,2105,,,,0.571428571429,,,,,,,,,
pairwise_similarity,2105,2105,,,,0.642857142857,,,,,,,,,
pairwise_similarity,2105,2105,,,,0.5,,,,,,,,,
pairwise_similarity,2105,2105,,,,0.5,,,,,,,,,
pairwise_similarity,2105,2105,,,,0.642857142857,,,,,,,,,
pairwise_similarity,2105,2105,,,,0.5,,,,,,,,,
pairwise_similarity,2105,2105,,,,0.571428571429,,,,,,,,,
pairwise_similarity,2105,2105,,,,0.714285714286,,,,,,,,,
pairwise_similarity,2105,2105,,,,0.714285714286,,,,,,,,,
pairwise_similarity,2105,2105,,,,0.571428571429,,,,,,,,,
pairwise_similarity,2105,2105,,,,0.714285714286,,,,,,,,,
pairwise_similarity,2105,2105,,,,0.714285714286,,,,,,,,,
pairwise_similarity,2105,2105,,,,0.571428571429,,,,,,,,,
pairwise_similarity,2105,2105,,,,0.428571428571,,,,,,,,,
pairwise_similarity,2105,2105,,,,0.357142857143,,,,,,,,,
pairwise_similarity,2105,2105,,,,0.714285714286,,,,,,,,,
pairwise_similarity,2105,2105,,,,0.571428571429,,,,,,,,,
pairwise_similarity,2105,2105,,,,0.642857142857,,,,,,,,,
pairwise_similarity,2105,2105,,,,0.857142857143,,,,,,,,,
pairwise_similarity,2105,2105,,,,0.571428571429,,,,,,,,,
pairwise_similarity,2105,2105,,,,0.5,,,,,,,,,
pairwise_similarity,2105,2105,,,,0.5,,,,,,,,,
pairwise_similarity,2105,2105,,,,0.714285714286,,,,,,,,,
pairwise_similarity,2105,2105,,,,0.571428571429,,,,,,,,,
pairwise_similarity,2105,2105,,,,0.428571428571,,,,,,,,,
pairwise_similarity,2105,2105,,,,0.714285714286,,,,,,,,,
pairwise_similarity,2105,2105,,,,0.428571428571,,,,,,,,,
pairwise_similarity,2105,2105,,,,0.642857142857,,,,,,,,,
pairwise_similarity,2105,2105,,,,0.785714285714,,,,,,,,,
pairwise_similarity,2105,2105,,,,0.785714285714,,,,,,,,,
pairwise_similarity,2105,2105,,,,0.642857142857,,,,,,,,,
pairwise_similarity,2105,2105,,,,0.785714285714,,,,,,,,,
pairwise_similarity,2105,2105,,,,0.642857142857,,,,,,,,,
pairwise_similarity,2105,2105,,,,0.642857142857,,,,,,,,,
pairwise_similarity,2105,2105,,,,0.5,,,,,,,,,
pairwise_similarity,2105,2105,,,,0.428571428571,,,,,,,,,
pairwise_similarity,2105,2105,,,,0.785714285714,,,,,,,,,
pairwise_similarity,2105,2105,,,,0.5,,,,,,,,,
pairwise_similarity,2105,2105,,,,0.571428571429,,,,,,,,,
pairwise_similarity,2105,2105,,,,0.785714285714,,,,,,,,,
pairwise_similarity,2105,2105,,,,0.642857142857,,,,,,,,,
pairwise_similarity,2105,2105,,,,0.5,,,,,,,,,
pairwise_similarity,2105,2105,,,,0.714285714286,,,,,,,,,
pairwise_similarity,2105,2105,,,,0.571428571429,,,,,,,,,
pairwise_similarity,2105,2105,,,,0.571428571429,,,,,,,,,
pairwise_similarity,2105,2105,,,,0.857142857143,,,,,,,,,
pairwise_similarity,2105,2105,,,,0.285714285714,,,,,,,,,
pairwise_similarity,2105,2105,,,,0.642857142857,,,,,,,,,
pairwise_similarity,2105,2105,,,,0.785714285714,,,,,,,,,
pairwise_similarity,2105,2105,,,,0.642857142857,,,,,,,,,
pairwise_similarity,2105,2105,,,,0.5,,,,,,,,,
pairwise_similarity,2105,2105,,,,0.642857142857,,,,,,,,,
pairwise_similarity,2105,2105,,,,0.357142857143,,,,,,,,,
pairwise_similarity,2105,2105,,,,0.785714285714,,,,,,,,,
pairwise_similarity,2105,2105,,,,0.357142857143,,,,,,,,,
pairwise_similarity,2105,2105,,,,0.428571428571,,,,,,,,,
pairwise_similarity,2105,2105,,,,0.5,,,,,,,,,
pairwise_similarity,2105,2105,,,,0.5,,,,,,,,,
pairwise_similarity,2105,2105,,,,0.571428571429,,,,,,,,,
pairwise_similarity,2105,2105,,,,0.642857142857,,,,,,,,,
pairwise_similarity,2105,2105,,,,0.285714285714,,,,,,,,,
pairwise_similarity,2105,2105,,,,0.357142857143,,,,,,,,,
pairwise_similarity,2105,2105,,,,0.785714285714,,,,,,,,,
pairwise_similarity,2105,2105,,,,0.214285714286,,,,,,,,,
pairwise_similarity,2105,2105,,,,0.5,,,,,,,,,
pairwise_similarity,2105,2105,,,,0.214285714286,,,,,,,,,
pairwise_similarity,2105,2105,,,,0.714285714286,,,,,,,,,
pairwise_similarity,2105,2105,,,,0.571428571429,,,,,,,,,
pairwise_similarity,2105,2105,,,,0.714285714286,,,,,,,,,
pairwise_similarity,2105,2105,,,,0.714285714286,,,,,,,,,
pairwise_similarity,2105,2105,,,,0.714285714286,,,,,,,,,
pairwise_similarity,2105,2105,,,,0.285714285714,,,,,,,,,
pairwise_similarity,2105,2105,,,,0.571428571429,,,,,,,,,
pairwise_similarity,2105,2105,,,,0.428571428571,,,,,,,,,
pairwise_similarity,2105,2105,,,,0.785714285714,,,,,,,,,
pairwise_similarity,2105,2105,,,,0.571428571429,,,,,,,,,
pairwise_similarity,2105,2105,,,,0.285714285714,,,,,,,,,
pairwise_similarity,2105,2105,,,,0.5,,,,,,,,,
pairwise_similarity,2105,2105,,,,0.285714285714,,,,,,,,,
pairwise_similarity,2105,2105,,,,0.357142857143,,,,,,,,,
pairwise_similarity,2105,2105,,,,0.357142857143,,,,,,,,,
pairwise_similarity,2105,2105,,,,0.642857142857,,,,,,,,,
pairwise_similarity,2105,2105,,,,0.642857142857,,,,,,,,,
pairwise_similarity,2105,2105,,,,0.214285714286,,,,,,,,,
pairwise_similarity,2105,2105,,,,0.571428571429,,,,,,,,,
pairwise_similarity,2105,2105,,,,0.714285714286,,,,,,,,,
pairwise_similarity,2105,2105,,,,0.571428571429,,,,,,,,,
pairwise_similarity,2105,2105,,,,0.571428571429,,,,,,,,,
pairwise_similarity,2105,2105,,,,0.571428571429,,,,,,,,,
pairwise_similarity,2105,2105,,,,0.714285714286,,,,,,,,,
pairwise_similarity,2105,2105,,,,0.571428571429,,,,,,,,,
pairwise_similarity,2105,2105,,,,0.714285714286,,,,,,,,,
pairwise_similarity,2105,2105,,,,0.214285714286,,,,,,,,,
pairwise_similarity,2105,2105,,,,0.428571428571,,,,,,,,,
pairwise_similarity,2105,2105,,,,0.571428571429,,,,,,,,,
pairwise_similarity,2105,2105,,,,0.5,,,,,,,,,
pairwise_similarity,2105,2105,,,,0.571428571429,,,,,,,,,
pairwise_similarity,2105,2105,,,,0.571428571429,,,,,,,,,
pairwise_similarity,2105,2105,,,,0.428571428571,,,,,,,,,
pairwise_similarity,2105,2105,,,,0.714285714286,,,,,,,,,
pairwise_similarity,2105,2105,,,,0.428571428571,,,,,,,,,
pairwise_similarity,2105,2105,,,,0.5,,,,,,,,,
pairwise_similarity,2105,2105,,,,0.642857142857,,,,,,,,,
pairwise_similarity,2105,2105,,,,0.5,,,,,,,,,
pairwise_similarity,2105,2105,,,,0.357142857143,,,,,,,,,
pairwise_similarity,2105,2105,,,,0.5,,,,,,,,,
pairwise_similarity,2105,2105,,,,0.357142857143,,,,,,,,,
pairwise_similarity,2105,2105,,,,0.642857142857,,,,,,,,,
pairwise_similarity,2105,2105,,,,0.357142857143,,,,,,,,,
pairwise_similarity,2105,2105,,,,0.285714285714,,,,,,,,,
pairwise_similarity,2105,2105,,,,0.5,,,,,,,,,
pairwise_similarity,2105,2105,,,,0.357142857143,,,,,,,,,
pairwise_similarity,2105,2105,,,,0.428571428571,,,,,,,,,
pairwise_similarity,2105,2105,,,,0.785714285714,,,,,,,,,
pairwise_similarity,2105,2105,,,,0.285714285714,,,,,,,,,
pairwise_similarity,2105,2105,,,,0.571428571429,,,,,,,,,
pairwise_similarity,2105,2105,,,,0.428571428571,,,,,,,,,
pairwise_similarity,2105,2105,,,,0.642857142857,,,,,,,,,
pairwise_similarity,2105,2105,,,,0.642857142857,,,,,,,,,
pairwise_similarity,2105,2105,,,,0.642857142857,,,,,,,,,
pairwise_similarity,2105,2105,,,,0.642857142857,,,,,,,,,
pairwise_similarity,2105,2105,,,,0.642857142857,,,,,,,,,
pairwise_similarity,2105,2105,,,,0.214285714286,,,,,,,,,
pairwise_similarity,2105,2105,,,,0.642857142857,,,,,,,,,
pairwise_similarity,2105,2105,,,,0.642857142857,,,,,,,,,
pairwise_similarity,2105,2105,,,,0.714285714286,,,,,,,,,
pairwise_similarity,2105,2105,,,,0.642857142857,,,,,,,,,
pairwise_similarity,2105,2105,,,,0.357142857143,,,,,,,,,
pairwise_similarity,2105,2105,,,,0.428571428571,,,,,,,,,
pairwise_similarity,2105,2105,,,,0.5,,,,,,,,,
pairwise_similarity,2105,2105,,,,0.714285714286,,,,,,,,,
pairwise_similarity,2105,2105,,,,0.285714285714,,,,,,,,,
pairwise_similarity,2105,2105,,,,0.357142857143,,,,,,,,,
pairwise_similarity,2105,2105,,,,0.642857142857,,,,,,,,,
pairwise_similarity,2105,2105,,,,0.5,,,,,,,,,
pairwise_similarity,2105,2105,,,,0.357142857143,,,,,,,,,
pairwise_similarity,2105,2105,,,,0.5,,,,,,,,,
pairwise_similarity,2105,2105,,,,0.357142857143,,,,,,,,,
pairwise_similarity,2105,2105,,,,0.642857142857,,,,,,,,,
pairwise_similarity,2105,2105,,,,0.357142857143,,,,,,,,,
pairwise_similarity,2105,2105,,,,0.142857142857,,,,,,,,,
pairwise_similarity,2105,2105,,,,0.357142857143,,,,,,,,,
pairwise_similarity,2105,2105,,,,0.785714285714,,,,,,,,,
pairwise_similarity,2105,2105,,,,0.571428571429,,,,,,,,,
pairwise_similarity,2105,2105,,,,0.642857142857,,,,,,,,,
pairwise_similarity,2105,2105,,,,0.428571428571,,,,,,,,,
pairwise_similarity,2105,2105,,,,0.642857142857,,,,,,,,,
pairwise_similarity,2105,2105,,,,0.928571428571,,,,,,,,,
pairwise_similarity,2105,2105,,,,0.785714285714,,,,,,,,,
pairwise_similarity,2105,2105,,,,0.642857142857,,,,,,,,,
pairwise_similarity,2105,2105,,,,0.785714285714,,,,,,,,,
pairwise_similarity,2105,2105,,,,0.5,,,,,,,,,
pairwise_similarity,2105,2105,,,,0.928571428571,,,,,,,,,
pairwise_similarity,2105,2105,,,,0.5,,,,,,,,,
pairwise_similarity,2105,2105,,,,0.428571428571,,,,,,,,,
pairwise_similarity,2105,2105,,,,0.642857142857,,,,,,,,,
pairwise_similarity,2105,2105,,,,0.642857142857,,,,,,,,,
pairwise_similarity,2105,2105,,,,0.714285714286,,,,,,,,,
pairwise_similarity,2105,2105,,,,0.785714285714,,,,,,,,,
pairwise_similarity,2105,2105,,,,0.0714285714286,,,,,,,,,
pairwise_similarity,2105,2105,,,,0.357142857143,,,,,,,,,
pairwise_similarity,2105,2105,,,,0.214285714286,,,,,,,,,
pairwise_similarity,2105,2105,,,,0.214285714286,,,,,,,,,
pairwise_similarity,2105,2105,,,,0.357142857143,,,,,,,,,
pairwise_similarity,2105,2105,,,,0.214285714286,,,,,,,,,
pairwise_similarity,2105,2105,,,,0.5,,,,,,,,,
pairwise_similarity,2105,2105,,,,0.357142857143,,,,,,,,,
pairwise_similarity,2105,2105,,,,0.142857142857,,,,,,,,,
pairwise_similarity,2105,2105,,,,0.357142857143,,,,,,,,,
pairwise_similarity,2105,2105,,,,0.214285714286,,,,,,,,,
pairwise_similarity,2105,2105,,,,0.571428571429,,,,,,,,,
pairwise_similarity,2105,2105,,,,0.642857142857,,,,,,,,,
pairwise_similarity,2105,2105,,,,0.714285714286,,,,,,,,,
pairwise_similarity,2105,2105,,,,0.857142857143,,,,,,,,,
pairwise_similarity,2105,2105,,,,0.857142857143,,,,,,,,,
pairwise_similarity,2105,2105,,,,0.714285714286,,,,,,,,,
pairwise_similarity,2105,2105,,,,0.571428571429,,,,,,,,,
pairwise_similarity,2105,2105,,,,0.571428571429,,,,,,,,,
pairwise_similarity,2105,2105,,,,0.428571428571,,,,,,,,,
pairwise_similarity,2105,2105,,,,0.642857142857,,,,,,,,,
pairwise_similarity,2105,2105,,,,0.714285714286,,,,,,,,,
pairwise_similarity,2105,2105,,,,0.428571428571,,,,,,,,,
pairwise_similarity,2105,2105,,,,0.5,,,,,,,,,
pairwise_similarity,2105,2105,,,,0.428571428571,,,,,,,,,
pairwise_similarity,2105,2105,,,,0.857142857143,,,,,,,,,
pairwise_similarity,2105,2105,,,,0.714285714286,,,,,,,,,
pairwise_similarity,2105,2105,,,,0.857142857143,,,,,,,,,
pairwise_similarity,2105,2105,,,,0.571428571429,,,,,,,,,
pairwise_similarity,2105,2105,,,,0.857142857143,,,,,,,,,
pairwise_similarity,2105,2105,,,,0.571428571429,,,,,,,,,
pairwise_similarity,2105,2105,,,,0.5,,,,,,,,,
pairwise_similarity,2105,2105,,,,0.714285714286,,,,,,,,,
pairwise_similarity,2105,2105,,,,0.714285714286,,,,,,,,,
pairwise_similarity,2105,2105,,,,0.642857142857,,,,,,,,,
pairwise_similarity,2105,2105,,,,0.714285714286,,,,,,,,,
pairwise_similarity,2105,2105,,,,0.857142857143,,,,,,,,,
pairwise_similarity,2105,2105,,,,0.857142857143,,,,,,,,,
pairwise_similarity,2105,2105,,,,0.571428571429,,,,,,,,,
pairwise_similarity,2105,2105,,,,0.714285714286,,,,,,,,,
pairwise_similarity,2105,2105,,,,0.428571428571,,,,,,,,,
pairwise_similarity,2105,2105,,,,0.642857142857,,,,,,,,,
pairwise_similarity,2105,2105,,,,0.857142857143,,,,,,,,,
pairwise_similarity,2105,2105,,,,0.571428571429,,,,,,,,,
pairwise_similarity,2105,2105,,,,0.642857142857,,,,,,,,,
pairwise_similarity,2105,2105,,,,0.571428571429,,,,,,,,,
pairwise_similarity,2105,2105,,,,0.857142857143,,,,,,,,,
pairwise_similarity,2105,2105,,,,0.571428571429,,,,,,,,,
pairwise_similarity,2105,2105,,,,0.714285714286,,,,,,,,,
pairwise_similarity,2105,2105,,,,0.571428571429,,,,,,,,,
pairwise_similarity,2105,2105,,,,0.642857142857,,,,,,,,,
pairwise_similarity,2105,2105,,,,0.714285714286,,,,,,,,,
pairwise_similarity,2105,2105,,,,0.428571428571,,,,,,,,,
pairwise_similarity,2105,2105,,,,0.642857142857,,,,,,,,,
pairwise_similarity,2105,2105,,,,0.428571428571,,,,,,,,,
pairwise_similarity,2105,2105,,,,0.571428571429,,,,,,,,,
pairwise_similarity,2105,2105,,,,0.857142857143,,,,,,,,,
pairwise_similarity,2105,2105,,,,0.571428571429,,,,,,,,,
pairwise_similarity,2105,2105,,,,0.642857142857,,,,,,,,,
pairwise_similarity,2105,2105,,,,0.714285714286,,,,,,,,,
pairwise_similarity,2105,2105,,,,0.571428571429,,,,,,,,,
pairwise_similarity,2105,2105,,,,0.785714285714,,,,,,,,,
pairwise_similarity,2105,2105,,,,0.571428571429,,,,,,,,,
pairwise_similarity,2105,2105,,,,0.428571428571,,,,,,,,,
pairwise_similarity,2105,2105,,,,0.428571428571,,,,,,,,,
pairwise_similarity,2105,2105,,,,0.214285714286,,,,,,,,,
pairwise_similarity,2105,2105,,,,0.428571428571,,,,,,,,,
pairwise_similarity,2105,2105,,,,0.571428571429,,,,,,,,,
pairwise_similarity,2105,2105,,,,0.5,,,,,,,,,
pairwise_similarity,2105,2105,,,,0.571428571429,,,,,,,,,
pairwise_similarity,2105,2105,,,,0.571428571429,,,,,,,,,
pairwise_similarity,2105,2105,,,,0.5,,,,,,,,,
pairwise_similarity,2105,2105,,,,0.571428571429,,,,,,,,,
pairwise_similarity,2105,2105,,,,0.571428571429,,,,,,,,,
pairwise_similarity,2105,2105,,,,0.785714285714,,,,,,,,,
pairwise_similarity,2105,2105,,,,0.714285714286,,,,,,,,,
pairwise_similarity,2105,2105,,,,0.357142857143,,,,,,,,,
pairwise_similarity,2105,2105,,,,0.428571428571,,,,,,,,,
pairwise_similarity,2105,2105,,,,0.285714285714,,,,,,,,,
pairwise_similarity,2105,2105,,,,0.357142857143,,,,,,,,,
pairwise_similarity,2105,2105,,,,0.428571428571,,,,,,,,,
pairwise_similarity,2105,2105,,,,0.5,,,,,,,,,
pairwise_similarity,2105,2105,,,,0.214285714286,,,,,,,,,
pairwise_similarity,2105,2105,,,,0.428571428571,,,,,,,,,
pairwise_similarity,2105,2105,,,,0.214285714286,,,,,,,,,
pairwise_similarity,2105,2105,,,,0.428571428571,,,,,,,,,
pairwise_similarity,2105,2105,,,,0.642857142857,,,,,,,,,
pairwise_similarity,2105,2105,,,,0.571428571429,,,,,,,,,
pairwise_similarity,2105,2105,,,,0.5,,,,,,,,,
pairwise_similarity,2105,2105,,,,0.571428571429,,,,,,,,,
pairwise_similarity,2105,2105,,,,0.642857142857,,,,,,,,,
exemplar_pair,human,,,,,,3,0,A,B,1,0.785714285714,,,
exemplar_pair,human,,,,,,3,1,A,C,1,0.785714285714,,,
exemplar_pair,human,,,,,,3,2,A,D,1,0.785714285714,,,
exemplar_pair,human,,,,,,3,3,A,E,1,0.785714285714,,,
exemplar_pair,human,,,,,,3,4,A,F,1,0.785714285714,,,
exemplar_pair,human,,,,,,3,5,A,G,1,0.785714285714,,,
exemplar_pair,human,,,,,,3,6,A,H,1,0.785714285714,,,
exemplar_pair,human,,,,,,3,7,B,C,1,0.785714285714,,,
exemplar_pair,human,,,,,,3,8,B,D,0.9,0.785714285714,,,
exemplar_pair,human,,,,,,3,9,B,E,1,0.785714285714,,,
exemplar_pair,human,,,,,,3,10,B,F,1,0.785714285714,,,
exemplar_pair,human,,,,,,3,11,B,G,1,0.785714285714,,,
exemplar_pair,human,,,,,,3,12,B,H,1,0.785714285714,,,
exemplar_pair,human,,,,,,3,13,C,D,0.8,0.785714285714,,,
exemplar_pair,human,,,,,,3,14,C,E,1,0.785714285714,,,
exemplar_pair,human,,,,,,3,15,C,F,0.9,0.785714285714,,,
exemplar_pair,human,,,,,,3,16,C,G,0.9,0.785714285714,,,
exemplar_pair,human,,,,,,3,17,C,H,1,0.785714285714,,,
exemplar_pair,human,,,,,,3,18,D,E,0.9,0.785714285714,,,
exemplar_pair,human,,,,,,3,19,D,F,0.3,0.785714285714,,,
exemplar_pair,human,,,,,,3,20,D,G,1,0.785714285714,,,
exemplar_pair,human,,,,,,3,21,D,H,1,0.785714285714,,,
exemplar_pair,human,,,,,,3,22,E,F,0,0.785714285714,,,
exemplar_pair,human,,,,,,3,23,E,G,0.2,0.785714285714,,,
exemplar_pair,human,,,,,,3,24,E,H,0.9,0.785714285714,,,
exemplar_pair,human,,,,,,3,25,F,G,1,0.785714285714,,,
exemplar_pair,human,,,,,,3,26,F,H,1,0.785714285714,,,
exemplar_pair,human,,,,,,3,27,G,H,0.9,0.785714285714,,,
exemplar_pair,2104,2104,,,,,7,0,A,B,1,0.714285714286,,,
exemplar_pair,2104,2104,,,,,7,1,A,C,1,0.714285714286,,,
exemplar_pair,2104,2104,,,,,7,2,A,D,1,0.714285714286,,,
exemplar_pair,2104,2104,,,,,7,3,A,E,1,0.714285714286,,,
exemplar_pair,2104,2104,,,,,7,4,A,F,1,0.714285714286,,,
exemplar_pair,2104,2104,,,,,7,5,A,G,1,0.714285714286,,,
exemplar_pair,2104,2104,,,,,7,6,A,H,1,0.714285714286,,,
exemplar_pair,2104,2104,,,,,7,7,B,C,1,0.714285714286,,,
exemplar_pair,2104,2104,,,,,7,8,B,D,1,0.714285714286,,,
exemplar_pair,2104,2104,,,,,7,9,B,E,1,0.714285714286,,,
exemplar_pair,2104,2104,,,,,7,10,B,F,1,0.714285714286,,,
exemplar_pair,2104,2104,,,,,7,11,B,G,1,0.714285714286,,,
exemplar_pair,2104,2104,,,,,7,12,B,H,1,0.714285714286,,,
exemplar_pair,2104,2104,,,,,7,13,C,D,0.4,0.714285714286,,,
exemplar_pair,2104,2104,,,,,7,14,C,E,0,0.714285714286,,,
exemplar_pair,2104,2104,,,,,7,15,C,F,1,0.714285714286,,,
exemplar_pair,2104,2104,,,,,7,16,C,G,1,0.714285714286,,,
exemplar_pair,2104,2104,,,,,7,17,C,H,1,0.714285714286,,,
exemplar_pair,2104,2104,,,,,7,18,D,E,0,0.714285714286,,,
exemplar_pair,2104,2104,,,,,7,19,D,F,1,0.714285714286,,,
exemplar_pair,2104,2104,,,,,7,20,D,G,1,0.714285714286,,,
exemplar_pair,2104,2104,,,,,7,21,D,H,1,0.714285714286,,,
exemplar_pair,2104,2104,,,,,7,22,E,F,1,0.714285714286,,,
exemplar_pair,2104,2104,,,,,7,23,E,G,1,0.714285714286,,,
exemplar_pair,2104,2104,,,,,7,24,E,H,1,0.714285714286,,,
exemplar_pair,2104,2104,,,,,7,25,F,G,0,0.714285714286,,,
exemplar_pair,2104,2104,,,,,7,26,F,H,0.8,0.714285714286,,,
exemplar_pair,2104,2104,,,,,7,27,G,H,1,0.714285714286,,,
exemplar_pair,2105,2105,,,,,8,0,A,B,1,0.714285714286,,,
exemplar_pair,2105,2105,,,,,8,1,A,C,1,0.714285714286,,,
exemplar_pair,2105,2105,,,,,8,2,A,D,1,0.714285714286,,,
exemplar_pair,2105,2105,,,,,8,3,A,E,1,0.714285714286,,,
exemplar_pair,2105,2105,,,,,8,4,A,F,1,0.714285714286,,,
exemplar_pair,2105,2105,,,,,8,5,A,G,1,0.714285714286,,,
exemplar_pair,2105,2105,,,,,8,6,A,H,1,0.714285714286,,,
exemplar_pair,2105,2105,,,,,8,7,B,C,1,0.714285714286,,,
exemplar_pair,2105,2105,,,,,8,8,B,D,1,0.714285714286,,,
exemplar_pair,2105,2105,,,,,8,9,B,E,1,0.714285714286,,,
exemplar_pair,2105,2105,,,,,8,10,B,F,1,0.714285714286,,,
exemplar_pair,2105,2105,,,,,8,11,B,G,1,0.714285714286,,,
exemplar_pair,2105,2105,,,,,8,12,B,H,1,0.714285714286,,,
exemplar_pair,2105,2105,,,,,8,13,C,D,1,0.714285714286,,,
exemplar_pair,2105,2105,,,,,8,14,C,E,1,0.714285714286,,,
exemplar_pair,2105,2105,,,,,8,15,C,F,1,0.714285714286,,,
exemplar_pair,2105,2105,,,,,8,16,C,G,1,0.714285714286,,,
exemplar_pair,2105,2105,,,,,8,17,C,H,1,0.714285714286,,,
exemplar_pair,2105,2105,,,,,8,18,D,E,1,0.714285714286,,,
exemplar_pair,2105,2105,,,,,8,19,D,F,1,0.714285714286,,,
exemplar_pair,2105,2105,,,,,8,20,D,G,1,0.714285714286,,,
exemplar_pair,2105,2105,,,,,8,21,D,H,1,0.714285714286,,,
exemplar_pair,2105,2105,,,,,8,22,E,F,0.5,0.714285714286,,,
exemplar_pair,2105,2105,,,,,8,23,E,G,0.9,0.714285714286,,,
exemplar_pair,2105,2105,,,,,8,24,E,H,0.2,0.714285714286,,,
exemplar_pair,2105,2105,,,,,8,25,F,G,0.9,0.714285714286,,,
exemplar_pair,2105,2105,,,,,8,26,F,H,0.3,0.714285714286,,,
exemplar_pair,2105,2105,,,,,8,27,G,H,0.1,0.714285714286,,,
subjective_order,human,,,,,,1,,,,,,0,1,F
subjective_order,human,,,,,,1,,,,,,0,2,G
subjective_order,human,,,,,,1,,,,,,0,3,D
subjective_order,human,,,,,,1,,,,,,0,4,H
subjective_order,human,,,,,,1,,,,,,0,5,E
subjective_order,human,,,,,,1,,,,,,0,6,C
subjective_order,human,,,,,,1,,,,,,0,7,B
subjective_order,human,,,,,,1,,,,,,0,8,A
subjective_order,human,,,,,,2,,,,,,1,1,H
subjective_order,human,,,,,,2,,,,,,1,2,G
subjective_order,human,,,,,,2,,,,,,1,3,F
subjective_order,human,,,,,,2,,,,,,1,4,D
subjective_order,human,,,,,,2,,,,,,1,5,C
subjective_order,human,,,,,,2,,,,,,1,6,E
subjective_order,human,,,,,,2,,,,,,1,7,B
subjective_order,human,,,,,,2,,,,,,1,8,A
subjective_order,human,,,,,,3,,,,,,2,1,H
subjective_order,human,,,,,,3,,,,,,2,2,E
subjective_order,human,,,,,,3,,,,,,2,3,G
subjective_order,human,,,,,,3,,,,,,2,4,D
subjective_order,human,,,,,,3,,,,,,2,5,F
subjective_order,human,,,,,,3,,,,,,2,6,C
subjective_order,human,,,,,,3,,,,,,2,7,B
subjective_order,human,,,,,,3,,,,,,2,8,A
subjective_order,human,,,,,,4,,,,,,3,1,H
subjective_order,human,,,,,,4,,,,,,3,2,A
subjective_order,human,,,,,,4,,,,,,3,3,F
subjective_order,human,,,,,,4,,,,,,3,4,D
subjective_order,human,,,,,,4,,,,,,3,5,G
subjective_order,human,,,,,,4,,,,,,3,6,E
subjective_order,human,,,,,,4,,,,,,3,7,C
subjective_order,human,,,,,,4,,,,,,3,8,B
subjective_order,human,,,,,,5,,,,,,4,1,F
subjective_order,human,,,,,,5,,,,,,4,2,H
subjective_order,human,,,,,,5,,,,,,4,3,D
subjective_order,human,,,,,,5,,,,,,4,4,G
subjective_order,human,,,,,,5,,,,,,4,5,E
subjective_order,human,,,,,,5,,,,,,4,6,A
subjective_order,human,,,,,,5,,,,,,4,7,C
subjective_order,human,,,,,,5,,,,,,4,8,B
subjective_order,human,,,,,,6,,,,,,5,1,H
subjective_order,human,,,,,,6,,,,,,5,2,E
subjective_order,human,,,,,,6,,,,,,5,3,F
subjective_order,human,,,,,,6,,,,,,5,4,G
subjective_order,human,,,,,,6,,,,,,5,5,B
subjective_order,human,,,,,,6,,,,,,5,6,C
subjective_order,human,,,,,,6,,,,,,5,7,D
subjective_order,human,,,,,,6,,,,,,5,8,A
subjective_order,human,,,,,,7,,,,,,6,1,H
subjective_order,human,,,,,,7,,,,,,6,2,G
subjective_order,human,,,,,,7,,,,,,6,3,F
subjective_order,human,,,,,,7,,,,,,6,4,E
subjective_order,human,,,,,,7,,,,,,6,5,C
subjective_order,human,,,,,,7,,,,,,6,6,D
subjective_order,human,,,,,,7,,,,,,6,7,B
subjective_order,human,,,,,,7,,,,,,6,8,A
subjective_order,human,,,,,,8,,,,,,7,1,H
subjective_order,human,,,,,,8,,,,,,7,2,E
subjective_order,human,,,,,,8,,,,,,7,3,F
subjective_order,human,,,,,,8,,,,,,7,4,A
subjective_order,human,,,,,,8,,,,,,7,5,G
subjective_order,human,,,,,,8,,,,,,7,6,C
subjective_order,human,,,,,,8,,,,,,7,7,B
subjective_order,human,,,,,,8,,,,,,7,8,D
subjective_order,human,,,,,,9,,,,,,8,1,H
subjective_order,human,,,,,,9,,,,,,8,2,G
subjective_order,human,,,,,,9,,,,,,8,3,B
subjective_order,human,,,,,,9,,,,,,8,4,F
subjective_order,human,,,,,,9,,,,,,8,5,E
subjective_order,human,,,,,,9,,,,,,8,6,C
subjective_order,human,,,,,,9,,,,,,8,7,D
subjective_order,human,,,,,,9,,,,,,8,8,A
subjective_order,human,,,,,,10,,,,,,9,1,H
subjective_order,human,,,,,,10,,,,,,9,2,F
subjective_order,human,,,,,,10,,,,,,9,3,E
subjective_order,human,,,,,,10,,,,,,9,4,G
subjective_order,human,,,,,,10,,,,,,9,5,D
subjective_order,human,,,,,,10,,,,,,9,6,C
subjective_order,human,,,,,,10,,,,,,9,7,B
subjective_order,human,,,,,,10,,,,,,9,8,A
subjective_order,human,,,,,,11,,,,,,10,1,G
subjective_order,human,,,,,,11,,,,,,10,2,H
subjective_order,human,,,,,,11,,,,,,10,3,F
subjective_order,human,,,,,,11,,,,,,10,4,C
subjective_order,human,,,,,,11,,,,,,10,5,E
subjective_order,human,,,,,,11,,,,,,10,6,D
subjective_order,human,,,,,,11,,,,,,10,7,B
subjective_order,human,,,,,,11,,,,,,10,8,A
subjective_order,human,,,,,,12,,,,,,11,1,H
subjective_order,human,,,,,,12,,,,,,11,2,E
subjective_order,human,,,,,,12,,,,,,11,3,F
subjective_order,human,,,,,,12,,,,,,11,4,G
subjective_order,human,,,,,,12,,,,,,11,5,C
subjective_order,human,,,,,,12,,,,,,11,6,B
subjective_order,human,,,,,,12,,,,,,11,7,A
subjective_order,human,,,,,,12,,,,,,11,8,D
subjective_order,human,,,,,,13,,,,,,12,1,H
subjective_order,human,,,,,,13,,,,,,12,2,G
subjective_order,human,,,,,,13,,,,,,12,3,E
subjective_order,human,,,,,,13,,,,,,12,4,F
subjective_order,human,,,,,,13,,,,,,12,5,D
subjective_order,human,,,,,,13,,,,,,12,6,C
subjective_order,human,,,,,,13,,,,,,12,7,A
subjective_order,human,,,,,,13,,,,,,12,8,B
subjective_order,human,,,,,,16,,,,,,13,1,H
subjective_order,human,,,,,,16,,,,,,13,2,G
subjective_order,human,,,,,,16,,,,,,13,3,F
subjective_order,human,,,,,,16,,,,,,13,4,D
subjective_order,human,,,,,,16,,,,,,13,5,E
subjective_order,human,,,,,,16,,,,,,13,6,A
subjective_order,human,,,,,,16,,,,,,13,7,C
subjective_order,human,,,,,,16,,,,,,13,8,B
subjective_order,human,,,,,,17,,,,,,14,1,H
subjective_order,human,,,,,,17,,,,,,14,2,G
subjective_order,human,,,,,,17,,,,,,14,3,E
subjective_order,human,,,,,,17,,,,,,14,4,F
subjective_order,human,,,,,,17,,,,,,14,5,D
subjective_order,human,,,,,,17,,,,,,14,6,C
subjective_order,human,,,,,,17,,,,,,14,7,B
subjective_order,human,,,,,,17,,,,,,14,8,A
subjective_order,human,,,,,,18,,,,,,15,1,H
subjective_order,human,,,,,,18,,,,,,15,2,F
subjective_order,human,,,,,,18,,,,,,15,3,E
subjective_order,human,,,,,,18,,,,,,15,4,D
subjective_order,human,,,,,,18,,,,,,15,5,C
subjective_order,human,,,,,,18,,,,,,15,6,B
subjective_order,human,,,,,,18,,,,,,15,7,A
subjective_order,human,,,,,,18,,,,,,15,8,G
subjective_order,human,,,,,,20,,,,,,16,1,F
subjective_order,human,,,,,,20,,,,,,16,2,H
subjective_order,human,,,,,,20,,,,,,16,3,G
subjective_order,human,,,,,,20,,,,,,16,4,D
subjective_order,human,,,,,,20,,,,,,16,5,E
subjective_order,human,,,,,,20,,,,,,16,6,C
subjective_order,human,,,,,,20,,,,,,16,7,A
subjective_order,human,,,,,,20,,,,,,16,8,B
subjective_order,human,,,,,,21,,,,,,17,1,H
subjective_order,human,,,,,,21,,,,,,17,2,C
subjective_order,human,,,,,,21,,,,,,17,3,G
subjective_order,human,,,,,,21,,,,,,17,4,E
subjective_order,human,,,,,,21,,,,,,17,5,F
subjective_order,human,,,,,,21,,,,,,17,6,B
subjective_order,human,,,,,,21,,,,,,17,7,D
subjective_order,human,,,,,,21,,,,,,17,8,A
subjective_order,human,,,,,,22,,,,,,18,1,H
subjective_order,human,,,,,,22,,,,,,18,2,F
subjective_order,human,,,,,,22,,,,,,18,3,E
subjective_order,human,,,,,,22,,,,,,18,4,A
subjective_order,human,,,,,,22,,,,,,18,5,G
subjective_order,human,,,,,,22,,,,,,18,6,D
subjective_order,human,,,,,,22,,,,,,18,7,C
subjective_order,human,,,,,,22,,,,,,18,8,B
subjective_order,human,,,,,,23,,,,,,19,1,H
subjective_order,human,,,,,,23,,,,,,19,2,F
subjective_order,human,,,,,,23,,,,,,19,3,E
subjective_order,human,,,,,,23,,,,,,19,4,G
subjective_order,human,,,,,,23,,,,,,19,5,D
subjective_order,human,,,,,,23,,,,,,19,6,C
subjective_order,human,,,,,,23,,,,,,19,7,A
subjective_order,human,,,,,,23,,,,,,19,8,B
subjective_order,human,,,,,,24,,,,,,20,1,H
subjective_order,human,,,,,,24,,,,,,20,2,G
subjective_order,human,,,,,,24,,,,,,20,3,E
subjective_order,human,,,,,,24,,,,,,20,4,D
subjective_order,human,,,,,,24,,,,,,20,5,C
subjective_order,human,,,,,,24,,,,,,20,6,B
subjective_order,human,,,,,,24,,,,,,20,7,A
subjective_order,human,,,,,,24,,,,,,20,8,F
subjective_order,human,,,,,,25,,,,,,21,1,H
subjective_order,human,,,,,,25,,,,,,21,2,F
subjective_order,human,,,,,,25,,,,,,21,3,E
subjective_order,human,,,,,,25,,,,,,21,4,A
subjective_order,human,,,,,,25,,,,,,21,5,G
subjective_order,human,,,,,,25,,,,,,21,6,D
subjective_order,human,,,,,,25,,,,,,21,7,C
subjective_order,human,,,,,,25,,,,,,21,8,B
subjective_order,human,,,,,,26,,,,,,22,1,G
subjective_order,human,,,,,,26,,,,,,22,2,F
subjective_order,human,,,,,,26,,,,,,22,3,D
subjective_order,human,,,,,,26,,,,,,22,4,H
subjective_order,human,,,,,,26,,,,,,22,5,E
subjective_order,human,,,,,,26,,,,,,22,6,C
subjective_order,human,,,,,,26,,,,,,22,7,B
subjective_order,human,,,,,,26,,,,,,22,8,A
subjective_order,human,,,,,,27,,,,,,23,1,G
subjective_order,human,,,,,,27,,,,,,23,2,H
subjective_order,human,,,,,,27,,,,,,23,3,E
subjective_order,human,,,,,,27,,,,,,23,4,F
subjective_order,human,,,,,,27,,,,,,23,5,D
subjective_order,human,,,,,,27,,,,,,23,6,C
subjective_order,human,,,,,,27,,,,,,23,7,B
subjective_order,human,,,,,,27,,,,,,23,8,A
subjective_order,human,,,,,,28,,,,,,24,1,H
subjective_order,human,,,,,,28,,,,,,24,2,E
subjective_order,human,,,,,,28,,,,,,24,3,G
subjective_order,human,,,,,,28,,,,,,24,4,C
subjective_order,human,,,,,,28,,,,,,24,5,F
subjective_order,human,,,,,,28,,,,,,24,6,D
subjective_order,human,,,,,,28,,,,,,24,7,B
subjective_order,human,,,,,,28,,,,,,24,8,A
subjective_order,human,,,,,,29,,,,,,25,1,G
subjective_order,human,,,,,,29,,,,,,25,2,H
subjective_order,human,,,,,,29,,,,,,25,3,F
subjective_order,human,,,,,,29,,,,,,25,4,D
subjective_order,human,,,,,,29,,,,,,25,5,E
subjective_order,human,,,,,,29,,,,,,25,6,C
subjective_order,human,,,,,,29,,,,,,25,7,B
subjective_order,human,,,,,,29,,,,,,25,8,A
subjective_order,human,,,,,,30,,,,,,26,1,H
subjective_order,human,,,,,,30,,,,,,26,2,F
subjective_order,human,,,,,,30,,,,,,26,3,D
subjective_order,human,,,,,,30,,,,,,26,4,A
subjective_order,human,,,,,,30,,,,,,26,5,G
subjective_order,human,,,,,,30,,,,,,26,6,C
subjective_order,human,,,,,,30,,,,,,26,7,E
subjective_order,human,,,,,,30,,,,,,26,8,B
subjective_order,human,,,,,,31,,,,,,27,1,H
subjective_order,human,,,,,,31,,,,,,27,2,E
subjective_order,human,,,,,,31,,,,,,27,3,D
subjective_order,human,,,,,,31,,,,,,27,4,G
subjective_order,human,,,,,,31,,,,,,27,5,C
subjective_order,human,,,,,,31,,,,,,27,6,F
subjective_order,human,,,,,,31,,,,,,27,7,B
subjective_order,human,,,,,,31,,,,,,27,8,A
subjective_order,human,,,,,,32,,,,,,28,1,H
subjective_order,human,,,,,,32,,,,,,28,2,G
subjective_order,human,,,,,,32,,,,,,28,3,F
subjective_order,human,,,,,,32,,,,,,28,4,D
subjective_order,human,,,,,,32,,,,,,28,5,E
subjective_order,human,,,,,,32,,,,,,28,6,C
subjective_order,human,,,,,,32,,,,,,28,7,B
subjective_order,human,,,,,,32,,,,,,28,8,A
subjective_order,human,,,,,,33,,,,,,29,1,H
subjective_order,human,,,,,,33,,,,,,29,2,F
subjective_order,human,,,,,,33,,,,,,29,3,E
subjective_order,human,,,,,,33,,,,,,29,4,G
subjective_order,human,,,,,,33,,,,,,29,5,C
subjective_order,human,,,,,,33,,,,,,29,6,D
subjective_order,human,,,,,,33,,,,,,29,7,B
subjective_order,human,,,,,,33,,,,,,29,8,A
subjective_order,human,,,,,,34,,,,,,30,1,G
subjective_order,human,,,,,,34,,,,,,30,2,H
subjective_order,human,,,,,,34,,,,,,30,3,F
subjective_order,human,,,,,,34,,,,,,30,4,E
subjective_order,human,,,,,,34,,,,,,30,5,D
subjective_order,human,,,,,,34,,,,,,30,6,C
subjective_order,human,,,,,,34,,,,,,30,7,B
subjective_order,human,,,,,,34,,,,,,30,8,A
subjective_order,human,,,,,,35,,,,,,31,1,H
subjective_order,human,,,,,,35,,,,,,31,2,F
subjective_order,human,,,,,,35,,,,,,31,3,G
subjective_order,human,,,,,,35,,,,,,31,4,D
subjective_order,human,,,,,,35,,,,,,31,5,C
subjective_order,human,,,,,,35,,,,,,31,6,E
subjective_order,human,,,,,,35,,,,,,31,7,B
subjective_order,human,,,,,,35,,,,,,31,8,A
subjective_order,human,,,,,,36,,,,,,32,1,H
subjective_order,human,,,,,,36,,,,,,32,2,F
subjective_order,human,,,,,,36,,,,,,32,3,E
subjective_order,human,,,,,,36,,,,,,32,4,D
subjective_order,human,,,,,,36,,,,,,32,5,G
subjective_order,human,,,,,,36,,,,,,32,6,C
subjective_order,human,,,,,,36,,,,,,32,7,B
subjective_order,human,,,,,,36,,,,,,32,8,A
subjective_order,human,,,,,,37,,,,,,33,1,H
subjective_order,human,,,,,,37,,,,,,33,2,G
subjective_order,human,,,,,,37,,,,,,33,3,E
subjective_order,human,,,,,,37,,,,,,33,4,C
subjective_order,human,,,,,,37,,,,,,33,5,B
subjective_order,human,,,,,,37,,,,,,33,6,F
subjective_order,human,,,,,,37,,,,,,33,7,D
subjective_order,human,,,,,,37,,,,,,33,8,A
subjective_order,human,,,,,,38,,,,,,34,1,F
subjective_order,human,,,,,,38,,,,,,34,2,H
subjective_order,human,,,,,,38,,,,,,34,3,D
subjective_order,human,,,,,,38,,,,,,34,4,E
subjective_order,human,,,,,,38,,,,,,34,5,G
subjective_order,human,,,,,,38,,,,,,34,6,C
subjective_order,human,,,,,,38,,,,,,34,7,B
subjective_order,human,,,,,,38,,,,,,34,8,A
subjective_order,human,,,,,,39,,,,,,35,1,H
subjective_order,human,,,,,,39,,,,,,35,2,G
subjective_order,human,,,,,,39,,,,,,35,3,E
subjective_order,human,,,,,,39,,,,,,35,4,B
subjective_order,human,,,,,,39,,,,,,35,5,F
subjective_order,human,,,,,,39,,,,,,35,6,C
subjective_order,human,,,,,,39,,,,,,35,7,D
subjective_order,human,,,,,,39,,,,,,35,8,A
subjective_order,human,,,,,,40,,,,,,36,1,H
subjective_order,human,,,,,,40,,,,,,36,2,G
subjective_order,human,,,,,,40,,,,,,36,3,F
subjective_order,human,,,,,,40,,,,,,36,4,E
subjective_order,human,,,,,,40,,,,,,36,5,D
subjective_order,human,,,,,,40,,,,,,36,6,A
subjective_order,human,,,,,,40,,,,,,36,7,C
subjective_order,human,,,,,,40,,,,,,36,8,B
subjective_order,human,,,,,,41,,,,,,37,1,H
subjective_order,human,,,,,,41,,,,,,37,2,F
subjective_order,human,,,,,,41,,,,,,37,3,G
subjective_order,human,,,,,,41,,,,,,37,4,E
subjective_order,human,,,,,,41,,,,,,37,5,D
subjective_order,human,,,,,,41,,,,,,37,6,C
subjective_order,human,,,,,,41,,,,,,37,7,B
subjective_order,human,,,,,,41,,,,,,37,8,A
subjective_order,human,,,,,,42,,,,,,38,1,H
subjective_order,human,,,,,,42,,,,,,38,2,G
subjective_order,human,,,,,,42,,,,,,38,3,E
subjective_order,human,,,,,,42,,,,,,38,4,B
subjective_order,human,,,,,,42,,,,,,38,5,C
subjective_order,human,,,,,,42,,,,,,38,6,F
subjective_order,human,,,,,,42,,,,,,38,7,D
subjective_order,human,,,,,,42,,,,,,38,8,A
subjective_order,human,,,,,,43,,,,,,39,1,H
subjective_order,human,,,,,,43,,,,,,39,2,G
subjective_order,human,,,,,,43,,,,,,39,3,F
subjective_order,human,,,,,,43,,,,,,39,4,D
subjective_order,human,,,,,,43,,,,,,39,5,E
subjective_order,human,,,,,,43,,,,,,39,6,B
subjective_order,human,,,,,,43,,,,,,39,7,C
subjective_order,human,,,,,,43,,,,,,39,8,A
subjective_order,human,,,,,,44,,,,,,40,1,G
subjective_order,human,,,,,,44,,,,,,40,2,F
subjective_order,human,,,,,,44,,,,,,40,3,H
subjective_order,human,,,,,,44,,,,,,40,4,E
subjective_order,human,,,,,,44,,,,,,40,5,D
subjective_order,human,,,,,,44,,,,,,40,6,C
subjective_order,human,,,,,,44,,,,,,40,7,B
subjective_order,human,,,,,,44,,,,,,40,8,A
subjective_order,human,,,,,,45,,,,,,41,1,H
subjective_order,human,,,,,,45,,,,,,41,2,F
subjective_order,human,,,,,,45,,,,,,41,3,E
subjective_order,human,,,,,,45,,,,,,41,4,G
subjective_order,human,,,,,,45,,,,,,41,5,D
subjective_order,human,,,,,,45,,,,,,41,6,C
subjective_order,human,,,,,,45,,,,,,41,7,B
subjective_order,human,,,,,,45,,,,,,41,8,A
subjective_order,human,,,,,,46,,,,,,42,1,H
subjective_order,human,,,,,,46,,,,,,42,2,F
subjective_order,human,,,,,,46,,,,,,42,3,E
subjective_order,human,,,,,,46,,,,,,42,4,G
subjective_order,human,,,,,,46,,,,,,42,5,D
subjective_order,human,,,,,,46,,,,,,42,6,C
subjective_order,human,,,,,,46,,,,,,42,7,B
subjective_order,human,,,,,,46,,,,,,42,8,A
subjective_order,human,,,,,,47,,,,,,43,1,H
subjective_order,human,,,,,,47,,,,,,43,2,G
subjective_order,human,,,,,,47,,,,,,43,3,E
subjective_order,human,,,,,,47,,,,,,43,4,F
subjective_order,human,,,,,,47,,,,,,43,5,C
subjective_order,human,,,,,,47,,,,,,43,6,D
subjective_order,human,,,,,,47,,,,,,43,7,B
subjective_order,human,,,,,,47,,,,,,43,8,A
subjective_order,human,,,,,,48,,,,,,44,1,G
subjective_order,human,,,,,,48,,,,,,44,2,D
subjective_order,human,,,,,,48,,,,,,44,3,H
subjective_order,human,,,,,,48,,,,,,44,4,F
subjective_order,human,,,,,,48,,,,,,44,5,E
subjective_order,human,,,,,,48,,,,,,44,6,C
subjective_order,human,,,,,,48,,,,,,44,7,B
subjective_order,human,,,,,,48,,,,,,44,8,A
subjective_order,human,,,,,,49,,,,,,45,1,H
subjective_order,human,,,,,,49,,,,,,45,2,F
subjective_order,human,,,,,,49,,,,,,45,3,G
subjective_order,human,,,,,,49,,,,,,45,4,B
subjective_order,human,,,,,,49,,,,,,45,5,E
subjective_order,human,,,,,,49,,,,,,45,6,C
subjective_order,human,,,,,,49,,,,,,45,7,D
subjective_order,human,,,,,,49,,,,,,45,8,A
subjective_order,human,,,,,,51,,,,,,46,1,H
subjective_order,human,,,,,,51,,,,,,46,2,G
subjective_order,human,,,,,,51,,,,,,46,3,F
subjective_order,human,,,,,,51,,,,,,46,4,D
subjective_order,human,,,,,,51,,,,,,46,5,E
subjective_order,human,,,,,,51,,,,,,46,6,C
subjective_order,human,,,,,,51,,,,,,46,7,B
subjective_order,human,,,,,,51,,,,,,46,8,A
subjective_order,human,,,,,,52,,,,,,47,1,G
subjective_order,human,,,,,,52,,,,,,47,2,H
subjective_order,human,,,,,,52,,,,,,47,3,F
subjective_order,human,,,,,,52,,,,,,47,4,E
subjective_order,human,,,,,,52,,,,,,47,5,D
subjective_order,human,,,,,,52,,,,,,47,6,C
subjective_order,human,,,,,,52,,,,,,47,7,A
subjective_order,human,,,,,,52,,,,,,47,8,B
subjective_order,human,,,,,,53,,,,,,48,1,G
subjective_order,human,,,,,,53,,,,,,48,2,H
subjective_order,human,,,,,,53,,,,,,48,3,F
subjective_order,human,,,,,,53,,,,,,48,4,D
subjective_order,human,,,,,,53,,,,,,48,5,B
subjective_order,human,,,,,,53,,,,,,48,6,C
subjective_order,human,,,,,,53,,,,,,48,7,E
subjective_order,human,,,,,,53,,,,,,48,8,A
subjective_order,human,,,,,,54,,,,,,49,1,H
subjective_order,human,,,,,,54,,,,,,49,2,G
subjective_order,human,,,,,,54,,,,,,49,3,E
subjective_order,human,,,,,,54,,,,,,49,4,C
subjective_order,human,,,,,,54,,,,,,49,5,B
subjective_order,human,,,,,,54,,,,,,49,6,F
subjective_order,human,,,,,,54,,,,,,49,7,D
subjective_order,human,,,,,,54,,,,,,49,8,A
subjective_order,human,,,,,,55,,,,,,50,1,G
subjective_order,human,,,,,,55,,,,,,50,2,H
subjective_order,human,,,,,,55,,,,,,50,3,F
subjective_order,human,,,,,,55,,,,,,50,4,E
subjective_order,human,,,,,,55,,,,,,50,5,D
subjective_order,human,,,,,,55,,,,,,50,6,C
subjective_order,human,,,,,,55,,,,,,50,7,B
subjective_order,human,,,,,,55,,,,,,50,8,A
subjective_order,human,,,,,,57,,,,,,51,1,E
subjective_order,human,,,,,,57,,,,,,51,2,H
subjective_order,human,,,,,,57,,,,,,51,3,F
subjective_order,human,,,,,,57,,,,,,51,4,G
subjective_order,human,,,,,,57,,,,,,51,5,C
subjective_order,human,,,,,,57,,,,,,51,6,B
subjective_order,human,,,,,,57,,,,,,51,7,D
subjective_order,human,,,,,,57,,,,,,51,8,A
subjective_order,human,,,,,,58,,,,,,52,1,H
subjective_order,human,,,,,,58,,,,,,52,2,G
subjective_order,human,,,,,,58,,,,,,52,3,F
subjective_order,human,,,,,,58,,,,,,52,4,D
subjective_order,human,,,,,,58,,,,,,52,5,E
subjective_order,human,,,,,,58,,,,,,52,6,B
subjective_order,human,,,,,,58,,,,,,52,7,C
subjective_order,human,,,,,,58,,,,,,52,8,A
subjective_order,human,,,,,,60,,,,,,53,1,G
subjective_order,human,,,,,,60,,,,,,53,2,H
subjective_order,human,,,,,,60,,,,,,53,3,E
subjective_order,human,,,,,,60,,,,,,53,4,F
subjective_order,human,,,,,,60,,,,,,53,5,D
subjective_order,human,,,,,,60,,,,,,53,6,C
subjective_order,human,,,,,,60,,,,,,53,7,B
subjective_order,human,,,,,,60,,,,,,53,8,A
subjective_order,human,,,,,,61,,,,,,54,1,H
subjective_order,human,,,,,,61,,,,,,54,2,G
subjective_order,human,,,,,,61,,,,,,54,3,E
subjective_order,human,,,,,,61,,,,,,54,4,C
subjective_order,human,,,,,,61,,,,,,54,5,F
subjective_order,human,,,,,,61,,,,,,54,6,B
subjective_order,human,,,,,,61,,,,,,54,7,A
subjective_order,human,,,,,,61,,,,,,54,8,D
subjective_order,human,,,,,,63,,,,,,55,1,F
subjective_order,human,,,,,,63,,,,,,55,2,G
subjective_order,human,,,,,,63,,,,,,55,3,D
subjective_order,human,,,,,,63,,,,,,55,4,H
subjective_order,human,,,,,,63,,,,,,55,5,A
subjective_order,human,,,,,,63,,,,,,55,6,E
subjective_order,human,,,,,,63,,,,,,55,7,C
subjective_order,human,,,,,,63,,,,,,55,8,B
subjective_order,human,,,,,,64,,,,,,56,1,H
subjective_order,human,,,,,,64,,,,,,56,2,G
subjective_order,human,,,,,,64,,,,,,56,3,E
subjective_order,human,,,,,,64,,,,,,56,4,F
subjective_order,human,,,,,,64,,,,,,56,5,D
subjective_order,human,,,,,,64,,,,,,56,6,C
subjective_order,human,,,,,,64,,,,,,56,7,B
subjective_order,human,,,,,,64,,,,,,56,8,A
subjective_order,human,,,,,,65,,,,,,57,1,H
subjective_order,human,,,,,,65,,,,,,57,2,G
subjective_order,human,,,,,,65,,,,,,57,3,F
subjective_order,human,,,,,,65,,,,,,57,4,C
subjective_order,human,,,,,,65,,,,,,57,5,D
subjective_order,human,,,,,,65,,,,,,57,6,E
subjective_order,human,,,,,,65,,,,,,57,7,B
subjective_order,human,,,,,,65,,,,,,57,8,A
subjective_order,human,,,,,,66,,,,,,58,1,H
subjective_order,human,,,,,,66,,,,,,58,2,E
subjective_order,human,,,,,,66,,,,,,58,3,C
subjective_order,human,,,,,,66,,,,,,58,4,B
subjective_order,human,,,,,,66,,,,,,58,5,G
subjective_order,human,,,,,,66,,,,,,58,6,D
subjective_order,human,,,,,,66,,,,,,58,7,F
subjective_order,human,,,,,,66,,,,,,58,8,A
subjective_order,human,,,,,,67,,,,,,59,1,H
subjective_order,human,,,,,,67,,,,,,59,2,E
subjective_order,human,,,,,,67,,,,,,59,3,C
subjective_order,human,,,,,,67,,,,,,59,4,B
subjective_order,human,,,,,,67,,,,,,59,5,G
subjective_order,human,,,,,,67,,,,,,59,6,F
subjective_order,human,,,,,,67,,,,,,59,7,D
subjective_order,human,,,,,,67,,,,,,59,8,A
subjective_order,human,,,,,,68,,,,,,60,1,G
subjective_order,human,,,,,,68,,,,,,60,2,F
subjective_order,human,,,,,,68,,,,,,60,3,H
subjective_order,human,,,,,,68,,,,,,60,4,A
subjective_order,human,,,,,,68,,,,,,60,5,E
subjective_order,human,,,,,,68,,,,,,60,6,D
subjective_order,human,,,,,,68,,,,,,60,7,C
subjective_order,human,,,,,,68,,,,,,60,8,B
subjective_order,human,,,,,,69,,,,,,61,1,H
subjective_order,human,,,,,,69,,,,,,61,2,E
subjective_order,human,,,,,,69,,,,,,61,3,G
subjective_order,human,,,,,,69,,,,,,61,4,F
subjective_order,human,,,,,,69,,,,,,61,5,D
subjective_order,human,,,,,,69,,,,,,61,6,C
subjective_order,human,,,,,,69,,,,,,61,7,B
subjective_order,human,,,,,,69,,,,,,61,8,A
subjective_order,human,,,,,,71,,,,,,62,1,G
subjective_order,human,,,,,,71,,,,,,62,2,H
subjective_order,human,,,,,,71,,,,,,62,3,C
subjective_order,human,,,,,,71,,,,,,62,4,D
subjective_order,human,,,,,,71,,,,,,62,5,E
subjective_order,human,,,,,,71,,,,,,62,6,B
subjective_order,human,,,,,,71,,,,,,62,7,F
subjective_order,human,,,,,,71,,,,,,62,8,A
subjective_order,human,,,,,,72,,,,,,63,1,H
subjective_order,human,,,,,,72,,,,,,63,2,E
subjective_order,human,,,,,,72,,,,,,63,3,C
subjective_order,human,,,,,,72,,,,,,63,4,D
subjective_order,human,,,,,,72,,,,,,63,5,B
subjective_order,human,,,,,,72,,,,,,63,6,F
subjective_order,human,,,,,,72,,,,,,63,7,A
subjective_order,human,,,,,,72,,,,,,63,8,G
subjective_order,human,,,,,,73,,,,,,64,1,H
subjective_order,human,,,,,,73,,,,,,64,2,G
subjective_order,human,,,,,,73,,,,,,64,3,E
subjective_order,human,,,,,,73,,,,,,64,4,F
subjective_order,human,,,,,,73,,,,,,64,5,D
subjective_order,human,,,,,,73,,,,,,64,6,C
subjective_order,human,,,,,,73,,,,,,64,7,B
subjective_order,human,,,,,,73,,,,,,64,8,A
subjective_order,human,,,,,,74,,,,,,65,1,H
subjective_order,human,,,,,,74,,,,,,65,2,E
subjective_order,human,,,,,,74,,,,,,65,3,F
subjective_order,human,,,,,,74,,,,,,65,4,D
subjective_order,human,,,,,,74,,,,,,65,5,C
subjective_order,human,,,,,,74,,,,,,65,6,G
subjective_order,human,,,,,,74,,,,,,65,7,B
subjective_order,human,,,,,,74,,,,,,65,8,A
subjective_order,human,,,,,,75,,,,,,66,1,H
subjective_order,human,,,,,,75,,,,,,66,2,G
subjective_order,human,,,,,,75,,,,,,66,3,E
subjective_order,human,,,,,,75,,,,,,66,4,F
subjective_order,human,,,,,,75,,,,,,66,5,D
subjective_order,human,,,,,,75,,,,,,66,6,C
subjective_order,human,,,,,,75,,,,,,66,7,B
subjective_order,human,,,,,,75,,,,,,66,8,A
subjective_order,human,,,,,,76,,,,,,67,1,F
subjective_order,human,,,,,,76,,,,,,67,2,H
subjective_order,human,,,,,,76,,,,,,67,3,E
subjective_order,human,,,,,,76,,,,,,67,4,G
subjective_order,human,,,,,,76,,,,,,67,5,D
subjective_order,human,,,,,,76,,,,,,67,6,C
subjective_order,human,,,,,,76,,,,,,67,7,B
subjective_order,human,,,,,,76,,,,,,67,8,A
subjective_order,human,,,,,,77,,,,,,68,1,H
subjective_order,human,,,,,,77,,,,,,68,2,F
subjective_order,human,,,,,,77,,,,,,68,3,G
subjective_order,human,,,,,,77,,,,,,68,4,D
subjective_order,human,,,,,,77,,,,,,68,5,A
subjective_order,human,,,,,,77,,,,,,68,6,E
subjective_order,human,,,,,,77,,,,,,68,7,C
subjective_order,human,,,,,,77,,,,,,68,8,B
subjective_order,2104,2104,,,,,1,,,,,,0,1,H
subjective_order,2104,2104,,,,,1,,,,,,0,2,G
subjective_order,2104,2104,,,,,1,,,,,,0,3,A
subjective_order,2104,2104,,,,,1,,,,,,0,4,E
subjective_order,2104,2104,,,,,1,,,,,,0,5,F
subjective_order,2104,2104,,,,,1,,,,,,0,6,C
subjective_order,2104,2104,,,,,1,,,,,,0,7,D
subjective_order,2104,2104,,,,,1,,,,,,0,8,B
subjective_order,2104,2104,,,,,2,,,,,,1,1,F
subjective_order,2104,2104,,,,,2,,,,,,1,2,G
subjective_order,2104,2104,,,,,2,,,,,,1,3,D
subjective_order,2104,2104,,,,,2,,,,,,1,4,H
subjective_order,2104,2104,,,,,2,,,,,,1,5,C
subjective_order,2104,2104,,,,,2,,,,,,1,6,E
subjective_order,2104,2104,,,,,2,,,,,,1,7,A
subjective_order,2104,2104,,,,,2,,,,,,1,8,B
subjective_order,2104,2104,,,,,3,,,,,,2,1,H
subjective_order,2104,2104,,,,,3,,,,,,2,2,E
subjective_order,2104,2104,,,,,3,,,,,,2,3,G
subjective_order,2104,2104,,,,,3,,,,,,2,4,F
subjective_order,2104,2104,,,,,3,,,,,,2,5,C
subjective_order,2104,2104,,,,,3,,,,,,2,6,D
subjective_order,2104,2104,,,,,3,,,,,,2,7,A
subjective_order,2104,2104,,,,,3,,,,,,2,8,B
subjective_order,2104,2104,,,,,4,,,,,,3,1,G
subjective_order,2104,2104,,,,,4,,,,,,3,2,H
subjective_order,2104,2104,,,,,4,,,,,,3,3,E
subjective_order,2104,2104,,,,,4,,,,,,3,4,F
subjective_order,2104,2104,,,,,4,,,,,,3,5,D
subjective_order,2104,2104,,,,,4,,,,,,3,6,C
subjective_order,2104,2104,,,,,4,,,,,,3,7,B
subjective_order,2104,2104,,,,,4,,,,,,3,8,A
subjective_order,2104,2104,,,,,5,,,,,,4,1,H
subjective_order,2104,2104,,,,,5,,,,,,4,2,F
subjective_order,2104,2104,,,,,5,,,,,,4,3,G
subjective_order,2104,2104,,,,,5,,,,,,4,4,E
subjective_order,2104,2104,,,,,5,,,,,,4,5,C
subjective_order,2104,2104,,,,,5,,,,,,4,6,D
subjective_order,2104,2104,,,,,5,,,,,,4,7,B
subjective_order,2104,2104,,,,,5,,,,,,4,8,A
subjective_order,2104,2104,,,,,6,,,,,,5,1,H
subjective_order,2104,2104,,,,,6,,,,,,5,2,E
subjective_order,2104,2104,,,,,6,,,,,,5,3,C
subjective_order,2104,2104,,,,,6,,,,,,5,4,G
subjective_order,2104,2104,,,,,6,,,,,,5,5,F
subjective_order,2104,2104,,,,,6,,,,,,5,6,D
subjective_order,2104,2104,,,,,6,,,,,,5,7,B
subjective_order,2104,2104,,,,,6,,,,,,5,8,A
subjective_order,2104,2104,,,,,7,,,,,,6,1,H
subjective_order,2104,2104,,,,,7,,,,,,6,2,F
subjective_order,2104,2104,,,,,7,,,,,,6,3,G
subjective_order,2104,2104,,,,,7,,,,,,6,4,C
subjective_order,2104,2104,,,,,7,,,,,,6,5,D
subjective_order,2104,2104,,,,,7,,,,,,6,6,E
subjective_order,2104,2104,,,,,7,,,,,,6,7,B
subjective_order,2104,2104,,,,,7,,,,,,6,8,A
subjective_order,2104,2104,,,,,8,,,,,,7,1,G
subjective_order,2104,2104,,,,,8,,,,,,7,2,F
subjective_order,2104,2104,,,,,8,,,,,,7,3,E
subjective_order,2104,2104,,,,,8,,,,,,7,4,H
subjective_order,2104,2104,,,,,8,,,,,,7,5,D
subjective_order,2104,2104,,,,,8,,,,,,7,6,C
subjective_order,2104,2104,,,,,8,,,,,,7,7,B
subjective_order,2104,2104,,,,,8,,,,,,7,8,A
subjective_order,2104,2104,,,,,9,,,,,,8,1,E
subjective_order,2104,2104,,,,,9,,,,,,8,2,G
subjective_order,2104,2104,,,,,9,,,,,,8,3,F
subjective_order,2104,2104,,,,,9,,,,,,8,4,H
subjective_order,2104,2104,,,,,9,,,,,,8,5,C
subjective_order,2104,2104,,,,,9,,,,,,8,6,A
subjective_order,2104,2104,,,,,9,,,,,,8,7,B
subjective_order,2104,2104,,,,,9,,,,,,8,8,D
subjective_order,2104,2104,,,,,10,,,,,,9,1,H
subjective_order,2104,2104,,,,,10,,,,,,9,2,G
subjective_order,2104,2104,,,,,10,,,,,,9,3,A
subjective_order,2104,2104,,,,,10,,,,,,9,4,E
subjective_order,2104,2104,,,,,10,,,,,,9,5,D
subjective_order,2104,2104,,,,,10,,,,,,9,6,F
subjective_order,2104,2104,,,,,10,,,,,,9,7,C
subjective_order,2104,2104,,,,,10,,,,,,9,8,B
subjective_order,2104,2104,,,,,11,,,,,,10,1,G
subjective_order,2104,2104,,,,,11,,,,,,10,2,H
subjective_order,2104,2104,,,,,11,,,,,,10,3,F
subjective_order,2104,2104,,,,,11,,,,,,10,4,D
subjective_order,2104,2104,,,,,11,,,,,,10,5,E
subjective_order,2104,2104,,,,,11,,,,,,10,6,C
subjective_order,2104,2104,,,,,11,,,,,,10,7,B
subjective_order,2104,2104,,,,,11,,,,,,10,8,A
subjective_order,2104,2104,,,,,12,,,,,,11,1,H
subjective_order,2104,2104,,,,,12,,,,,,11,2,F
subjective_order,2104,2104,,,,,12,,,,,,11,3,G
subjective_order,2104,2104,,,,,12,,,,,,11,4,D
subjective_order,2104,2104,,,,,12,,,,,,11,5,E
subjective_order,2104,2104,,,,,12,,,,,,11,6,C
subjective_order,2104,2104,,,,,12,,,,,,11,7,B
subjective_order,2104,2104,,,,,12,,,,,,11,8,A
subjective_order,2104,2104,,,,,13,,,,,,12,1,H
subjective_order,2104,2104,,,,,13,,,,,,12,2,F
subjective_order,2104,2104,,,,,13,,,,,,12,3,G
subjective_order,2104,2104,,,,,13,,,,,,12,4,E
subjective_order,2104,2104,,,,,13,,,,,,12,5,D
subjective_order,2104,2104,,,,,13,,,,,,12,6,B
subjective_order,2104,2104,,,,,13,,,,,,12,7,A
subjective_order,2104,2104,,,,,13,,,,,,12,8,C
subjective_order,2104,2104,,,,,14,,,,,,13,1,H
subjective_order,2104,2104,,,,,14,,,,,,13,2,G
subjective_order,2104,2104,,,,,14,,,,,,13,3,F
subjective_order,2104,2104,,,,,14,,,,,,13,4,E
subjective_order,2104,2104,,,,,14,,,,,,13,5,C
subjective_order,2104,2104,,,,,14,,,,,,13,6,D
subjective_order,2104,2104,,,,,14,,,,,,13,7,B
subjective_order,2104,2104,,,,,14,,,,,,13,8,A
subjective_order,2104,2104,,,,,15,,,,,,14,1,H
subjective_order,2104,2104,,,,,15,,,,,,14,2,G
subjective_order,2104,2104,,,,,15,,,,,,14,3,E
subjective_order,2104,2104,,,,,15,,,,,,14,4,F
subjective_order,2104,2104,,,,,15,,,,,,14,5,C
subjective_order,2104,2104,,,,,15,,,,,,14,6,D
subjective_order,2104,2104,,,,,15,,,,,,14,7,B
subjective_order,2104,2104,,,,,15,,,,,,14,8,A
subjective_order,2104,2104,,,,,16,,,,,,15,1,H
subjective_order,2104,2104,,,,,16,,,,,,15,2,G
subjective_order,2104,2104,,,,,16,,,,,,15,3,F
subjective_order,2104,2104,,,,,16,,,,,,15,4,C
subjective_order,2104,2104,,,,,16,,,,,,15,5,D
subjective_order,2104,2104,,,,,16,,,,,,15,6,E
subjective_order,2104,2104,,,,,16,,,,,,15,7,B
subjective_order,2104,2104,,,,,16,,,,,,15,8,A
subjective_order,2104,2104,,,,,17,,,,,,16,1,H
subjective_order,2104,2104,,,,,17,,,,,,16,2,G
subjective_order,2104,2104,,,,,17,,,,,,16,3,F
subjective_order,2104,2104,,,,,17,,,,,,16,4,C
subjective_order,2104,2104,,,,,17,,,,,,16,5,A
subjective_order,2104,2104,,,,,17,,,,,,16,6,B
subjective_order,2104,2104,,,,,17,,,,,,16,7,E
subjective_order,2104,2104,,,,,17,,,,,,16,8,D
subjective_order,2104,2104,,,,,18,,,,,,17,1,G
subjective_order,2104,2104,,,,,18,,,,,,17,2,H
subjective_order,2104,2104,,,,,18,,,,,,17,3,F
subjective_order,2104,2104,,,,,18,,,,,,17,4,E
subjective_order,2104,2104,,,,,18,,,,,,17,5,C
subjective_order,2104,2104,,,,,18,,,,,,17,6,D
subjective_order,2104,2104,,,,,18,,,,,,17,7,B
subjective_order,2104,2104,,,,,18,,,,,,17,8,A
subjective_order,2104,2104,,,,,19,,,,,,18,1,G
subjective_order,2104,2104,,,,,19,,,,,,18,2,H
subjective_order,2104,2104,,,,,19,,,,,,18,3,F
subjective_order,2104,2104,,,,,19,,,,,,18,4,A
subjective_order,2104,2104,,,,,19,,,,,,18,5,E
subjective_order,2104,2104,,,,,19,,,,,,18,6,D
subjective_order,2104,2104,,,,,19,,,,,,18,7,C
subjective_order,2104,2104,,,,,19,,,,,,18,8,B
subjective_order,2104,2104,,,,,20,,,,,,19,1,H
subjective_order,2104,2104,,,,,20,,,,,,19,2,G
subjective_order,2104,2104,,,,,20,,,,,,19,3,F
subjective_order,2104,2104,,,,,20,,,,,,19,4,D
subjective_order,2104,2104,,,,,20,,,,,,19,5,E
subjective_order,2104,2104,,,,,20,,,,,,19,6,B
subjective_order,2104,2104,,,,,20,,,,,,19,7,C
subjective_order,2104,2104,,,,,20,,,,,,19,8,A
subjective_order,2104,2104,,,,,21,,,,,,20,1,H
subjective_order,2104,2104,,,,,21,,,,,,20,2,F
subjective_order,2104,2104,,,,,21,,,,,,20,3,G
subjective_order,2104,2104,,,,,21,,,,,,20,4,E
subjective_order,2104,2104,,,,,21,,,,,,20,5,C
subjective_order,2104,2104,,,,,21,,,,,,20,6,D
subjective_order,2104,2104,,,,,21,,,,,,20,7,B
subjective_order,2104,2104,,,,,21,,,,,,20,8,A
subjective_order,2104,2104,,,,,22,,,,,,21,1,H
subjective_order,2104,2104,,,,,22,,,,,,21,2,E
subjective_order,2104,2104,,,,,22,,,,,,21,3,B
subjective_order,2104,2104,,,,,22,,,,,,21,4,G
subjective_order,2104,2104,,,,,22,,,,,,21,5,C
subjective_order,2104,2104,,,,,22,,,,,,21,6,F
subjective_order,2104,2104,,,,,22,,,,,,21,7,D
subjective_order,2104,2104,,,,,22,,,,,,21,8,A
subjective_order,2104,2104,,,,,24,,,,,,22,1,F
subjective_order,2104,2104,,,,,24,,,,,,22,2,G
subjective_order,2104,2104,,,,,24,,,,,,22,3,H
subjective_order,2104,2104,,,,,24,,,,,,22,4,D
subjective_order,2104,2104,,,,,24,,,,,,22,5,E
subjective_order,2104,2104,,,,,24,,,,,,22,6,C
subjective_order,2104,2104,,,,,24,,,,,,22,7,B
subjective_order,2104,2104,,,,,24,,,,,,22,8,A
subjective_order,2104,2104,,,,,26,,,,,,23,1,H
subjective_order,2104,2104,,,,,26,,,,,,23,2,F
subjective_order,2104,2104,,,,,26,,,,,,23,3,G
subjective_order,2104,2104,,,,,26,,,,,,23,4,E
subjective_order,2104,2104,,,,,26,,,,,,23,5,D
subjective_order,2104,2104,,,,,26,,,,,,23,6,C
subjective_order,2104,2104,,,,,26,,,,,,23,7,A
subjective_order,2104,2104,,,,,26,,,,,,23,8,B
subjective_order,2104,2104,,,,,27,,,,,,24,1,H
subjective_order,2104,2104,,,,,27,,,,,,24,2,G
subjective_order,2104,2104,,,,,27,,,,,,24,3,E
subjective_order,2104,2104,,,,,27,,,,,,24,4,F
subjective_order,2104,2104,,,,,27,,,,,,24,5,B
subjective_order,2104,2104,,,,,27,,,,,,24,6,C
subjective_order,2104,2104,,,,,27,,,,,,24,7,D
subjective_order,2104,2104,,,,,27,,,,,,24,8,A
subjective_order,2104,2104,,,,,28,,,,,,25,1,H
subjective_order,2104,2104,,,,,28,,,,,,25,2,G
subjective_order,2104,2104,,,,,28,,,,,,25,3,E
subjective_order,2104,2104,,,,,28,,,,,,25,4,C
subjective_order,2104,2104,,,,,28,,,,,,25,5,F
subjective_order,2104,2104,,,,,28,,,,,,25,6,B
subjective_order,2104,2104,,,,,28,,,,,,25,7,D
subjective_order,2104,2104,,,,,28,,,,,,25,8,A
subjective_order,2104,2104,,,,,29,,,,,,26,1,F
subjective_order,2104,2104,,,,,29,,,,,,26,2,G
subjective_order,2104,2104,,,,,29,,,,,,26,3,H
subjective_order,2104,2104,,,,,29,,,,,,26,4,E
subjective_order,2104,2104,,,,,29,,,,,,26,5,A
subjective_order,2104,2104,,,,,29,,,,,,26,6,D
subjective_order,2104,2104,,,,,29,,,,,,26,7,C
subjective_order,2104,2104,,,,,29,,,,,,26,8,B
subjective_order,2104,2104,,,,,30,,,,,,27,1,G
subjective_order,2104,2104,,,,,30,,,,,,27,2,E
subjective_order,2104,2104,,,,,30,,,,,,27,3,H
subjective_order,2104,2104,,,,,30,,,,,,27,4,F
subjective_order,2104,2104,,,,,30,,,,,,27,5,D
subjective_order,2104,2104,,,,,30,,,,,,27,6,C
subjective_order,2104,2104,,,,,30,,,,,,27,7,B
subjective_order,2104,2104,,,,,30,,,,,,27,8,A
subjective_order,2104,2104,,,,,31,,,,,,28,1,H
subjective_order,2104,2104,,,,,31,,,,,,28,2,G
subjective_order,2104,2104,,,,,31,,,,,,28,3,F
subjective_order,2104,2104,,,,,31,,,,,,28,4,D
subjective_order,2104,2104,,,,,31,,,,,,28,5,E
subjective_order,2104,2104,,,,,31,,,,,,28,6,B
subjective_order,2104,2104,,,,,31,,,,,,28,7,C
subjective_order,2104,2104,,,,,31,,,,,,28,8,A
subjective_order,2104,2104,,,,,32,,,,,,29,1,H
subjective_order,2104,2104,,,,,32,,,,,,29,2,G
subjective_order,2104,2104,,,,,32,,,,,,29,3,E
subjective_order,2104,2104,,,,,32,,,,,,29,4,B
subjective_order,2104,2104,,,,,32,,,,,,29,5,D
subjective_order,2104,2104,,,,,32,,,,,,29,6,C
subjective_order,2104,2104,,,,,32,,,,,,29,7,F
subjective_order,2104,2104,,,,,32,,,,,,29,8,A
subjective_order,2104,2104,,,,,33,,,,,,30,1,F
subjective_order,2104,2104,,,,,33,,,,,,30,2,G
subjective_order,2104,2104,,,,,33,,,,,,30,3,D
subjective_order,2104,2104,,,,,33,,,,,,30,4,E
subjective_order,2104,2104,,,,,33,,,,,,30,5,H
subjective_order,2104,2104,,,,,33,,,,,,30,6,C
subjective_order,2104,2104,,,,,33,,,,,,30,7,B
subjective_order,2104,2104,,,,,33,,,,,,30,8,A
subjective_order,2104,2104,,,,,34,,,,,,31,1,F
subjective_order,2104,2104,,,,,34,,,,,,31,2,G
subjective_order,2104,2104,,,,,34,,,,,,31,3,H
subjective_order,2104,2104,,,,,34,,,,,,31,4,D
subjective_order,2104,2104,,,,,34,,,,,,31,5,C
subjective_order,2104,2104,,,,,34,,,,,,31,6,A
subjective_order,2104,2104,,,,,34,,,,,,31,7,B
subjective_order,2104,2104,,,,,34,,,,,,31,8,E
subjective_order,2104,2104,,,,,36,,,,,,32,1,H
subjective_order,2104,2104,,,,,36,,,,,,32,2,G
subjective_order,2104,2104,,,,,36,,,,,,32,3,E
subjective_order,2104,2104,,,,,36,,,,,,32,4,C
subjective_order,2104,2104,,,,,36,,,,,,32,5,F
subjective_order,2104,2104,,,,,36,,,,,,32,6,B
subjective_order,2104,2104,,,,,36,,,,,,32,7,D
subjective_order,2104,2104,,,,,36,,,,,,32,8,A
subjective_order,2104,2104,,,,,37,,,,,,33,1,G
subjective_order,2104,2104,,,,,37,,,,,,33,2,H
subjective_order,2104,2104,,,,,37,,,,,,33,3,E
subjective_order,2104,2104,,,,,37,,,,,,33,4,F
subjective_order,2104,2104,,,,,37,,,,,,33,5,C
subjective_order,2104,2104,,,,,37,,,,,,33,6,D
subjective_order,2104,2104,,,,,37,,,,,,33,7,A
subjective_order,2104,2104,,,,,37,,,,,,33,8,B
subjective_order,2104,2104,,,,,38,,,,,,34,1,F
subjective_order,2104,2104,,,,,38,,,,,,34,2,H
subjective_order,2104,2104,,,,,38,,,,,,34,3,G
subjective_order,2104,2104,,,,,38,,,,,,34,4,D
subjective_order,2104,2104,,,,,38,,,,,,34,5,C
subjective_order,2104,2104,,,,,38,,,,,,34,6,E
subjective_order,2104,2104,,,,,38,,,,,,34,7,B
subjective_order,2104,2104,,,,,38,,,,,,34,8,A
subjective_order,2104,2104,,,,,40,,,,,,35,1,F
subjective_order,2104,2104,,,,,40,,,,,,35,2,G
subjective_order,2104,2104,,,,,40,,,,,,35,3,H
subjective_order,2104,2104,,,,,40,,,,,,35,4,A
subjective_order,2104,2104,,,,,40,,,,,,35,5,D
subjective_order,2104,2104,,,,,40,,,,,,35,6,B
subjective_order,2104,2104,,,,,40,,,,,,35,7,E
subjective_order,2104,2104,,,,,40,,,,,,35,8,C
subjective_order,2104,2104,,,,,41,,,,,,36,1,G
subjective_order,2104,2104,,,,,41,,,,,,36,2,H
subjective_order,2104,2104,,,,,41,,,,,,36,3,F
subjective_order,2104,2104,,,,,41,,,,,,36,4,D
subjective_order,2104,2104,,,,,41,,,,,,36,5,E
subjective_order,2104,2104,,,,,41,,,,,,36,6,C
subjective_order,2104,2104,,,,,41,,,,,,36,7,B
subjective_order,2104,2104,,,,,41,,,,,,36,8,A
subjective_order,2104,2104,,,,,42,,,,,,37,1,G
subjective_order,2104,2104,,,,,42,,,,,,37,2,H
subjective_order,2104,2104,,,,,42,,,,,,37,3,E
subjective_order,2104,2104,,,,,42,,,,,,37,4,C
subjective_order,2104,2104,,,,,42,,,,,,37,5,F
subjective_order,2104,2104,,,,,42,,,,,,37,6,D
subjective_order,2104,2104,,,,,42,,,,,,37,7,B
subjective_order,2104,2104,,,,,42,,,,,,37,8,A
subjective_order,2104,2104,,,,,43,,,,,,38,1,G
subjective_order,2104,2104,,,,,43,,,,,,38,2,F
subjective_order,2104,2104,,,,,43,,,,,,38,3,H
subjective_order,2104,2104,,,,,43,,,,,,38,4,A
subjective_order,2104,2104,,,,,43,,,,,,38,5,E
subjective_order,2104,2104,,,,,43,,,,,,38,6,D
subjective_order,2104,2104,,,,,43,,,,,,38,7,C
subjective_order,2104,2104,,,,,43,,,,,,38,8,B
subjective_order,2104,2104,,,,,44,,,,,,39,1,H
subjective_order,2104,2104,,,,,44,,,,,,39,2,E
subjective_order,2104,2104,,,,,44,,,,,,39,3,G
subjective_order,2104,2104,,,,,44,,,,,,39,4,F
subjective_order,2104,2104,,,,,44,,,,,,39,5,C
subjective_order,2104,2104,,,,,44,,,,,,39,6,D
subjective_order,2104,2104,,,,,44,,,,,,39,7,B
subjective_order,2104,2104,,,,,44,,,,,,39,8,A
subjective_order,2104,2104,,,,,45,,,,,,40,1,F
subjective_order,2104,2104,,,,,45,,,,,,40,2,H
subjective_order,2104,2104,,,,,45,,,,,,40,3,D
subjective_order,2104,2104,,,,,45,,,,,,40,4,G
subjective_order,2104,2104,,,,,45,,,,,,40,5,A
subjective_order,2104,2104,,,,,45,,,,,,40,6,E
subjective_order,2104,2104,,,,,45,,,,,,40,7,C
subjective_order,2104,2104,,,,,45,,,,,,40,8,B
subjective_order,2104,2104,,,,,46,,,,,,41,1,G
subjective_order,2104,2104,,,,,46,,,,,,41,2,F
subjective_order,2104,2104,,,,,46,,,,,,41,3,D
subjective_order,2104,2104,,,,,46,,,,,,41,4,H
subjective_order,2104,2104,,,,,46,,,,,,41,5,E
subjective_order,2104,2104,,,,,46,,,,,,41,6,C
subjective_order,2104,2104,,,,,46,,,,,,41,7,A
subjective_order,2104,2104,,,,,46,,,,,,41,8,B
subjective_order,2104,2104,,,,,47,,,,,,42,1,G
subjective_order,2104,2104,,,,,47,,,,,,42,2,F
subjective_order,2104,2104,,,,,47,,,,,,42,3,D
subjective_order,2104,2104,,,,,47,,,,,,42,4,C
subjective_order,2104,2104,,,,,47,,,,,,42,5,H
subjective_order,2104,2104,,,,,47,,,,,,42,6,A
subjective_order,2104,2104,,,,,47,,,,,,42,7,B
subjective_order,2104,2104,,,,,47,,,,,,42,8,E
subjective_order,2104,2104,,,,,48,,,,,,43,1,H
subjective_order,2104,2104,,,,,48,,,,,,43,2,F
subjective_order,2104,2104,,,,,48,,,,,,43,3,G
subjective_order,2104,2104,,,,,48,,,,,,43,4,D
subjective_order,2104,2104,,,,,48,,,,,,43,5,E
subjective_order,2104,2104,,,,,48,,,,,,43,6,C
subjective_order,2104,2104,,,,,48,,,,,,43,7,B
subjective_order,2104,2104,,,,,48,,,,,,43,8,A
subjective_order,2104,2104,,,,,49,,,,,,44,1,H
subjective_order,2104,2104,,,,,49,,,,,,44,2,G
subjective_order,2104,2104,,,,,49,,,,,,44,3,E
subjective_order,2104,2104,,,,,49,,,,,,44,4,F
subjective_order,2104,2104,,,,,49,,,,,,44,5,A
subjective_order,2104,2104,,,,,49,,,,,,44,6,C
subjective_order,2104,2104,,,,,49,,,,,,44,7,D
subjective_order,2104,2104,,,,,49,,,,,,44,8,B
subjective_order,2104,2104,,,,,50,,,,,,45,1,H
subjective_order,2104,2104,,,,,50,,,,,,45,2,G
subjective_order,2104,2104,,,,,50,,,,,,45,3,E
subjective_order,2104,2104,,,,,50,,,,,,45,4,F
subjective_order,2104,2104,,,,,50,,,,,,45,5,D
subjective_order,2104,2104,,,,,50,,,,,,45,6,B
subjective_order,2104,2104,,,,,50,,,,,,45,7,C
subjective_order,2104,2104,,,,,50,,,,,,45,8,A
subjective_order,2104,2104,,,,,51,,,,,,46,1,H
subjective_order,2104,2104,,,,,51,,,,,,46,2,G
subjective_order,2104,2104,,,,,51,,,,,,46,3,E
subjective_order,2104,2104,,,,,51,,,,,,46,4,C
subjective_order,2104,2104,,,,,51,,,,,,46,5,D
subjective_order,2104,2104,,,,,51,,,,,,46,6,B
subjective_order,2104,2104,,,,,51,,,,,,46,7,F
subjective_order,2104,2104,,,,,51,,,,,,46,8,A
subjective_order,2104,2104,,,,,52,,,,,,47,1,H
subjective_order,2104,2104,,,,,52,,,,,,47,2,G
subjective_order,2104,2104,,,,,52,,,,,,47,3,E
subjective_order,2104,2104,,,,,52,,,,,,47,4,C
subjective_order,2104,2104,,,,,52,,,,,,47,5,F
subjective_order,2104,2104,,,,,52,,,,,,47,6,D
subjective_order,2104,2104,,,,,52,,,,,,47,7,B
subjective_order,2104,2104,,,,,52,,,,,,47,8,A
subjective_order,2104,2104,,,,,53,,,,,,48,1,G
subjective_order,2104,2104,,,,,53,,,,,,48,2,H
subjective_order,2104,2104,,,,,53,,,,,,48,3,F
subjective_order,2104,2104,,,,,53,,,,,,48,4,C
subjective_order,2104,2104,,,,,53,,,,,,48,5,D
subjective_order,2104,2104,,,,,53,,,,,,48,6,B
subjective_order,2104,2104,,,,,53,,,,,,48,7,E
subjective_order,2104,2104,,,,,53,,,,,,48,8,A
subjective_order,2104,2104,,,,,54,,,,,,49,1,H
subjective_order,2104,2104,,,,,54,,,,,,49,2,E
subjective_order,2104,2104,,,,,54,,,,,,49,3,F
subjective_order,2104,2104,,,,,54,,,,,,49,4,D
subjective_order,2104,2104,,,,,54,,,,,,49,5,G
subjective_order,2104,2104,,,,,54,,,,,,49,6,C
subjective_order,2104,2104,,,,,54,,,,,,49,7,B
subjective_order,2104,2104,,,,,54,,,,,,49,8,A
subjective_order,2104,2104,,,,,55,,,,,,50,1,H
subjective_order,2104,2104,,,,,55,,,,,,50,2,F
subjective_order,2104,2104,,,,,55,,,,,,50,3,E
subjective_order,2104,2104,,,,,55,,,,,,50,4,D
subjective_order,2104,2104,,,,,55,,,,,,50,5,G
subjective_order,2104,2104,,,,,55,,,,,,50,6,C
subjective_order,2104,2104,,,,,55,,,,,,50,7,B
subjective_order,2104,2104,,,,,55,,,,,,50,8,A
subjective_order,2104,2104,,,,,56,,,,,,51,1,G
subjective_order,2104,2104,,,,,56,,,,,,51,2,H
subjective_order,2104,2104,,,,,56,,,,,,51,3,F
subjective_order,2104,2104,,,,,56,,,,,,51,4,C
subjective_order,2104,2104,,,,,56,,,,,,51,5,D
subjective_order,2104,2104,,,,,56,,,,,,51,6,E
subjective_order,2104,2104,,,,,56,,,,,,51,7,B
subjective_order,2104,2104,,,,,56,,,,,,51,8,A
subjective_order,2104,2104,,,,,57,,,,,,52,1,G
subjective_order,2104,2104,,,,,57,,,,,,52,2,H
subjective_order,2104,2104,,,,,57,,,,,,52,3,F
subjective_order,2104,2104,,,,,57,,,,,,52,4,D
subjective_order,2104,2104,,,,,57,,,,,,52,5,C
subjective_order,2104,2104,,,,,57,,,,,,52,6,B
subjective_order,2104,2104,,,,,57,,,,,,52,7,E
subjective_order,2104,2104,,,,,57,,,,,,52,8,A
subjective_order,2104,2104,,,,,59,,,,,,53,1,H
subjective_order,2104,2104,,,,,59,,,,,,53,2,G
subjective_order,2104,2104,,,,,59,,,,,,53,3,E
subjective_order,2104,2104,,,,,59,,,,,,53,4,F
subjective_order,2104,2104,,,,,59,,,,,,53,5,C
subjective_order,2104,2104,,,,,59,,,,,,53,6,A
subjective_order,2104,2104,,,,,59,,,,,,53,7,D
subjective_order,2104,2104,,,,,59,,,,,,53,8,B
subjective_order,2104,2104,,,,,60,,,,,,54,1,C
subjective_order,2104,2104,,,,,60,,,,,,54,2,G
subjective_order,2104,2104,,,,,60,,,,,,54,3,H
subjective_order,2104,2104,,,,,60,,,,,,54,4,E
subjective_order,2104,2104,,,,,60,,,,,,54,5,F
subjective_order,2104,2104,,,,,60,,,,,,54,6,B
subjective_order,2104,2104,,,,,60,,,,,,54,7,D
subjective_order,2104,2104,,,,,60,,,,,,54,8,A
subjective_order,2104,2104,,,,,61,,,,,,55,1,G
subjective_order,2104,2104,,,,,61,,,,,,55,2,F
subjective_order,2104,2104,,,,,61,,,,,,55,3,H
subjective_order,2104,2104,,,,,61,,,,,,55,4,C
subjective_order,2104,2104,,,,,61,,,,,,55,5,D
subjective_order,2104,2104,,,,,61,,,,,,55,6,E
subjective_order,2104,2104,,,,,61,,,,,,55,7,B
subjective_order,2104,2104,,,,,61,,,,,,55,8,A
subjective_order,2104,2104,,,,,62,,,,,,56,1,H
subjective_order,2104,2104,,,,,62,,,,,,56,2,G
subjective_order,2104,2104,,,,,62,,,,,,56,3,E
subjective_order,2104,2104,,,,,62,,,,,,56,4,B
subjective_order,2104,2104,,,,,62,,,,,,56,5,C
subjective_order,2104,2104,,,,,62,,,,,,56,6,F
subjective_order,2104,2104,,,,,62,,,,,,56,7,A
subjective_order,2104,2104,,,,,62,,,,,,56,8,D
subjective_order,2104,2104,,,,,63,,,,,,57,1,H
subjective_order,2104,2104,,,,,63,,,,,,57,2,F
subjective_order,2104,2104,,,,,63,,,,,,57,3,G
subjective_order,2104,2104,,,,,63,,,,,,57,4,E
subjective_order,2104,2104,,,,,63,,,,,,57,5,C
subjective_order,2104,2104,,,,,63,,,,,,57,6,B
subjective_order,2104,2104,,,,,63,,,,,,57,7,D
subjective_order,2104,2104,,,,,63,,,,,,57,8,A
subjective_order,2104,2104,,,,,64,,,,,,58,1,F
subjective_order,2104,2104,,,,,64,,,,,,58,2,G
subjective_order,2104,2104,,,,,64,,,,,,58,3,B
subjective_order,2104,2104,,,,,64,,,,,,58,4,E
subjective_order,2104,2104,,,,,64,,,,,,58,5,H
subjective_order,2104,2104,,,,,64,,,,,,58,6,C
subjective_order,2104,2104,,,,,64,,,,,,58,7,D
subjective_order,2104,2104,,,,,64,,,,,,58,8,A
subjective_order,2104,2104,,,,,65,,,,,,59,1,H
subjective_order,2104,2104,,,,,65,,,,,,59,2,G
subjective_order,2104,2104,,,,,65,,,,,,59,3,F
subjective_order,2104,2104,,,,,65,,,,,,59,4,D
subjective_order,2104,2104,,,,,65,,,,,,59,5,C
subjective_order,2104,2104,,,,,65,,,,,,59,6,E
subjective_order,2104,2104,,,,,65,,,,,,59,7,A
subjective_order,2104,2104,,,,,65,,,,,,59,8,B
subjective_order,2104,2104,,,,,67,,,,,,60,1,H
subjective_order,2104,2104,,,,,67,,,,,,60,2,F
subjective_order,2104,2104,,,,,67,,,,,,60,3,D
subjective_order,2104,2104,,,,,67,,,,,,60,4,G
subjective_order,2104,2104,,,,,67,,,,,,60,5,E
subjective_order,2104,2104,,,,,67,,,,,,60,6,C
subjective_order,2104,2104,,,,,67,,,,,,60,7,B
subjective_order,2104,2104,,,,,67,,,,,,60,8,A
subjective_order,2104,2104,,,,,68,,,,,,61,1,G
subjective_order,2104,2104,,,,,68,,,,,,61,2,F
subjective_order,2104,2104,,,,,68,,,,,,61,3,H
subjective_order,2104,2104,,,,,68,,,,,,61,4,D
subjective_order,2104,2104,,,,,68,,,,,,61,5,E
subjective_order,2104,2104,,,,,68,,,,,,61,6,C
subjective_order,2104,2104,,,,,68,,,,,,61,7,B
subjective_order,2104,2104,,,,,68,,,,,,61,8,A
subjective_order,2104,2104,,,,,69,,,,,,62,1,G
subjective_order,2104,2104,,,,,69,,,,,,62,2,H
subjective_order,2104,2104,,,,,69,,,,,,62,3,F
subjective_order,2104,2104,,,,,69,,,,,,62,4,E
subjective_order,2104,2104,,,,,69,,,,,,62,5,D
subjective_order,2104,2104,,,,,69,,,,,,62,6,C
subjective_order,2104,2104,,,,,69,,,,,,62,7,B
subjective_order,2104,2104,,,,,69,,,,,,62,8,A
subjective_order,2104,2104,,,,,70,,,,,,63,1,H
subjective_order,2104,2104,,,,,70,,,,,,63,2,E
subjective_order,2104,2104,,,,,70,,,,,,63,3,G
subjective_order,2104,2104,,,,,70,,,,,,63,4,D
subjective_order,2104,2104,,,,,70,,,,,,63,5,A
subjective_order,2104,2104,,,,,70,,,,,,63,6,F
subjective_order,2104,2104,,,,,70,,,,,,63,7,B
subjective_order,2104,2104,,,,,70,,,,,,63,8,C
subjective_order,2104,2104,,,,,71,,,,,,64,1,G
subjective_order,2104,2104,,,,,71,,,,,,64,2,H
subjective_order,2104,2104,,,,,71,,,,,,64,3,F
subjective_order,2104,2104,,,,,71,,,,,,64,4,C
subjective_order,2104,2104,,,,,71,,,,,,64,5,E
subjective_order,2104,2104,,,,,71,,,,,,64,6,B
subjective_order,2104,2104,,,,,71,,,,,,64,7,D
subjective_order,2104,2104,,,,,71,,,,,,64,8,A
subjective_order,2104,2104,,,,,72,,,,,,65,1,G
subjective_order,2104,2104,,,,,72,,,,,,65,2,F
subjective_order,2104,2104,,,,,72,,,,,,65,3,H
subjective_order,2104,2104,,,,,72,,,,,,65,4,E
subjective_order,2104,2104,,,,,72,,,,,,65,5,A
subjective_order,2104,2104,,,,,72,,,,,,65,6,C
subjective_order,2104,2104,,,,,72,,,,,,65,7,D
subjective_order,2104,2104,,,,,72,,,,,,65,8,B
subjective_order,2104,2104,,,,,73,,,,,,66,1,F
subjective_order,2104,2104,,,,,73,,,,,,66,2,G
subjective_order,2104,2104,,,,,73,,,,,,66,3,H
subjective_order,2104,2104,,,,,73,,,,,,66,4,D
subjective_order,2104,2104,,,,,73,,,,,,66,5,C
subjective_order,2104,2104,,,,,73,,,,,,66,6,E
subjective_order,2104,2104,,,,,73,,,,,,66,7,B
subjective_order,2104,2104,,,,,73,,,,,,66,8,A
subjective_order,2104,2104,,,,,74,,,,,,67,1,H
subjective_order,2104,2104,,,,,74,,,,,,67,2,F
subjective_order,2104,2104,,,,,74,,,,,,67,3,D
subjective_order,2104,2104,,,,,74,,,,,,67,4,G
subjective_order,2104,2104,,,,,74,,,,,,67,5,E
subjective_order,2104,2104,,,,,74,,,,,,67,6,B
subjective_order,2104,2104,,,,,74,,,,,,67,7,C
subjective_order,2104,2104,,,,,74,,,,,,67,8,A
subjective_order,2104,2104,,,,,75,,,,,,68,1,H
subjective_order,2104,2104,,,,,75,,,,,,68,2,G
subjective_order,2104,2104,,,,,75,,,,,,68,3,E
subjective_order,2104,2104,,,,,75,,,,,,68,4,C
subjective_order,2104,2104,,,,,75,,,,,,68,5,B
subjective_order,2104,2104,,,,,75,,,,,,68,6,D
subjective_order,2104,2104,,,,,75,,,,,,68,7,F
subjective_order,2104,2104,,,,,75,,,,,,68,8,A
subjective_order,2104,2104,,,,,76,,,,,,69,1,G
subjective_order,2104,2104,,,,,76,,,,,,69,2,H
subjective_order,2104,2104,,,,,76,,,,,,69,3,E
subjective_order,2104,2104,,,,,76,,,,,,69,4,F
subjective_order,2104,2104,,,,,76,,,,,,69,5,D
subjective_order,2104,2104,,,,,76,,,,,,69,6,B
subjective_order,2104,2104,,,,,76,,,,,,69,7,C
subjective_order,2104,2104,,,,,76,,,,,,69,8,A
subjective_order,2104,2104,,,,,77,,,,,,70,1,H
subjective_order,2104,2104,,,,,77,,,,,,70,2,E
subjective_order,2104,2104,,,,,77,,,,,,70,3,F
subjective_order,2104,2104,,,,,77,,,,,,70,4,G
subjective_order,2104,2104,,,,,77,,,,,,70,5,C
subjective_order,2104,2104,,,,,77,,,,,,70,6,B
subjective_order,2104,2104,,,,,77,,,,,,70,7,D
subjective_order,2104,2104,,,,,77,,,,,,70,8,A
subjective_order,2105,2105,,,,,1,,,,,,0,1,H
subjective_order,2105,2105,,,,,1,,,,,,0,2,G
subjective_order,2105,2105,,,,,1,,,,,,0,3,A
subjective_order,2105,2105,,,,,1,,,,,,0,4,E
subjective_order,2105,2105,,,,,1,,,,,,0,5,F
subjective_order,2105,2105,,,,,1,,,,,,0,6,C
subjective_order,2105,2105,,,,,1,,,,,,0,7,D
subjective_order,2105,2105,,,,,1,,,,,,0,8,B
subjective_order,2105,2105,,,,,2,,,,,,1,1,F
subjective_order,2105,2105,,,,,2,,,,,,1,2,H
subjective_order,2105,2105,,,,,2,,,,,,1,3,G
subjective_order,2105,2105,,,,,2,,,,,,1,4,D
subjective_order,2105,2105,,,,,2,,,,,,1,5,C
subjective_order,2105,2105,,,,,2,,,,,,1,6,E
subjective_order,2105,2105,,,,,2,,,,,,1,7,A
subjective_order,2105,2105,,,,,2,,,,,,1,8,B
subjective_order,2105,2105,,,,,3,,,,,,2,1,H
subjective_order,2105,2105,,,,,3,,,,,,2,2,E
subjective_order,2105,2105,,,,,3,,,,,,2,3,G
subjective_order,2105,2105,,,,,3,,,,,,2,4,C
subjective_order,2105,2105,,,,,3,,,,,,2,5,F
subjective_order,2105,2105,,,,,3,,,,,,2,6,D
subjective_order,2105,2105,,,,,3,,,,,,2,7,B
subjective_order,2105,2105,,,,,3,,,,,,2,8,A
subjective_order,2105,2105,,,,,4,,,,,,3,1,G
subjective_order,2105,2105,,,,,4,,,,,,3,2,H
subjective_order,2105,2105,,,,,4,,,,,,3,3,E
subjective_order,2105,2105,,,,,4,,,,,,3,4,F
subjective_order,2105,2105,,,,,4,,,,,,3,5,D
subjective_order,2105,2105,,,,,4,,,,,,3,6,C
subjective_order,2105,2105,,,,,4,,,,,,3,7,B
subjective_order,2105,2105,,,,,4,,,,,,3,8,A
subjective_order,2105,2105,,,,,5,,,,,,4,1,H
subjective_order,2105,2105,,,,,5,,,,,,4,2,F
subjective_order,2105,2105,,,,,5,,,,,,4,3,G
subjective_order,2105,2105,,,,,5,,,,,,4,4,E
subjective_order,2105,2105,,,,,5,,,,,,4,5,C
subjective_order,2105,2105,,,,,5,,,,,,4,6,B
subjective_order,2105,2105,,,,,5,,,,,,4,7,D
subjective_order,2105,2105,,,,,5,,,,,,4,8,A
subjective_order,2105,2105,,,,,6,,,,,,5,1,H
subjective_order,2105,2105,,,,,6,,,,,,5,2,E
subjective_order,2105,2105,,,,,6,,,,,,5,3,G
subjective_order,2105,2105,,,,,6,,,,,,5,4,C
subjective_order,2105,2105,,,,,6,,,,,,5,5,D
subjective_order,2105,2105,,,,,6,,,,,,5,6,F
subjective_order,2105,2105,,,,,6,,,,,,5,7,B
subjective_order,2105,2105,,,,,6,,,,,,5,8,A
subjective_order,2105,2105,,,,,7,,,,,,6,1,F
subjective_order,2105,2105,,,,,7,,,,,,6,2,H
subjective_order,2105,2105,,,,,7,,,,,,6,3,G
subjective_order,2105,2105,,,,,7,,,,,,6,4,C
subjective_order,2105,2105,,,,,7,,,,,,6,5,D
subjective_order,2105,2105,,,,,7,,,,,,6,6,E
subjective_order,2105,2105,,,,,7,,,,,,6,7,B
subjective_order,2105,2105,,,,,7,,,,,,6,8,A
subjective_order,2105,2105,,,,,8,,,,,,7,1,G
subjective_order,2105,2105,,,,,8,,,,,,7,2,E
subjective_order,2105,2105,,,,,8,,,,,,7,3,F
subjective_order,2105,2105,,,,,8,,,,,,7,4,H
subjective_order,2105,2105,,,,,8,,,,,,7,5,D
subjective_order,2105,2105,,,,,8,,,,,,7,6,C
subjective_order,2105,2105,,,,,8,,,,,,7,7,B
subjective_order,2105,2105,,,,,8,,,,,,7,8,A
subjective_order,2105,2105,,,,,9,,,,,,8,1,G
subjective_order,2105,2105,,,,,9,,,,,,8,2,H
subjective_order,2105,2105,,,,,9,,,,,,8,3,A
subjective_order,2105,2105,,,,,9,,,,,,8,4,F
subjective_order,2105,2105,,,,,9,,,,,,8,5,E
subjective_order,2105,2105,,,,,9,,,,,,8,6,C
subjective_order,2105,2105,,,,,9,,,,,,8,7,B
subjective_order,2105,2105,,,,,9,,,,,,8,8,D
subjective_order,2105,2105,,,,,10,,,,,,9,1,H
subjective_order,2105,2105,,,,,10,,,,,,9,2,A
subjective_order,2105,2105,,,,,10,,,,,,9,3,G
subjective_order,2105,2105,,,,,10,,,,,,9,4,E
subjective_order,2105,2105,,,,,10,,,,,,9,5,D
subjective_order,2105,2105,,,,,10,,,,,,9,6,F
subjective_order,2105,2105,,,,,10,,,,,,9,7,C
subjective_order,2105,2105,,,,,10,,,,,,9,8,B
subjective_order,2105,2105,,,,,11,,,,,,10,1,G
subjective_order,2105,2105,,,,,11,,,,,,10,2,F
subjective_order,2105,2105,,,,,11,,,,,,10,3,H
subjective_order,2105,2105,,,,,11,,,,,,10,4,E
subjective_order,2105,2105,,,,,11,,,,,,10,5,D
subjective_order,2105,2105,,,,,11,,,,,,10,6,B
subjective_order,2105,2105,,,,,11,,,,,,10,7,C
subjective_order,2105,2105,,,,,11,,,,,,10,8,A
subjective_order,2105,2105,,,,,12,,,,,,11,1,H
subjective_order,2105,2105,,,,,12,,,,,,11,2,F
subjective_order,2105,2105,,,,,12,,,,,,11,3,G
subjective_order,2105,2105,,,,,12,,,,,,11,4,E
subjective_order,2105,2105,,,,,12,,,,,,11,5,D
subjective_order,2105,2105,,,,,12,,,,,,11,6,C
subjective_order,2105,2105,,,,,12,,,,,,11,7,B
subjective_order,2105,2105,,,,,12,,,,,,11,8,A
subjective_order,2105,2105,,,,,13,,,,,,12,1,H
subjective_order,2105,2105,,,,,13,,,,,,12,2,F
subjective_order,2105,2105,,,,,13,,,,,,12,3,G
subjective_order,2105,2105,,,,,13,,,,,,12,4,D
subjective_order,2105,2105,,,,,13,,,,,,12,5,E
subjective_order,2105,2105,,,,,13,,,,,,12,6,B
subjective_order,2105,2105,,,,,13,,,,,,12,7,A
subjective_order,2105,2105,,,,,13,,,,,,12,8,C
subjective_order,2105,2105,,,,,14,,,,,,13,1,H
subjective_order,2105,2105,,,,,14,,,,,,13,2,G
subjective_order,2105,2105,,,,,14,,,,,,13,3,E
subjective_order,2105,2105,,,,,14,,,,,,13,4,F
subjective_order,2105,2105,,,,,14,,,,,,13,5,C
subjective_order,2105,2105,,,,,14,,,,,,13,6,D
subjective_order,2105,2105,,,,,14,,,,,,13,7,B
subjective_order,2105,2105,,,,,14,,,,,,13,8,A
subjective_order,2105,2105,,,,,16,,,,,,14,1,G
subjective_order,2105,2105,,,,,16,,,,,,14,2,H
subjective_order,2105,2105,,,,,16,,,,,,14,3,F
subjective_order,2105,2105,,,,,16,,,,,,14,4,D
subjective_order,2105,2105,,,,,16,,,,,,14,5,C
subjective_order,2105,2105,,,,,16,,,,,,14,6,E
subjective_order,2105,2105,,,,,16,,,,,,14,7,B
subjective_order,2105,2105,,,,,16,,,,,,14,8,A
subjective_order,2105,2105,,,,,17,,,,,,15,1,H
subjective_order,2105,2105,,,,,17,,,,,,15,2,F
subjective_order,2105,2105,,,,,17,,,,,,15,3,G
subjective_order,2105,2105,,,,,17,,,,,,15,4,A
subjective_order,2105,2105,,,,,17,,,,,,15,5,C
subjective_order,2105,2105,,,,,17,,,,,,15,6,B
subjective_order,2105,2105,,,,,17,,,,,,15,7,E
subjective_order,2105,2105,,,,,17,,,,,,15,8,D
subjective_order,2105,2105,,,,,18,,,,,,16,1,G
subjective_order,2105,2105,,,,,18,,,,,,16,2,H
subjective_order,2105,2105,,,,,18,,,,,,16,3,F
subjective_order,2105,2105,,,,,18,,,,,,16,4,E
subjective_order,2105,2105,,,,,18,,,,,,16,5,D
subjective_order,2105,2105,,,,,18,,,,,,16,6,C
subjective_order,2105,2105,,,,,18,,,,,,16,7,B
subjective_order,2105,2105,,,,,18,,,,,,16,8,A
subjective_order,2105,2105,,,,,19,,,,,,17,1,G
subjective_order,2105,2105,,,,,19,,,,,,17,2,H
subjective_order,2105,2105,,,,,19,,,,,,17,3,F
subjective_order,2105,2105,,,,,19,,,,,,17,4,A
subjective_order,2105,2105,,,,,19,,,,,,17,5,E
subjective_order,2105,2105,,,,,19,,,,,,17,6,D
subjective_order,2105,2105,,,,,19,,,,,,17,7,C
subjective_order,2105,2105,,,,,19,,,,,,17,8,B
subjective_order,2105,2105,,,,,20,,,,,,18,1,H
subjective_order,2105,2105,,,,,20,,,,,,18,2,G
subjective_order,2105,2105,,,,,20,,,,,,18,3,F
subjective_order,2105,2105,,,,,20,,,,,,18,4,D
subjective_order,2105,2105,,,,,20,,,,,,18,5,E
subjective_order,2105,2105,,,,,20,,,,,,18,6,B
subjective_order,2105,2105,,,,,20,,,,,,18,7,C
subjective_order,2105,2105,,,,,20,,,,,,18,8,A
subjective_order,2105,2105,,,,,21,,,,,,19,1,H
subjective_order,2105,2105,,,,,21,,,,,,19,2,F
subjective_order,2105,2105,,,,,21,,,,,,19,3,G
subjective_order,2105,2105,,,,,21,,,,,,19,4,E
subjective_order,2105,2105,,,,,21,,,,,,19,5,C
subjective_order,2105,2105,,,,,21,,,,,,19,6,D
subjective_order,2105,2105,,,,,21,,,,,,19,7,B
subjective_order,2105,2105,,,,,21,,,,,,19,8,A
subjective_order,2105,2105,,,,,22,,,,,,20,1,H
subjective_order,2105,2105,,,,,22,,,,,,20,2,E
subjective_order,2105,2105,,,,,22,,,,,,20,3,F
subjective_order,2105,2105,,,,,22,,,,,,20,4,B
subjective_order,2105,2105,,,,,22,,,,,,20,5,C
subjective_order,2105,2105,,,,,22,,,,,,20,6,G
subjective_order,2105,2105,,,,,22,,,,,,20,7,D
subjective_order,2105,2105,,,,,22,,,,,,20,8,A
subjective_order,2105,2105,,,,,23,,,,,,21,1,H
subjective_order,2105,2105,,,,,23,,,,,,21,2,G
subjective_order,2105,2105,,,,,23,,,,,,21,3,F
subjective_order,2105,2105,,,,,23,,,,,,21,4,E
subjective_order,2105,2105,,,,,23,,,,,,21,5,D
subjective_order,2105,2105,,,,,23,,,,,,21,6,C
subjective_order,2105,2105,,,,,23,,,,,,21,7,A
subjective_order,2105,2105,,,,,23,,,,,,21,8,B
subjective_order,2105,2105,,,,,24,,,,,,22,1,F
subjective_order,2105,2105,,,,,24,,,,,,22,2,H
subjective_order,2105,2105,,,,,24,,,,,,22,3,G
subjective_order,2105,2105,,,,,24,,,,,,22,4,D
subjective_order,2105,2105,,,,,24,,,,,,22,5,E
subjective_order,2105,2105,,,,,24,,,,,,22,6,C
subjective_order,2105,2105,,,,,24,,,,,,22,7,B
subjective_order,2105,2105,,,,,24,,,,,,22,8,A
subjective_order,2105,2105,,,,,26,,,,,,23,1,H
subjective_order,2105,2105,,,,,26,,,,,,23,2,F
subjective_order,2105,2105,,,,,26,,,,,,23,3,G
subjective_order,2105,2105,,,,,26,,,,,,23,4,E
subjective_order,2105,2105,,,,,26,,,,,,23,5,D
subjective_order,2105,2105,,,,,26,,,,,,23,6,C
subjective_order,2105,2105,,,,,26,,,,,,23,7,A
subjective_order,2105,2105,,,,,26,,,,,,23,8,B
subjective_order,2105,2105,,,,,27,,,,,,24,1,H
subjective_order,2105,2105,,,,,27,,,,,,24,2,G
subjective_order,2105,2105,,,,,27,,,,,,24,3,E
subjective_order,2105,2105,,,,,27,,,,,,24,4,F
subjective_order,2105,2105,,,,,27,,,,,,24,5,B
subjective_order,2105,2105,,,,,27,,,,,,24,6,C
subjective_order,2105,2105,,,,,27,,,,,,24,7,D
subjective_order,2105,2105,,,,,27,,,,,,24,8,A
subjective_order,2105,2105,,,,,28,,,,,,25,1,H
subjective_order,2105,2105,,,,,28,,,,,,25,2,G
subjective_order,2105,2105,,,,,28,,,,,,25,3,C
subjective_order,2105,2105,,,,,28,,,,,,25,4,E
subjective_order,2105,2105,,,,,28,,,,,,25,5,F
subjective_order,2105,2105,,,,,28,,,,,,25,6,B
subjective_order,2105,2105,,,,,28,,,,,,25,7,D
subjective_order,2105,2105,,,,,28,,,,,,25,8,A
subjective_order,2105,2105,,,,,29,,,,,,26,1,F
subjective_order,2105,2105,,,,,29,,,,,,26,2,G
subjective_order,2105,2105,,,,,29,,,,,,26,3,H
subjective_order,2105,2105,,,,,29,,,,,,26,4,E
subjective_order,2105,2105,,,,,29,,,,,,26,5,A
subjective_order,2105,2105,,,,,29,,,,,,26,6,C
subjective_order,2105,2105,,,,,29,,,,,,26,7,D
subjective_order,2105,2105,,,,,29,,,,,,26,8,B
subjective_order,2105,2105,,,,,30,,,,,,27,1,E
subjective_order,2105,2105,,,,,30,,,,,,27,2,G
subjective_order,2105,2105,,,,,30,,,,,,27,3,H
subjective_order,2105,2105,,,,,30,,,,,,27,4,F
subjective_order,2105,2105,,,,,30,,,,,,27,5,C
subjective_order,2105,2105,,,,,30,,,,,,27,6,D
subjective_order,2105,2105,,,,,30,,,,,,27,7,B
subjective_order,2105,2105,,,,,30,,,,,,27,8,A
subjective_order,2105,2105,,,,,31,,,,,,28,1,H
subjective_order,2105,2105,,,,,31,,,,,,28,2,G
subjective_order,2105,2105,,,,,31,,,,,,28,3,D
subjective_order,2105,2105,,,,,31,,,,,,28,4,F
subjective_order,2105,2105,,,,,31,,,,,,28,5,E
subjective_order,2105,2105,,,,,31,,,,,,28,6,B
subjective_order,2105,2105,,,,,31,,,,,,28,7,C
subjective_order,2105,2105,,,,,31,,,,,,28,8,A
subjective_order,2105,2105,,,,,32,,,,,,29,1,H
subjective_order,2105,2105,,,,,32,,,,,,29,2,G
subjective_order,2105,2105,,,,,32,,,,,,29,3,E
subjective_order,2105,2105,,,,,32,,,,,,29,4,C
subjective_order,2105,2105,,,,,32,,,,,,29,5,D
subjective_order,2105,2105,,,,,32,,,,,,29,6,B
subjective_order,2105,2105,,,,,32,,,,,,29,7,F
subjective_order,2105,2105,,,,,32,,,,,,29,8,A
subjective_order,2105,2105,,,,,33,,,,,,30,1,F
subjective_order,2105,2105,,,,,33,,,,,,30,2,G
subjective_order,2105,2105,,,,,33,,,,,,30,3,D
subjective_order,2105,2105,,,,,33,,,,,,30,4,E
subjective_order,2105,2105,,,,,33,,,,,,30,5,H
subjective_order,2105,2105,,,,,33,,,,,,30,6,C
subjective_order,2105,2105,,,,,33,,,,,,30,7,B
subjective_order,2105,2105,,,,,33,,,,,,30,8,A
subjective_order,2105,2105,,,,,34,,,,,,31,1,F
subjective_order,2105,2105,,,,,34,,,,,,31,2,G
subjective_order,2105,2105,,,,,34,,,,,,31,3,H
subjective_order,2105,2105,,,,,34,,,,,,31,4,D
subjective_order,2105,2105,,,,,34,,,,,,31,5,C
subjective_order,2105,2105,,,,,34,,,,,,31,6,A
subjective_order,2105,2105,,,,,34,,,,,,31,7,B
subjective_order,2105,2105,,,,,34,,,,,,31,8,E
subjective_order,2105,2105,,,,,35,,,,,,32,1,H
subjective_order,2105,2105,,,,,35,,,,,,32,2,G
subjective_order,2105,2105,,,,,35,,,,,,32,3,F
subjective_order,2105,2105,,,,,35,,,,,,32,4,E
subjective_order,2105,2105,,,,,35,,,,,,32,5,D
subjective_order,2105,2105,,,,,35,,,,,,32,6,B
subjective_order,2105,2105,,,,,35,,,,,,32,7,C
subjective_order,2105,2105,,,,,35,,,,,,32,8,A
subjective_order,2105,2105,,,,,36,,,,,,33,1,H
subjective_order,2105,2105,,,,,36,,,,,,33,2,G
subjective_order,2105,2105,,,,,36,,,,,,33,3,E
subjective_order,2105,2105,,,,,36,,,,,,33,4,C
subjective_order,2105,2105,,,,,36,,,,,,33,5,F
subjective_order,2105,2105,,,,,36,,,,,,33,6,B
subjective_order,2105,2105,,,,,36,,,,,,33,7,D
subjective_order,2105,2105,,,,,36,,,,,,33,8,A
subjective_order,2105,2105,,,,,37,,,,,,34,1,H
subjective_order,2105,2105,,,,,37,,,,,,34,2,G
subjective_order,2105,2105,,,,,37,,,,,,34,3,E
subjective_order,2105,2105,,,,,37,,,,,,34,4,F
subjective_order,2105,2105,,,,,37,,,,,,34,5,C
subjective_order,2105,2105,,,,,37,,,,,,34,6,D
subjective_order,2105,2105,,,,,37,,,,,,34,7,A
subjective_order,2105,2105,,,,,37,,,,,,34,8,B
subjective_order,2105,2105,,,,,38,,,,,,35,1,F
subjective_order,2105,2105,,,,,38,,,,,,35,2,H
subjective_order,2105,2105,,,,,38,,,,,,35,3,G
subjective_order,2105,2105,,,,,38,,,,,,35,4,D
subjective_order,2105,2105,,,,,38,,,,,,35,5,C
subjective_order,2105,2105,,,,,38,,,,,,35,6,E
subjective_order,2105,2105,,,,,38,,,,,,35,7,A
subjective_order,2105,2105,,,,,38,,,,,,35,8,B
subjective_order,2105,2105,,,,,40,,,,,,36,1,F
subjective_order,2105,2105,,,,,40,,,,,,36,2,G
subjective_order,2105,2105,,,,,40,,,,,,36,3,H
subjective_order,2105,2105,,,,,40,,,,,,36,4,A
subjective_order,2105,2105,,,,,40,,,,,,36,5,D
subjective_order,2105,2105,,,,,40,,,,,,36,6,C
subjective_order,2105,2105,,,,,40,,,,,,36,7,E
subjective_order,2105,2105,,,,,40,,,,,,36,8,B
subjective_order,2105,2105,,,,,41,,,,,,37,1,G
subjective_order,2105,2105,,,,,41,,,,,,37,2,F
subjective_order,2105,2105,,,,,41,,,,,,37,3,H
subjective_order,2105,2105,,,,,41,,,,,,37,4,D
subjective_order,2105,2105,,,,,41,,,,,,37,5,E
subjective_order,2105,2105,,,,,41,,,,,,37,6,C
subjective_order,2105,2105,,,,,41,,,,,,37,7,B
subjective_order,2105,2105,,,,,41,,,,,,37,8,A
subjective_order,2105,2105,,,,,42,,,,,,38,1,G
subjective_order,2105,2105,,,,,42,,,,,,38,2,H
subjective_order,2105,2105,,,,,42,,,,,,38,3,E
subjective_order,2105,2105,,,,,42,,,,,,38,4,C
subjective_order,2105,2105,,,,,42,,,,,,38,5,F
subjective_order,2105,2105,,,,,42,,,,,,38,6,D
subjective_order,2105,2105,,,,,42,,,,,,38,7,B
subjective_order,2105,2105,,,,,42,,,,,,38,8,A
subjective_order,2105,2105,,,,,43,,,,,,39,1,G
subjective_order,2105,2105,,,,,43,,,,,,39,2,H
subjective_order,2105,2105,,,,,43,,,,,,39,3,F
subjective_order,2105,2105,,,,,43,,,,,,39,4,A
subjective_order,2105,2105,,,,,43,,,,,,39,5,E
subjective_order,2105,2105,,,,,43,,,,,,39,6,D
subjective_order,2105,2105,,,,,43,,,,,,39,7,C
subjective_order,2105,2105,,,,,43,,,,,,39,8,B
subjective_order,2105,2105,,,,,44,,,,,,40,1,H
subjective_order,2105,2105,,,,,44,,,,,,40,2,G
subjective_order,2105,2105,,,,,44,,,,,,40,3,E
subjective_order,2105,2105,,,,,44,,,,,,40,4,F
subjective_order,2105,2105,,,,,44,,,,,,40,5,C
subjective_order,2105,2105,,,,,44,,,,,,40,6,B
subjective_order,2105,2105,,,,,44,,,,,,40,7,D
subjective_order,2105,2105,,,,,44,,,,,,40,8,A
subjective_order,2105,2105,,,,,45,,,,,,41,1,F
subjective_order,2105,2105,,,,,45,,,,,,41,2,D
subjective_order,2105,2105,,,,,45,,,,,,41,3,H
subjective_order,2105,2105,,,,,45,,,,,,41,4,G
subjective_order,2105,2105,,,,,45,,,,,,41,5,E
subjective_order,2105,2105,,,,,45,,,,,,41,6,A
subjective_order,2105,2105,,,,,45,,,,,,41,7,C
subjective_order,2105,2105,,,,,45,,,,,,41,8,B
subjective_order,2105,2105,,,,,46,,,,,,42,1,G
subjective_order,2105,2105,,,,,46,,,,,,42,2,F
subjective_order,2105,2105,,,,,46,,,,,,42,3,D
subjective_order,2105,2105,,,,,46,,,,,,42,4,H
subjective_order,2105,2105,,,,,46,,,,,,42,5,E
subjective_order,2105,2105,,,,,46,,,,,,42,6,C
subjective_order,2105,2105,,,,,46,,,,,,42,7,A
subjective_order,2105,2105,,,,,46,,,,,,42,8,B
subjective_order,2105,2105,,,,,47,,,,,,43,1,G
subjective_order,2105,2105,,,,,47,,,,,,43,2,F
subjective_order,2105,2105,,,,,47,,,,,,43,3,C
subjective_order,2105,2105,,,,,47,,,,,,43,4,D
subjective_order,2105,2105,,,,,47,,,,,,43,5,H
subjective_order,2105,2105,,,,,47,,,,,,43,6,B
subjective_order,2105,2105,,,,,47,,,,,,43,7,A
subjective_order,2105,2105,,,,,47,,,,,,43,8,E
subjective_order,2105,2105,,,,,48,,,,,,44,1,F
subjective_order,2105,2105,,,,,48,,,,,,44,2,H
subjective_order,2105,2105,,,,,48,,,,,,44,3,G
subjective_order,2105,2105,,,,,48,,,,,,44,4,D
subjective_order,2105,2105,,,,,48,,,,,,44,5,E
subjective_order,2105,2105,,,,,48,,,,,,44,6,C
subjective_order,2105,2105,,,,,48,,,,,,44,7,B
subjective_order,2105,2105,,,,,48,,,,,,44,8,A
subjective_order,2105,2105,,,,,49,,,,,,45,1,H
subjective_order,2105,2105,,,,,49,,,,,,45,2,G
subjective_order,2105,2105,,,,,49,,,,,,45,3,E
subjective_order,2105,2105,,,,,49,,,,,,45,4,F
subjective_order,2105,2105,,,,,49,,,,,,45,5,A
subjective_order,2105,2105,,,,,49,,,,,,45,6,D
subjective_order,2105,2105,,,,,49,,,,,,45,7,B
subjective_order,2105,2105,,,,,49,,,,,,45,8,C
subjective_order,2105,2105,,,,,50,,,,,,46,1,H
subjective_order,2105,2105,,,,,50,,,,,,46,2,G
subjective_order,2105,2105,,,,,50,,,,,,46,3,E
subjective_order,2105,2105,,,,,50,,,,,,46,4,B
subjective_order,2105,2105,,,,,50,,,,,,46,5,C
subjective_order,2105,2105,,,,,50,,,,,,46,6,F
subjective_order,2105,2105,,,,,50,,,,,,46,7,D
subjective_order,2105,2105,,,,,50,,,,,,46,8,A
subjective_order,2105,2105,,,,,51,,,,,,47,1,H
subjective_order,2105,2105,,,,,51,,,,,,47,2,G
subjective_order,2105,2105,,,,,51,,,,,,47,3,E
subjective_order,2105,2105,,,,,51,,,,,,47,4,C
subjective_order,2105,2105,,,,,51,,,,,,47,5,B
subjective_order,2105,2105,,,,,51,,,,,,47,6,D
subjective_order,2105,2105,,,,,51,,,,,,47,7,F
subjective_order,2105,2105,,,,,51,,,,,,47,8,A
subjective_order,2105,2105,,,,,52,,,,,,48,1,H
subjective_order,2105,2105,,,,,52,,,,,,48,2,G
subjective_order,2105,2105,,,,,52,,,,,,48,3,E
subjective_order,2105,2105,,,,,52,,,,,,48,4,C
subjective_order,2105,2105,,,,,52,,,,,,48,5,B
subjective_order,2105,2105,,,,,52,,,,,,48,6,F
subjective_order,2105,2105,,,,,52,,,,,,48,7,D
subjective_order,2105,2105,,,,,52,,,,,,48,8,A
subjective_order,2105,2105,,,,,53,,,,,,49,1,H
subjective_order,2105,2105,,,,,53,,,,,,49,2,G
subjective_order,2105,2105,,,,,53,,,,,,49,3,F
subjective_order,2105,2105,,,,,53,,,,,,49,4,C
subjective_order,2105,2105,,,,,53,,,,,,49,5,D
subjective_order,2105,2105,,,,,53,,,,,,49,6,E
subjective_order,2105,2105,,,,,53,,,,,,49,7,B
subjective_order,2105,2105,,,,,53,,,,,,49,8,A
subjective_order,2105,2105,,,,,54,,,,,,50,1,H
subjective_order,2105,2105,,,,,54,,,,,,50,2,E
subjective_order,2105,2105,,,,,54,,,,,,50,3,F
subjective_order,2105,2105,,,,,54,,,,,,50,4,G
subjective_order,2105,2105,,,,,54,,,,,,50,5,D
subjective_order,2105,2105,,,,,54,,,,,,50,6,C
subjective_order,2105,2105,,,,,54,,,,,,50,7,B
subjective_order,2105,2105,,,,,54,,,,,,50,8,A
subjective_order,2105,2105,,,,,55,,,,,,51,1,H
subjective_order,2105,2105,,,,,55,,,,,,51,2,F
subjective_order,2105,2105,,,,,55,,,,,,51,3,E
subjective_order,2105,2105,,,,,55,,,,,,51,4,G
subjective_order,2105,2105,,,,,55,,,,,,51,5,D
subjective_order,2105,2105,,,,,55,,,,,,51,6,C
subjective_order,2105,2105,,,,,55,,,,,,51,7,B
subjective_order,2105,2105,,,,,55,,,,,,51,8,A
subjective_order,2105,2105,,,,,56,,,,,,52,1,H
subjective_order,2105,2105,,,,,56,,,,,,52,2,G
subjective_order,2105,2105,,,,,56,,,,,,52,3,F
subjective_order,2105,2105,,,,,56,,,,,,52,4,C
subjective_order,2105,2105,,,,,56,,,,,,52,5,B
subjective_order,2105,2105,,,,,56,,,,,,52,6,E
subjective_order,2105,2105,,,,,56,,,,,,52,7,D
subjective_order,2105,2105,,,,,56,,,,,,52,8,A
subjective_order,2105,2105,,,,,57,,,,,,53,1,G
subjective_order,2105,2105,,,,,57,,,,,,53,2,F
subjective_order,2105,2105,,,,,57,,,,,,53,3,H
subjective_order,2105,2105,,,,,57,,,,,,53,4,D
subjective_order,2105,2105,,,,,57,,,,,,53,5,C
subjective_order,2105,2105,,,,,57,,,,,,53,6,B
subjective_order,2105,2105,,,,,57,,,,,,53,7,E
subjective_order,2105,2105,,,,,57,,,,,,53,8,A
subjective_order,2105,2105,,,,,59,,,,,,54,1,H
subjective_order,2105,2105,,,,,59,,,,,,54,2,G
subjective_order,2105,2105,,,,,59,,,,,,54,3,E
subjective_order,2105,2105,,,,,59,,,,,,54,4,F
subjective_order,2105,2105,,,,,59,,,,,,54,5,A
subjective_order,2105,2105,,,,,59,,,,,,54,6,C
subjective_order,2105,2105,,,,,59,,,,,,54,7,D
subjective_order,2105,2105,,,,,59,,,,,,54,8,B
subjective_order,2105,2105,,,,,60,,,,,,55,1,H
subjective_order,2105,2105,,,,,60,,,,,,55,2,F
subjective_order,2105,2105,,,,,60,,,,,,55,3,C
subjective_order,2105,2105,,,,,60,,,,,,55,4,E
subjective_order,2105,2105,,,,,60,,,,,,55,5,G
subjective_order,2105,2105,,,,,60,,,,,,55,6,B
subjective_order,2105,2105,,,,,60,,,,,,55,7,D
subjective_order,2105,2105,,,,,60,,,,,,55,8,A
subjective_order,2105,2105,,,,,61,,,,,,56,1,F
subjective_order,2105,2105,,,,,61,,,,,,56,2,G
subjective_order,2105,2105,,,,,61,,,,,,56,3,H
subjective_order,2105,2105,,,,,61,,,,,,56,4,C
subjective_order,2105,2105,,,,,61,,,,,,56,5,D
subjective_order,2105,2105,,,,,61,,,,,,56,6,E
subjective_order,2105,2105,,,,,61,,,,,,56,7,B
subjective_order,2105,2105,,,,,61,,,,,,56,8,A
subjective_order,2105,2105,,,,,62,,,,,,57,1,H
subjective_order,2105,2105,,,,,62,,,,,,57,2,G
subjective_order,2105,2105,,,,,62,,,,,,57,3,E
subjective_order,2105,2105,,,,,62,,,,,,57,4,C
subjective_order,2105,2105,,,,,62,,,,,,57,5,B
subjective_order,2105,2105,,,,,62,,,,,,57,6,F
subjective_order,2105,2105,,,,,62,,,,,,57,7,A
subjective_order,2105,2105,,,,,62,,,,,,57,8,D
subjective_order,2105,2105,,,,,63,,,,,,58,1,H
subjective_order,2105,2105,,,,,63,,,,,,58,2,G
subjective_order,2105,2105,,,,,63,,,,,,58,3,F
subjective_order,2105,2105,,,,,63,,,,,,58,4,E
subjective_order,2105,2105,,,,,63,,,,,,58,5,C
subjective_order,2105,2105,,,,,63,,,,,,58,6,B
subjective_order,2105,2105,,,,,63,,,,,,58,7,D
subjective_order,2105,2105,,,,,63,,,,,,58,8,A
subjective_order,2105,2105,,,,,64,,,,,,59,1,E
subjective_order,2105,2105,,,,,64,,,,,,59,2,F
subjective_order,2105,2105,,,,,64,,,,,,59,3,G
subjective_order,2105,2105,,,,,64,,,,,,59,4,B
subjective_order,2105,2105,,,,,64,,,,,,59,5,H
subjective_order,2105,2105,,,,,64,,,,,,59,6,C
subjective_order,2105,2105,,,,,64,,,,,,59,7,D
subjective_order,2105,2105,,,,,64,,,,,,59,8,A
subjective_order,2105,2105,,,,,65,,,,,,60,1,H
subjective_order,2105,2105,,,,,65,,,,,,60,2,G
subjective_order,2105,2105,,,,,65,,,,,,60,3,F
subjective_order,2105,2105,,,,,65,,,,,,60,4,D
subjective_order,2105,2105,,,,,65,,,,,,60,5,C
subjective_order,2105,2105,,,,,65,,,,,,60,6,E
subjective_order,2105,2105,,,,,65,,,,,,60,7,A
subjective_order,2105,2105,,,,,65,,,,,,60,8,B
subjective_order,2105,2105,,,,,66,,,,,,61,1,H
subjective_order,2105,2105,,,,,66,,,,,,61,2,G
subjective_order,2105,2105,,,,,66,,,,,,61,3,F
subjective_order,2105,2105,,,,,66,,,,,,61,4,E
subjective_order,2105,2105,,,,,66,,,,,,61,5,C
subjective_order,2105,2105,,,,,66,,,,,,61,6,D
subjective_order,2105,2105,,,,,66,,,,,,61,7,B
subjective_order,2105,2105,,,,,66,,,,,,61,8,A
subjective_order,2105,2105,,,,,67,,,,,,62,1,H
subjective_order,2105,2105,,,,,67,,,,,,62,2,G
subjective_order,2105,2105,,,,,67,,,,,,62,3,F
subjective_order,2105,2105,,,,,67,,,,,,62,4,D
subjective_order,2105,2105,,,,,67,,,,,,62,5,E
subjective_order,2105,2105,,,,,67,,,,,,62,6,C
subjective_order,2105,2105,,,,,67,,,,,,62,7,B
subjective_order,2105,2105,,,,,67,,,,,,62,8,A
subjective_order,2105,2105,,,,,68,,,,,,63,1,G
subjective_order,2105,2105,,,,,68,,,,,,63,2,H
subjective_order,2105,2105,,,,,68,,,,,,63,3,F
subjective_order,2105,2105,,,,,68,,,,,,63,4,D
subjective_order,2105,2105,,,,,68,,,,,,63,5,E
subjective_order,2105,2105,,,,,68,,,,,,63,6,C
subjective_order,2105,2105,,,,,68,,,,,,63,7,A
subjective_order,2105,2105,,,,,68,,,,,,63,8,B
subjective_order,2105,2105,,,,,69,,,,,,64,1,G
subjective_order,2105,2105,,,,,69,,,,,,64,2,H
subjective_order,2105,2105,,,,,69,,,,,,64,3,F
subjective_order,2105,2105,,,,,69,,,,,,64,4,E
subjective_order,2105,2105,,,,,69,,,,,,64,5,D
subjective_order,2105,2105,,,,,69,,,,,,64,6,C
subjective_order,2105,2105,,,,,69,,,,,,64,7,B
subjective_order,2105,2105,,,,,69,,,,,,64,8,A
subjective_order,2105,2105,,,,,70,,,,,,65,1,H
subjective_order,2105,2105,,,,,70,,,,,,65,2,E
subjective_order,2105,2105,,,,,70,,,,,,65,3,G
subjective_order,2105,2105,,,,,70,,,,,,65,4,D
subjective_order,2105,2105,,,,,70,,,,,,65,5,F
subjective_order,2105,2105,,,,,70,,,,,,65,6,A
subjective_order,2105,2105,,,,,70,,,,,,65,7,C
subjective_order,2105,2105,,,,,70,,,,,,65,8,B
subjective_order,2105,2105,,,,,71,,,,,,66,1,G
subjective_order,2105,2105,,,,,71,,,,,,66,2,H
subjective_order,2105,2105,,,,,71,,,,,,66,3,F
subjective_order,2105,2105,,,,,71,,,,,,66,4,E
subjective_order,2105,2105,,,,,71,,,,,,66,5,C
subjective_order,2105,2105,,,,,71,,,,,,66,6,B
subjective_order,2105,2105,,,,,71,,,,,,66,7,D
subjective_order,2105,2105,,,,,71,,,,,,66,8,A
subjective_order,2105,2105,,,,,72,,,,,,67,1,F
subjective_order,2105,2105,,,,,72,,,,,,67,2,G
subjective_order,2105,2105,,,,,72,,,,,,67,3,H
subjective_order,2105,2105,,,,,72,,,,,,67,4,E
subjective_order,2105,2105,,,,,72,,,,,,67,5,A
subjective_order,2105,2105,,,,,72,,,,,,67,6,C
subjective_order,2105,2105,,,,,72,,,,,,67,7,D
subjective_order,2105,2105,,,,,72,,,,,,67,8,B
subjective_order,2105,2105,,,,,73,,,,,,68,1,G
subjective_order,2105,2105,,,,,73,,,,,,68,2,F
subjective_order,2105,2105,,,,,73,,,,,,68,3,D
subjective_order,2105,2105,,,,,73,,,,,,68,4,C
subjective_order,2105,2105,,,,,73,,,,,,68,5,H
subjective_order,2105,2105,,,,,73,,,,,,68,6,E
subjective_order,2105,2105,,,,,73,,,,,,68,7,B
subjective_order,2105,2105,,,,,73,,,,,,68,8,A
subjective_order,2105,2105,,,,,74,,,,,,69,1,H
subjective_order,2105,2105,,,,,74,,,,,,69,2,F
subjective_order,2105,2105,,,,,74,,,,,,69,3,G
subjective_order,2105,2105,,,,,74,,,,,,69,4,D
subjective_order,2105,2105,,,,,74,,,,,,69,5,E
subjective_order,2105,2105,,,,,74,,,,,,69,6,B
subjective_order,2105,2105,,,,,74,,,,,,69,7,C
subjective_order,2105,2105,,,,,74,,,,,,69,8,A
subjective_order,2105,2105,,,,,75,,,,,,70,1,H
subjective_order,2105,2105,,,,,75,,,,,,70,2,G
subjective_order,2105,2105,,,,,75,,,,,,70,3,E
subjective_order,2105,2105,,,,,75,,,,,,70,4,C
subjective_order,2105,2105,,,,,75,,,,,,70,5,D
subjective_order,2105,2105,,,,,75,,,,,,70,6,B
subjective_order,2105,2105,,,,,75,,,,,,70,7,F
subjective_order,2105,2105,,,,,75,,,,,,70,8,A
subjective_order,2105,2105,,,,,76,,,,,,71,1,G
subjective_order,2105,2105,,,,,76,,,,,,71,2,H
subjective_order,2105,2105,,,,,76,,,,,,71,3,E
subjective_order,2105,2105,,,,,76,,,,,,71,4,F
subjective_order,2105,2105,,,,,76,,,,,,71,5,B
subjective_order,2105,2105,,,,,76,,,,,,71,6,D
subjective_order,2105,2105,,,,,76,,,,,,71,7,C
subjective_order,2105,2105,,,,,76,,,,,,71,8,A
subjective_order,2105,2105,,,,,77,,,,,,72,1,H
subjective_order,2105,2105,,,,,77,,,,,,72,2,E
subjective_order,2105,2105,,,,,77,,,,,,72,3,F
subjective_order,2105,2105,,,,,77,,,,,,72,4,G
subjective_order,2105,2105,,,,,77,,,,,,72,5,C
subjective_order,2105,2105,,,,,77,,,,,,72,6,B
subjective_order,2105,2105,,,,,77,,,,,,72,7,D
subjective_order,2105,2105,,,,,77,,,,,,72,8,A
