{
  "eval_subjects": 77,
  "eval_repetitions": 10,
  "overall_accuracy": 0.621196663974748,
  "learned_pairs_accuracy": 0.6316558471457525,
  "nonlearned_pairs_accuracy": 0.6170129907063463,
  "consistent_error_subjects_80pct": 7,
  "consistent_error_subjects_80pct_ratio": 0.09090909090909091,
  "consistent_error_subjects_100pct": 0,
  "consistent_error_subjects_100pct_ratio": 0.0,
  "mean_self_consistency_from_scores": 1.0,
  "mean_circular_triads_from_scores": 0.0,
  "mean_self_consistency_from_majority_choices": 0.7629870129870131,
  "mean_circular_triads_from_majority_choices": 4.740259740259741,
  "mean_inter_subject_kendall_tau": 0.9534713406893859,
  "distance_accuracy": {
    "1": 0.5467532525506001,
    "2": 0.5839826886852583,
    "3": 0.613506497771709,
    "4": 0.6574675346446501,
    "5": 0.6995671010249621,
    "6": 0.7279220780768951,
    "7": 0.8103896046613718
  },
  "reconstruction_loss_after_learning": 0.14350733160972595,
  "mean_update_gate": 0.4000472128391266,
  "mean_abs_final_score": 0.20714087784290314
}