distance,accuracy
1,0.5186507936507936
2,0.5013888888888888
3,0.5222222222222221
4,0.56875
5,0.5490740740740743
6,0.5277777777777779
7,0.538888888888889
