rank_position,accuracy
1,0.546031746031746
2,0.5575396825396824
3,0.5055555555555556
4,0.5107142857142857
5,0.5329365079365079
6,0.5095238095238097
7,0.532142857142857
8,0.5246031746031746
