distance,accuracy
1,0.5556277056277056
2,0.5989898989898992
3,0.6293939393939394
4,0.6734848484848486
5,0.6898989898989896
6,0.6977272727272729
7,0.7409090909090906
