rank_position,accuracy
1,0.6679653679653679
2,0.625757575757576
3,0.6080086580086579
4,0.604112554112554
5,0.6093073593073595
6,0.607792207792208
7,0.6222943722943721
8,0.6634199134199132
