distance,accuracy
1,0.765624999999999
2,0.8888346354166659
3,0.9731249999999998
4,0.9891113281249999
5,0.9960286458333334
6,0.9979492187500001
7,1.0
