rank_position,accuracy
1,0.9775390624999993
2,0.9180524553571405
3,0.8713727678571406
4,0.8580357142857121
5,0.901953124999998
6,0.9001953124999977
7,0.9108258928571394
8,0.9472935267857122
