dataset,network_seed,row_position,subject_id,item_1,item_2,pair_accuracy,error_proportion,displayed_as_error
human,,0,1,A,B,1,0,false
human,,0,1,A,C,1,0,false
human,,0,1,A,D,1,0,false
human,,0,1,A,E,1,0,false
human,,0,1,A,F,1,0,false
human,,0,1,A,G,1,0,false
human,,0,1,A,H,1,0,false
human,,0,1,B,C,1,0,false
human,,0,1,B,D,1,0,false
human,,0,1,B,E,0.9,0.1,false
human,,0,1,B,F,1,0,false
human,,0,1,B,G,1,0,false
human,,0,1,B,H,1,0,false
human,,0,1,C,D,1,0,false
human,,0,1,C,E,0.9,0.1,false
human,,0,1,C,F,1,0,false
human,,0,1,C,G,1,0,false
human,,0,1,C,H,1,0,false
human,,0,1,D,E,0,1,true
human,,0,1,D,F,1,0,false
human,,0,1,D,G,1,0,false
human,,0,1,D,H,0.1,0.9,true
human,,0,1,E,F,1,0,false
human,,0,1,E,G,1,0,false
human,,0,1,E,H,1,0,false
human,,0,1,F,G,0.3,0.7,true
human,,0,1,F,H,0,1,true
human,,0,1,G,H,0,1,true
human,,1,2,A,B,1,0,false
human,,1,2,A,C,1,0,false
human,,1,2,A,D,1,0,false
human,,1,2,A,E,1,0,false
human,,1,2,A,F,1,0,false
human,,1,2,A,G,1,0,false
human,,1,2,A,H,1,0,false
human,,1,2,B,C,1,0,false
human,,1,2,B,D,1,0,false
human,,1,2,B,E,1,0,false
human,,1,2,B,F,1,0,false
human,,1,2,B,G,1,0,false
human,,1,2,B,H,1,0,false
human,,1,2,C,D,0.8,0.2,false
human,,1,2,C,E,0,1,true
human,,1,2,C,F,1,0,false
human,,1,2,C,G,1,0,false
human,,1,2,C,H,1,0,false
human,,1,2,D,E,0,1,true
human,,1,2,D,F,1,0,false
human,,1,2,D,G,1,0,false
human,,1,2,D,H,1,0,false
human,,1,2,E,F,1,0,false
human,,1,2,E,G,1,0,false
human,,1,2,E,H,1,0,false
human,,1,2,F,G,1,0,false
human,,1,2,F,H,1,0,false
human,,1,2,G,H,0.9,0.1,false
human,,2,3,A,B,1,0,false
human,,2,3,A,C,1,0,false
human,,2,3,A,D,1,0,false
human,,2,3,A,E,1,0,false
human,,2,3,A,F,1,0,false
human,,2,3,A,G,1,0,false
human,,2,3,A,H,1,0,false
human,,2,3,B,C,1,0,false
human,,2,3,B,D,0.9,0.1,false
human,,2,3,B,E,1,0,false
human,,2,3,B,F,1,0,false
human,,2,3,B,G,1,0,false
human,,2,3,B,H,1,0,false
human,,2,3,C,D,0.8,0.2,false
human,,2,3,C,E,1,0,false
human,,2,3,C,F,0.9,0.1,false
human,,2,3,C,G,0.9,0.1,false
human,,2,3,C,H,1,0,false
human,,2,3,D,E,0.9,0.1,false
human,,2,3,D,F,0.3,0.7,true
human,,2,3,D,G,1,0,false
human,,2,3,D,H,1,0,false
human,,2,3,E,F,0,1,true
human,,2,3,E,G,0.2,0.8,true
human,,2,3,E,H,0.9,0.1,false
human,,2,3,F,G,1,0,false
human,,2,3,F,H,1,0,false
human,,2,3,G,H,0.9,0.1,false
human,,3,4,A,B,0,1,true
human,,3,4,A,C,0,1,true
human,,3,4,A,D,0,1,true
human,,3,4,A,E,0,1,true
human,,3,4,A,F,0.5,0.5,true
human,,3,4,A,G,0,1,true
human,,3,4,A,H,0.9,0.1,false
human,,3,4,B,C,1,0,false
human,,3,4,B,D,1,0,false
human,,3,4,B,E,1,0,false
human,,3,4,B,F,1,0,false
human,,3,4,B,G,1,0,false
human,,3,4,B,H,1,0,false
human,,3,4,C,D,1,0,false
human,,3,4,C,E,1,0,false
human,,3,4,C,F,1,0,false
human,,3,4,C,G,1,0,false
human,,3,4,C,H,1,0,false
human,,3,4,D,E,0,1,true
human,,3,4,D,F,1,0,false
human,,3,4,D,G,0.1,0.9,true
human,,3,4,D,H,1,0,false
human,,3,4,E,F,1,0,false
human,,3,4,E,G,1,0,false
human,,3,4,E,H,1,0,false
human,,3,4,F,G,0,1,true
human,,3,4,F,H,1,0,false
human,,3,4,G,H,1,0,false
human,,4,5,A,B,0,1,true
human,,4,5,A,C,0,1,true
human,,4,5,A,D,1,0,false
human,,4,5,A,E,1,0,false
human,,4,5,A,F,1,0,false
human,,4,5,A,G,1,0,false
human,,4,5,A,H,1,0,false
human,,4,5,B,C,1,0,false
human,,4,5,B,D,1,0,false
human,,4,5,B,E,1,0,false
human,,4,5,B,F,1,0,false
human,,4,5,B,G,1,0,false
human,,4,5,B,H,1,0,false
human,,4,5,C,D,1,0,false
human,,4,5,C,E,1,0,false
human,,4,5,C,F,1,0,false
human,,4,5,C,G,1,0,false
human,,4,5,C,H,1,0,false
human,,4,5,D,E,0,1,true
human,,4,5,D,F,1,0,false
human,,4,5,D,G,0,1,true
human,,4,5,D,H,1,0,false
human,,4,5,E,F,1,0,false
human,,4,5,E,G,1,0,false
human,,4,5,E,H,1,0,false
human,,4,5,F,G,0,1,true
human,,4,5,F,H,0.1,0.9,true
human,,4,5,G,H,1,0,false
human,,5,6,A,B,1,0,false
human,,5,6,A,C,1,0,false
human,,5,6,A,D,1,0,false
human,,5,6,A,E,1,0,false
human,,5,6,A,F,1,0,false
human,,5,6,A,G,1,0,false
human,,5,6,A,H,1,0,false
human,,5,6,B,C,0.1,0.9,true
human,,5,6,B,D,0.1,0.9,true
human,,5,6,B,E,1,0,false
human,,5,6,B,F,1,0,false
human,,5,6,B,G,1,0,false
human,,5,6,B,H,1,0,false
human,,5,6,C,D,0,1,true
human,,5,6,C,E,1,0,false
human,,5,6,C,F,1,0,false
human,,5,6,C,G,1,0,false
human,,5,6,C,H,1,0,false
human,,5,6,D,E,1,0,false
human,,5,6,D,F,1,0,false
human,,5,6,D,G,1,0,false
human,,5,6,D,H,1,0,false
human,,5,6,E,F,0.5,0.5,true
human,,5,6,E,G,0,1,true
human,,5,6,E,H,0.9,0.1,false
human,,5,6,F,G,0,1,true
human,,5,6,F,H,1,0,false
human,,5,6,G,H,1,0,false
human,,6,7,A,B,1,0,false
human,,6,7,A,C,1,0,false
human,,6,7,A,D,0.9,0.1,false
human,,6,7,A,E,1,0,false
human,,6,7,A,F,1,0,false
human,,6,7,A,G,1,0,false
human,,6,7,A,H,1,0,false
human,,6,7,B,C,1,0,false
human,,6,7,B,D,0.6,0.4,false
human,,6,7,B,E,1,0,false
human,,6,7,B,F,1,0,false
human,,6,7,B,G,1,0,false
human,,6,7,B,H,1,0,false
human,,6,7,C,D,0.5,0.5,true
human,,6,7,C,E,0.9,0.1,false
human,,6,7,C,F,0.8,0.2,false
human,,6,7,C,G,0.9,0.1,false
human,,6,7,C,H,0.9,0.1,false
human,,6,7,D,E,0.8,0.2,false
human,,6,7,D,F,0.9,0.1,false
human,,6,7,D,G,1,0,false
human,,6,7,D,H,1,0,false
human,,6,7,E,F,0.5,0.5,true
human,,6,7,E,G,1,0,false
human,,6,7,E,H,1,0,false
human,,6,7,F,G,1,0,false
human,,6,7,F,H,1,0,false
human,,6,7,G,H,0.8,0.2,false
human,,7,8,A,B,0,1,true
human,,7,8,A,C,0,1,true
human,,7,8,A,D,0,1,true
human,,7,8,A,E,1,0,false
human,,7,8,A,F,1,0,false
human,,7,8,A,G,0,1,true
human,,7,8,A,H,1,0,false
human,,7,8,B,C,1,0,false
human,,7,8,B,D,0,1,true
human,,7,8,B,E,1,0,false
human,,7,8,B,F,1,0,false
human,,7,8,B,G,1,0,false
human,,7,8,B,H,1,0,false
human,,7,8,C,D,0,1,true
human,,7,8,C,E,1,0,false
human,,7,8,C,F,1,0,false
human,,7,8,C,G,1,0,false
human,,7,8,C,H,1,0,false
human,,7,8,D,E,1,0,false
human,,7,8,D,F,1,0,false
human,,7,8,D,G,1,0,false
human,,7,8,D,H,1,0,false
human,,7,8,E,F,0.1,0.9,true
human,,7,8,E,G,0,1,true
human,,7,8,E,H,1,0,false
human,,7,8,F,G,0,1,true
human,,7,8,F,H,1,0,false
human,,7,8,G,H,1,0,false
human,,8,9,A,B,1,0,false
human,,8,9,A,C,1,0,false
human,,8,9,A,D,1,0,false
human,,8,9,A,E,1,0,false
human,,8,9,A,F,1,0,false
human,,8,9,A,G,1,0,false
human,,8,9,A,H,1,0,false
human,,8,9,B,C,0,1,true
human,,8,9,B,D,0,1,true
human,,8,9,B,E,0,1,true
human,,8,9,B,F,0.3,0.7,true
human,,8,9,B,G,1,0,false
human,,8,9,B,H,1,0,false
human,,8,9,C,D,0.6,0.4,false
human,,8,9,C,E,0.5,0.5,true
human,,8,9,C,F,1,0,false
human,,8,9,C,G,1,0,false
human,,8,9,C,H,1,0,false
human,,8,9,D,E,0.8,0.2,false
human,,8,9,D,F,1,0,false
human,,8,9,D,G,1,0,false
human,,8,9,D,H,1,0,false
human,,8,9,E,F,1,0,false
human,,8,9,E,G,1,0,false
human,,8,9,E,H,1,0,false
human,,8,9,F,G,1,0,false
human,,8,9,F,H,0.9,0.1,false
human,,8,9,G,H,0.8,0.2,false
human,,9,10,A,B,1,0,false
human,,9,10,A,C,1,0,false
human,,9,10,A,D,1,0,false
human,,9,10,A,E,1,0,false
human,,9,10,A,F,1,0,false
human,,9,10,A,G,1,0,false
human,,9,10,A,H,1,0,false
human,,9,10,B,C,1,0,false
human,,9,10,B,D,1,0,false
human,,9,10,B,E,1,0,false
human,,9,10,B,F,1,0,false
human,,9,10,B,G,1,0,false
human,,9,10,B,H,1,0,false
human,,9,10,C,D,1,0,false
human,,9,10,C,E,1,0,false
human,,9,10,C,F,1,0,false
human,,9,10,C,G,1,0,false
human,,9,10,C,H,1,0,false
human,,9,10,D,E,1,0,false
human,,9,10,D,F,1,0,false
human,,9,10,D,G,1,0,false
human,,9,10,D,H,1,0,false
human,,9,10,E,F,1,0,false
human,,9,10,E,G,0,1,true
human,,9,10,E,H,1,0,false
human,,9,10,F,G,0,1,true
human,,9,10,F,H,0.9,0.1,false
human,,9,10,G,H,1,0,false
human,,10,11,A,B,0.8,0.2,false
human,,10,11,A,C,0.9,0.1,false
human,,10,11,A,D,0.7,0.3,false
human,,10,11,A,E,1,0,false
human,,10,11,A,F,1,0,false
human,,10,11,A,G,0.9,0.1,false
human,,10,11,A,H,1,0,false
human,,10,11,B,C,0.7,0.3,false
human,,10,11,B,D,0.6,0.4,false
human,,10,11,B,E,0.4,0.6,true
human,,10,11,B,F,0.8,0.2,false
human,,10,11,B,G,1,0,false
human,,10,11,B,H,1,0,false
human,,10,11,C,D,0.3,0.7,true
human,,10,11,C,E,0.6,0.4,false
human,,10,11,C,F,0.6,0.4,false
human,,10,11,C,G,0.7,0.3,false
human,,10,11,C,H,0.9,0.1,false
human,,10,11,D,E,0.4,0.6,true
human,,10,11,D,F,1,0,false
human,,10,11,D,G,1,0,false
human,,10,11,D,H,0.8,0.2,false
human,,10,11,E,F,1,0,false
human,,10,11,E,G,0.9,0.1,false
human,,10,11,E,H,0.8,0.2,false
human,,10,11,F,G,0.8,0.2,false
human,,10,11,F,H,0.5,0.5,true
human,,10,11,G,H,0.4,0.6,true
human,,11,12,A,B,0.8,0.2,false
human,,11,12,A,C,0.8,0.2,false
human,,11,12,A,D,0,1,true
human,,11,12,A,E,1,0,false
human,,11,12,A,F,1,0,false
human,,11,12,A,G,1,0,false
human,,11,12,A,H,1,0,false
human,,11,12,B,C,0.8,0.2,false
human,,11,12,B,D,0,1,true
human,,11,12,B,E,1,0,false
human,,11,12,B,F,0.9,0.1,false
human,,11,12,B,G,1,0,false
human,,11,12,B,H,1,0,false
human,,11,12,C,D,0,1,true
human,,11,12,C,E,1,0,false
human,,11,12,C,F,1,0,false
human,,11,12,C,G,0.9,0.1,false
human,,11,12,C,H,1,0,false
human,,11,12,D,E,1,0,false
human,,11,12,D,F,1,0,false
human,,11,12,D,G,1,0,false
human,,11,12,D,H,1,0,false
human,,11,12,E,F,0.3,0.7,true
human,,11,12,E,G,0,1,true
human,,11,12,E,H,1,0,false
human,,11,12,F,G,0.1,0.9,true
human,,11,12,F,H,1,0,false
human,,11,12,G,H,1,0,false
human,,12,13,A,B,0.6,0.4,false
human,,12,13,A,C,0.8,0.2,false
human,,12,13,A,D,0.8,0.2,false
human,,12,13,A,E,1,0,false
human,,12,13,A,F,1,0,false
human,,12,13,A,G,0.9,0.1,false
human,,12,13,A,H,1,0,false
human,,12,13,B,C,1,0,false
human,,12,13,B,D,1,0,false
human,,12,13,B,E,1,0,false
human,,12,13,B,F,1,0,false
human,,12,13,B,G,1,0,false
human,,12,13,B,H,1,0,false
human,,12,13,C,D,0.9,0.1,false
human,,12,13,C,E,1,0,false
human,,12,13,C,F,1,0,false
human,,12,13,C,G,1,0,false
human,,12,13,C,H,1,0,false
human,,12,13,D,E,1,0,false
human,,12,13,D,F,1,0,false
human,,12,13,D,G,1,0,false
human,,12,13,D,H,1,0,false
human,,12,13,E,F,0.3,0.7,true
human,,12,13,E,G,0.8,0.2,false
human,,12,13,E,H,1,0,false
human,,12,13,F,G,1,0,false
human,,12,13,F,H,1,0,false
human,,12,13,G,H,1,0,false
human,,13,16,A,B,0,1,true
human,,13,16,A,C,0,1,true
human,,13,16,A,D,1,0,false
human,,13,16,A,E,0.7,0.3,false
human,,13,16,A,F,1,0,false
human,,13,16,A,G,1,0,false
human,,13,16,A,H,1,0,false
human,,13,16,B,C,1,0,false
human,,13,16,B,D,1,0,false
human,,13,16,B,E,1,0,false
human,,13,16,B,F,1,0,false
human,,13,16,B,G,1,0,false
human,,13,16,B,H,1,0,false
human,,13,16,C,D,1,0,false
human,,13,16,C,E,1,0,false
human,,13,16,C,F,1,0,false
human,,13,16,C,G,1,0,false
human,,13,16,C,H,1,0,false
human,,13,16,D,E,0,1,true
human,,13,16,D,F,1,0,false
human,,13,16,D,G,1,0,false
human,,13,16,D,H,1,0,false
human,,13,16,E,F,1,0,false
human,,13,16,E,G,1,0,false
human,,13,16,E,H,1,0,false
human,,13,16,F,G,1,0,false
human,,13,16,F,H,1,0,false
human,,13,16,G,H,0.6,0.4,false
human,,14,17,A,B,1,0,false
human,,14,17,A,C,1,0,false
human,,14,17,A,D,1,0,false
human,,14,17,A,E,1,0,false
human,,14,17,A,F,1,0,false
human,,14,17,A,G,1,0,false
human,,14,17,A,H,1,0,false
human,,14,17,B,C,1,0,false
human,,14,17,B,D,1,0,false
human,,14,17,B,E,1,0,false
human,,14,17,B,F,1,0,false
human,,14,17,B,G,1,0,false
human,,14,17,B,H,1,0,false
human,,14,17,C,D,1,0,false
human,,14,17,C,E,1,0,false
human,,14,17,C,F,1,0,false
human,,14,17,C,G,1,0,false
human,,14,17,C,H,1,0,false
human,,14,17,D,E,1,0,false
human,,14,17,D,F,1,0,false
human,,14,17,D,G,1,0,false
human,,14,17,D,H,1,0,false
human,,14,17,E,F,0,1,true
human,,14,17,E,G,1,0,false
human,,14,17,E,H,1,0,false
human,,14,17,F,G,1,0,false
human,,14,17,F,H,1,0,false
human,,14,17,G,H,1,0,false
human,,15,18,A,B,1,0,false
human,,15,18,A,C,1,0,false
human,,15,18,A,D,1,0,false
human,,15,18,A,E,1,0,false
human,,15,18,A,F,1,0,false
human,,15,18,A,G,0,1,true
human,,15,18,A,H,1,0,false
human,,15,18,B,C,1,0,false
human,,15,18,B,D,1,0,false
human,,15,18,B,E,0.9,0.1,false
human,,15,18,B,F,1,0,false
human,,15,18,B,G,0,1,true
human,,15,18,B,H,1,0,false
human,,15,18,C,D,1,0,false
human,,15,18,C,E,1,0,false
human,,15,18,C,F,1,0,false
human,,15,18,C,G,0,1,true
human,,15,18,C,H,1,0,false
human,,15,18,D,E,0.9,0.1,false
human,,15,18,D,F,1,0,false
human,,15,18,D,G,0,1,true
human,,15,18,D,H,1,0,false
human,,15,18,E,F,1,0,false
human,,15,18,E,G,0,1,true
human,,15,18,E,H,1,0,false
human,,15,18,F,G,0,1,true
human,,15,18,F,H,1,0,false
human,,15,18,G,H,1,0,false
human,,16,20,A,B,0.4,0.6,true
human,,16,20,A,C,0.9,0.1,false
human,,16,20,A,D,1,0,false
human,,16,20,A,E,1,0,false
human,,16,20,A,F,1,0,false
human,,16,20,A,G,1,0,false
human,,16,20,A,H,1,0,false
human,,16,20,B,C,0.9,0.1,false
human,,16,20,B,D,1,0,false
human,,16,20,B,E,0.9,0.1,false
human,,16,20,B,F,1,0,false
human,,16,20,B,G,1,0,false
human,,16,20,B,H,1,0,false
human,,16,20,C,D,0.9,0.1,false
human,,16,20,C,E,0.5,0.5,true
human,,16,20,C,F,1,0,false
human,,16,20,C,G,0.9,0.1,false
human,,16,20,C,H,1,0,false
human,,16,20,D,E,0.4,0.6,true
human,,16,20,D,F,1,0,false
human,,16,20,D,G,0.9,0.1,false
human,,16,20,D,H,1,0,false
human,,16,20,E,F,1,0,false
human,,16,20,E,G,1,0,false
human,,16,20,E,H,0.9,0.1,false
human,,16,20,F,G,0.1,0.9,true
human,,16,20,F,H,0.2,0.8,true
human,,16,20,G,H,1,0,false
human,,17,21,A,B,1,0,false
human,,17,21,A,C,1,0,false
human,,17,21,A,D,1,0,false
human,,17,21,A,E,1,0,false
human,,17,21,A,F,1,0,false
human,,17,21,A,G,1,0,false
human,,17,21,A,H,1,0,false
human,,17,21,B,C,1,0,false
human,,17,21,B,D,0,1,true
human,,17,21,B,E,0.8,0.2,false
human,,17,21,B,F,0.7,0.3,false
human,,17,21,B,G,1,0,false
human,,17,21,B,H,1,0,false
human,,17,21,C,D,0,1,true
human,,17,21,C,E,0,1,true
human,,17,21,C,F,0,1,true
human,,17,21,C,G,0,1,true
human,,17,21,C,H,1,0,false
human,,17,21,D,E,1,0,false
human,,17,21,D,F,1,0,false
human,,17,21,D,G,1,0,false
human,,17,21,D,H,1,0,false
human,,17,21,E,F,0,1,true
human,,17,21,E,G,1,0,false
human,,17,21,E,H,1,0,false
human,,17,21,F,G,1,0,false
human,,17,21,F,H,1,0,false
human,,17,21,G,H,1,0,false
human,,18,22,A,B,0,1,true
human,,18,22,A,C,0.1,0.9,true
human,,18,22,A,D,0.1,0.9,true
human,,18,22,A,E,0.8,0.2,false
human,,18,22,A,F,1,0,false
human,,18,22,A,G,0.1,0.9,true
human,,18,22,A,H,1,0,false
human,,18,22,B,C,0.9,0.1,false
human,,18,22,B,D,0.8,0.2,false
human,,18,22,B,E,1,0,false
human,,18,22,B,F,1,0,false
human,,18,22,B,G,1,0,false
human,,18,22,B,H,1,0,false
human,,18,22,C,D,0.9,0.1,false
human,,18,22,C,E,1,0,false
human,,18,22,C,F,1,0,false
human,,18,22,C,G,1,0,false
human,,18,22,C,H,1,0,false
human,,18,22,D,E,0.9,0.1,false
human,,18,22,D,F,1,0,false
human,,18,22,D,G,1,0,false
human,,18,22,D,H,1,0,false
human,,18,22,E,F,1,0,false
human,,18,22,E,G,0.1,0.9,true
human,,18,22,E,H,1,0,false
human,,18,22,F,G,0.1,0.9,true
human,,18,22,F,H,1,0,false
human,,18,22,G,H,1,0,false
human,,19,23,A,B,0.1,0.9,true
human,,19,23,A,C,1,0,false
human,,19,23,A,D,1,0,false
human,,19,23,A,E,0.9,0.1,false
human,,19,23,A,F,1,0,false
human,,19,23,A,G,1,0,false
human,,19,23,A,H,1,0,false
human,,19,23,B,C,1,0,false
human,,19,23,B,D,0.9,0.1,false
human,,19,23,B,E,0.9,0.1,false
human,,19,23,B,F,0.9,0.1,false
human,,19,23,B,G,1,0,false
human,,19,23,B,H,1,0,false
human,,19,23,C,D,0.9,0.1,false
human,,19,23,C,E,1,0,false
human,,19,23,C,F,1,0,false
human,,19,23,C,G,1,0,false
human,,19,23,C,H,1,0,false
human,,19,23,D,E,1,0,false
human,,19,23,D,F,1,0,false
human,,19,23,D,G,1,0,false
human,,19,23,D,H,1,0,false
human,,19,23,E,F,1,0,false
human,,19,23,E,G,0.1,0.9,true
human,,19,23,E,H,1,0,false
human,,19,23,F,G,0.2,0.8,true
human,,19,23,F,H,0.9,0.1,false
human,,19,23,G,H,0.9,0.1,false
human,,20,24,A,B,0.9,0.1,false
human,,20,24,A,C,1,0,false
human,,20,24,A,D,0.9,0.1,false
human,,20,24,A,E,1,0,false
human,,20,24,A,F,0.3,0.7,true
human,,20,24,A,G,1,0,false
human,,20,24,A,H,1,0,false
human,,20,24,B,C,1,0,false
human,,20,24,B,D,0.9,0.1,false
human,,20,24,B,E,1,0,false
human,,20,24,B,F,0,1,true
human,,20,24,B,G,0.9,0.1,false
human,,20,24,B,H,1,0,false
human,,20,24,C,D,0.8,0.2,false
human,,20,24,C,E,0.9,0.1,false
human,,20,24,C,F,0,1,true
human,,20,24,C,G,1,0,false
human,,20,24,C,H,1,0,false
human,,20,24,D,E,0.8,0.2,false
human,,20,24,D,F,0.2,0.8,true
human,,20,24,D,G,0.8,0.2,false
human,,20,24,D,H,1,0,false
human,,20,24,E,F,0.1,0.9,true
human,,20,24,E,G,1,0,false
human,,20,24,E,H,1,0,false
human,,20,24,F,G,0.9,0.1,false
human,,20,24,F,H,1,0,false
human,,20,24,G,H,0.8,0.2,false
human,,21,25,A,B,0.2,0.8,true
human,,21,25,A,C,0,1,true
human,,21,25,A,D,0.3,0.7,true
human,,21,25,A,E,0.3,0.7,true
human,,21,25,A,F,0.9,0.1,false
human,,21,25,A,G,0.3,0.7,true
human,,21,25,A,H,0.4,0.6,true
human,,21,25,B,C,1,0,false
human,,21,25,B,D,1,0,false
human,,21,25,B,E,1,0,false
human,,21,25,B,F,1,0,false
human,,21,25,B,G,1,0,false
human,,21,25,B,H,1,0,false
human,,21,25,C,D,0.9,0.1,false
human,,21,25,C,E,1,0,false
human,,21,25,C,F,1,0,false
human,,21,25,C,G,1,0,false
human,,21,25,C,H,1,0,false
human,,21,25,D,E,0.9,0.1,false
human,,21,25,D,F,1,0,false
human,,21,25,D,G,1,0,false
human,,21,25,D,H,1,0,false
human,,21,25,E,F,0.6,0.4,false
human,,21,25,E,G,0,1,true
human,,21,25,E,H,1,0,false
human,,21,25,F,G,0.4,0.6,true
human,,21,25,F,H,0.4,0.6,true
human,,21,25,G,H,1,0,false
human,,22,26,A,B,1,0,false
human,,22,26,A,C,1,0,false
human,,22,26,A,D,1,0,false
human,,22,26,A,E,1,0,false
human,,22,26,A,F,1,0,false
human,,22,26,A,G,1,0,false
human,,22,26,A,H,1,0,false
human,,22,26,B,C,0.8,0.2,false
human,,22,26,B,D,1,0,false
human,,22,26,B,E,1,0,false
human,,22,26,B,F,1,0,false
human,,22,26,B,G,1,0,false
human,,22,26,B,H,1,0,false
human,,22,26,C,D,1,0,false
human,,22,26,C,E,0.8,0.2,false
human,,22,26,C,F,1,0,false
human,,22,26,C,G,1,0,false
human,,22,26,C,H,1,0,false
human,,22,26,D,E,0,1,true
human,,22,26,D,F,0.5,0.5,true
human,,22,26,D,G,1,0,false
human,,22,26,D,H,0,1,true
human,,22,26,E,F,1,0,false
human,,22,26,E,G,1,0,false
human,,22,26,E,H,1,0,false
human,,22,26,F,G,1,0,false
human,,22,26,F,H,0,1,true
human,,22,26,G,H,0,1,true
human,,23,27,A,B,1,0,false
human,,23,27,A,C,0.9,0.1,false
human,,23,27,A,D,1,0,false
human,,23,27,A,E,1,0,false
human,,23,27,A,F,1,0,false
human,,23,27,A,G,1,0,false
human,,23,27,A,H,1,0,false
human,,23,27,B,C,0.8,0.2,false
human,,23,27,B,D,1,0,false
human,,23,27,B,E,1,0,false
human,,23,27,B,F,1,0,false
human,,23,27,B,G,1,0,false
human,,23,27,B,H,1,0,false
human,,23,27,C,D,0.8,0.2,false
human,,23,27,C,E,1,0,false
human,,23,27,C,F,1,0,false
human,,23,27,C,G,1,0,false
human,,23,27,C,H,1,0,false
human,,23,27,D,E,1,0,false
human,,23,27,D,F,0.5,0.5,true
human,,23,27,D,G,1,0,false
human,,23,27,D,H,1,0,false
human,,23,27,E,F,0.6,0.4,false
human,,23,27,E,G,1,0,false
human,,23,27,E,H,0.7,0.3,false
human,,23,27,F,G,1,0,false
human,,23,27,F,H,0.9,0.1,false
human,,23,27,G,H,0,1,true
human,,24,28,A,B,1,0,false
human,,24,28,A,C,1,0,false
human,,24,28,A,D,1,0,false
human,,24,28,A,E,1,0,false
human,,24,28,A,F,0.9,0.1,false
human,,24,28,A,G,1,0,false
human,,24,28,A,H,1,0,false
human,,24,28,B,C,0.9,0.1,false
human,,24,28,B,D,0.9,0.1,false
human,,24,28,B,E,1,0,false
human,,24,28,B,F,0.9,0.1,false
human,,24,28,B,G,1,0,false
human,,24,28,B,H,1,0,false
human,,24,28,C,D,0.2,0.8,true
human,,24,28,C,E,1,0,false
human,,24,28,C,F,0.5,0.5,true
human,,24,28,C,G,1,0,false
human,,24,28,C,H,1,0,false
human,,24,28,D,E,1,0,false
human,,24,28,D,F,0.7,0.3,false
human,,24,28,D,G,1,0,false
human,,24,28,D,H,1,0,false
human,,24,28,E,F,0,1,true
human,,24,28,E,G,0,1,true
human,,24,28,E,H,1,0,false
human,,24,28,F,G,1,0,false
human,,24,28,F,H,1,0,false
human,,24,28,G,H,1,0,false
human,,25,29,A,B,1,0,false
human,,25,29,A,C,1,0,false
human,,25,29,A,D,1,0,false
human,,25,29,A,E,1,0,false
human,,25,29,A,F,0.9,0.1,false
human,,25,29,A,G,1,0,false
human,,25,29,A,H,1,0,false
human,,25,29,B,C,0.9,0.1,false
human,,25,29,B,D,1,0,false
human,,25,29,B,E,1,0,false
human,,25,29,B,F,1,0,false
human,,25,29,B,G,1,0,false
human,,25,29,B,H,1,0,false
human,,25,29,C,D,1,0,false
human,,25,29,C,E,1,0,false
human,,25,29,C,F,1,0,false
human,,25,29,C,G,1,0,false
human,,25,29,C,H,1,0,false
human,,25,29,D,E,0,1,true
human,,25,29,D,F,0.9,0.1,false
human,,25,29,D,G,1,0,false
human,,25,29,D,H,1,0,false
human,,25,29,E,F,1,0,false
human,,25,29,E,G,1,0,false
human,,25,29,E,H,1,0,false
human,,25,29,F,G,1,0,false
human,,25,29,F,H,1,0,false
human,,25,29,G,H,0,1,true
human,,26,30,A,B,0,1,true
human,,26,30,A,C,0.1,0.9,true
human,,26,30,A,D,0.8,0.2,false
human,,26,30,A,E,0.5,0.5,true
human,,26,30,A,F,1,0,false
human,,26,30,A,G,0.2,0.8,true
human,,26,30,A,H,1,0,false
human,,26,30,B,C,1,0,false
human,,26,30,B,D,1,0,false
human,,26,30,B,E,0.9,0.1,false
human,,26,30,B,F,1,0,false
human,,26,30,B,G,1,0,false
human,,26,30,B,H,1,0,false
human,,26,30,C,D,0.8,0.2,false
human,,26,30,C,E,0.4,0.6,true
human,,26,30,C,F,1,0,false
human,,26,30,C,G,0.7,0.3,false
human,,26,30,C,H,1,0,false
human,,26,30,D,E,0.2,0.8,true
human,,26,30,D,F,1,0,false
human,,26,30,D,G,0.4,0.6,true
human,,26,30,D,H,1,0,false
human,,26,30,E,F,1,0,false
human,,26,30,E,G,0.9,0.1,false
human,,26,30,E,H,1,0,false
human,,26,30,F,G,0,1,true
human,,26,30,F,H,0.7,0.3,false
human,,26,30,G,H,1,0,false
human,,27,31,A,B,0.9,0.1,false
human,,27,31,A,C,0.9,0.1,false
human,,27,31,A,D,1,0,false
human,,27,31,A,E,0.9,0.1,false
human,,27,31,A,F,0.9,0.1,false
human,,27,31,A,G,1,0,false
human,,27,31,A,H,1,0,false
human,,27,31,B,C,0.9,0.1,false
human,,27,31,B,D,0.9,0.1,false
human,,27,31,B,E,0.9,0.1,false
human,,27,31,B,F,0.8,0.2,false
human,,27,31,B,G,0.9,0.1,false
human,,27,31,B,H,1,0,false
human,,27,31,C,D,0.8,0.2,false
human,,27,31,C,E,0.7,0.3,false
human,,27,31,C,F,0.4,0.6,true
human,,27,31,C,G,0.7,0.3,false
human,,27,31,C,H,0.9,0.1,false
human,,27,31,D,E,0.7,0.3,false
human,,27,31,D,F,0.1,0.9,true
human,,27,31,D,G,0.3,0.7,true
human,,27,31,D,H,1,0,false
human,,27,31,E,F,0.2,0.8,true
human,,27,31,E,G,0.2,0.8,true
human,,27,31,E,H,0.9,0.1,false
human,,27,31,F,G,0.7,0.3,false
human,,27,31,F,H,1,0,false
human,,27,31,G,H,1,0,false
human,,28,32,A,B,1,0,false
human,,28,32,A,C,1,0,false
human,,28,32,A,D,1,0,false
human,,28,32,A,E,1,0,false
human,,28,32,A,F,1,0,false
human,,28,32,A,G,1,0,false
human,,28,32,A,H,1,0,false
human,,28,32,B,C,1,0,false
human,,28,32,B,D,1,0,false
human,,28,32,B,E,1,0,false
human,,28,32,B,F,1,0,false
human,,28,32,B,G,1,0,false
human,,28,32,B,H,1,0,false
human,,28,32,C,D,1,0,false
human,,28,32,C,E,1,0,false
human,,28,32,C,F,1,0,false
human,,28,32,C,G,1,0,false
human,,28,32,C,H,1,0,false
human,,28,32,D,E,0,1,true
human,,28,32,D,F,0.8,0.2,false
human,,28,32,D,G,1,0,false
human,,28,32,D,H,1,0,false
human,,28,32,E,F,0.9,0.1,false
human,,28,32,E,G,1,0,false
human,,28,32,E,H,1,0,false
human,,28,32,F,G,0.9,0.1,false
human,,28,32,F,H,1,0,false
human,,28,32,G,H,1,0,false
human,,29,33,A,B,0.8,0.2,false
human,,29,33,A,C,1,0,false
human,,29,33,A,D,0.8,0.2,false
human,,29,33,A,E,1,0,false
human,,29,33,A,F,1,0,false
human,,29,33,A,G,1,0,false
human,,29,33,A,H,1,0,false
human,,29,33,B,C,0.9,0.1,false
human,,29,33,B,D,0.9,0.1,false
human,,29,33,B,E,1,0,false
human,,29,33,B,F,1,0,false
human,,29,33,B,G,1,0,false
human,,29,33,B,H,1,0,false
human,,29,33,C,D,0.4,0.6,true
human,,29,33,C,E,1,0,false
human,,29,33,C,F,1,0,false
human,,29,33,C,G,0.8,0.2,false
human,,29,33,C,H,1,0,false
human,,29,33,D,E,1,0,false
human,,29,33,D,F,1,0,false
human,,29,33,D,G,0.8,0.2,false
human,,29,33,D,H,1,0,false
human,,29,33,E,F,0.7,0.3,false
human,,29,33,E,G,0,1,true
human,,29,33,E,H,1,0,false
human,,29,33,F,G,0.1,0.9,true
human,,29,33,F,H,0.9,0.1,false
human,,29,33,G,H,1,0,false
human,,30,34,A,B,1,0,false
human,,30,34,A,C,1,0,false
human,,30,34,A,D,1,0,false
human,,30,34,A,E,1,0,false
human,,30,34,A,F,1,0,false
human,,30,34,A,G,1,0,false
human,,30,34,A,H,1,0,false
human,,30,34,B,C,0.7,0.3,false
human,,30,34,B,D,1,0,false
human,,30,34,B,E,1,0,false
human,,30,34,B,F,1,0,false
human,,30,34,B,G,1,0,false
human,,30,34,B,H,1,0,false
human,,30,34,C,D,0.9,0.1,false
human,,30,34,C,E,1,0,false
human,,30,34,C,F,1,0,false
human,,30,34,C,G,1,0,false
human,,30,34,C,H,1,0,false
human,,30,34,D,E,0.9,0.1,false
human,,30,34,D,F,1,0,false
human,,30,34,D,G,1,0,false
human,,30,34,D,H,1,0,false
human,,30,34,E,F,0.7,0.3,false
human,,30,34,E,G,1,0,false
human,,30,34,E,H,1,0,false
human,,30,34,F,G,1,0,false
human,,30,34,F,H,0.8,0.2,false
human,,30,34,G,H,0,1,true
human,,31,35,A,B,0.9,0.1,false
human,,31,35,A,C,0.8,0.2,false
human,,31,35,A,D,0.9,0.1,false
human,,31,35,A,E,0.8,0.2,false
human,,31,35,A,F,0.8,0.2,false
human,,31,35,A,G,0.9,0.1,false
human,,31,35,A,H,0.9,0.1,false
human,,31,35,B,C,0.8,0.2,false
human,,31,35,B,D,0.9,0.1,false
human,,31,35,B,E,1,0,false
human,,31,35,B,F,0.8,0.2,false
human,,31,35,B,G,1,0,false
human,,31,35,B,H,1,0,false
human,,31,35,C,D,0.7,0.3,false
human,,31,35,C,E,0.4,0.6,true
human,,31,35,C,F,0.8,0.2,false
human,,31,35,C,G,0.8,0.2,false
human,,31,35,C,H,1,0,false
human,,31,35,D,E,0.3,0.7,true
human,,31,35,D,F,0.9,0.1,false
human,,31,35,D,G,0.5,0.5,true
human,,31,35,D,H,0.9,0.1,false
human,,31,35,E,F,1,0,false
human,,31,35,E,G,0.7,0.3,false
human,,31,35,E,H,1,0,false
human,,31,35,F,G,0.4,0.6,true
human,,31,35,F,H,0.4,0.6,true
human,,31,35,G,H,1,0,false
human,,32,36,A,B,1,0,false
human,,32,36,A,C,0.9,0.1,false
human,,32,36,A,D,1,0,false
human,,32,36,A,E,1,0,false
human,,32,36,A,F,1,0,false
human,,32,36,A,G,1,0,false
human,,32,36,A,H,1,0,false
human,,32,36,B,C,1,0,false
human,,32,36,B,D,1,0,false
human,,32,36,B,E,1,0,false
human,,32,36,B,F,1,0,false
human,,32,36,B,G,1,0,false
human,,32,36,B,H,1,0,false
human,,32,36,C,D,1,0,false
human,,32,36,C,E,1,0,false
human,,32,36,C,F,1,0,false
human,,32,36,C,G,1,0,false
human,,32,36,C,H,1,0,false
human,,32,36,D,E,0.9,0.1,false
human,,32,36,D,F,0.9,0.1,false
human,,32,36,D,G,0,1,true
human,,32,36,D,H,1,0,false
human,,32,36,E,F,1,0,false
human,,32,36,E,G,0,1,true
human,,32,36,E,H,1,0,false
human,,32,36,F,G,0,1,true
human,,32,36,F,H,1,0,false
human,,32,36,G,H,1,0,false
human,,33,37,A,B,1,0,false
human,,33,37,A,C,0.9,0.1,false
human,,33,37,A,D,0.7,0.3,false
human,,33,37,A,E,1,0,false
human,,33,37,A,F,1,0,false
human,,33,37,A,G,1,0,false
human,,33,37,A,H,1,0,false
human,,33,37,B,C,0.5,0.5,true
human,,33,37,B,D,0,1,true
human,,33,37,B,E,0.7,0.3,false
human,,33,37,B,F,0.4,0.6,true
human,,33,37,B,G,1,0,false
human,,33,37,B,H,1,0,false
human,,33,37,C,D,0,1,true
human,,33,37,C,E,0.6,0.4,false
human,,33,37,C,F,0.2,0.8,true
human,,33,37,C,G,1,0,false
human,,33,37,C,H,1,0,false
human,,33,37,D,E,0.8,0.2,false
human,,33,37,D,F,1,0,false
human,,33,37,D,G,1,0,false
human,,33,37,D,H,1,0,false
human,,33,37,E,F,0.2,0.8,true
human,,33,37,E,G,0.6,0.4,false
human,,33,37,E,H,0.9,0.1,false
human,,33,37,F,G,0.8,0.2,false
human,,33,37,F,H,1,0,false
human,,33,37,G,H,0.9,0.1,false
human,,34,38,A,B,1,0,false
human,,34,38,A,C,1,0,false
human,,34,38,A,D,1,0,false
human,,34,38,A,E,1,0,false
human,,34,38,A,F,1,0,false
human,,34,38,A,G,1,0,false
human,,34,38,A,H,1,0,false
human,,34,38,B,C,1,0,false
human,,34,38,B,D,1,0,false
human,,34,38,B,E,1,0,false
human,,34,38,B,F,1,0,false
human,,34,38,B,G,1,0,false
human,,34,38,B,H,1,0,false
human,,34,38,C,D,1,0,false
human,,34,38,C,E,1,0,false
human,,34,38,C,F,1,0,false
human,,34,38,C,G,1,0,false
human,,34,38,C,H,1,0,false
human,,34,38,D,E,0.4,0.6,true
human,,34,38,D,F,0.9,0.1,false
human,,34,38,D,G,0,1,true
human,,34,38,D,H,0.5,0.5,true
human,,34,38,E,F,0.6,0.4,false
human,,34,38,E,G,0,1,true
human,,34,38,E,H,0.7,0.3,false
human,,34,38,F,G,0,1,true
human,,34,38,F,H,0.5,0.5,true
human,,34,38,G,H,1,0,false
human,,35,39,A,B,1,0,false
human,,35,39,A,C,0.9,0.1,false
human,,35,39,A,D,1,0,false
human,,35,39,A,E,0.9,0.1,false
human,,35,39,A,F,1,0,false
human,,35,39,A,G,1,0,false
human,,35,39,A,H,1,0,false
human,,35,39,B,C,0.3,0.7,true
human,,35,39,B,D,0,1,true
human,,35,39,B,E,0.8,0.2,false
human,,35,39,B,F,0.2,0.8,true
human,,35,39,B,G,1,0,false
human,,35,39,B,H,1,0,false
human,,35,39,C,D,0.2,0.8,true
human,,35,39,C,E,1,0,false
human,,35,39,C,F,0.7,0.3,false
human,,35,39,C,G,1,0,false
human,,35,39,C,H,1,0,false
human,,35,39,D,E,1,0,false
human,,35,39,D,F,0.9,0.1,false
human,,35,39,D,G,1,0,false
human,,35,39,D,H,1,0,false
human,,35,39,E,F,0.1,0.9,true
human,,35,39,E,G,0.9,0.1,false
human,,35,39,E,H,0.9,0.1,false
human,,35,39,F,G,1,0,false
human,,35,39,F,H,1,0,false
human,,35,39,G,H,1,0,false
human,,36,40,A,B,0,1,true
human,,36,40,A,C,0.2,0.8,true
human,,36,40,A,D,0.9,0.1,false
human,,36,40,A,E,1,0,false
human,,36,40,A,F,1,0,false
human,,36,40,A,G,1,0,false
human,,36,40,A,H,1,0,false
human,,36,40,B,C,0.8,0.2,false
human,,36,40,B,D,1,0,false
human,,36,40,B,E,1,0,false
human,,36,40,B,F,1,0,false
human,,36,40,B,G,1,0,false
human,,36,40,B,H,1,0,false
human,,36,40,C,D,0.9,0.1,false
human,,36,40,C,E,1,0,false
human,,36,40,C,F,1,0,false
human,,36,40,C,G,1,0,false
human,,36,40,C,H,1,0,false
human,,36,40,D,E,1,0,false
human,,36,40,D,F,1,0,false
human,,36,40,D,G,1,0,false
human,,36,40,D,H,1,0,false
human,,36,40,E,F,1,0,false
human,,36,40,E,G,0.9,0.1,false
human,,36,40,E,H,1,0,false
human,,36,40,F,G,0.8,0.2,false
human,,36,40,F,H,1,0,false
human,,36,40,G,H,0.9,0.1,false
human,,37,41,A,B,1,0,false
human,,37,41,A,C,1,0,false
human,,37,41,A,D,1,0,false
human,,37,41,A,E,1,0,false
human,,37,41,A,F,1,0,false
human,,37,41,A,G,1,0,false
human,,37,41,A,H,1,0,false
human,,37,41,B,C,1,0,false
human,,37,41,B,D,1,0,false
human,,37,41,B,E,1,0,false
human,,37,41,B,F,1,0,false
human,,37,41,B,G,1,0,false
human,,37,41,B,H,1,0,false
human,,37,41,C,D,0.9,0.1,false
human,,37,41,C,E,1,0,false
human,,37,41,C,F,1,0,false
human,,37,41,C,G,0.9,0.1,false
human,,37,41,C,H,1,0,false
human,,37,41,D,E,0.8,0.2,false
human,,37,41,D,F,1,0,false
human,,37,41,D,G,1,0,false
human,,37,41,D,H,1,0,false
human,,37,41,E,F,1,0,false
human,,37,41,E,G,1,0,false
human,,37,41,E,H,1,0,false
human,,37,41,F,G,0.2,0.8,true
human,,37,41,F,H,1,0,false
human,,37,41,G,H,1,0,false
human,,38,42,A,B,1,0,false
human,,38,42,A,C,1,0,false
human,,38,42,A,D,0.8,0.2,false
human,,38,42,A,E,1,0,false
human,,38,42,A,F,1,0,false
human,,38,42,A,G,1,0,false
human,,38,42,A,H,1,0,false
human,,38,42,B,C,0.5,0.5,true
human,,38,42,B,D,0,1,true
human,,38,42,B,E,0.8,0.2,false
human,,38,42,B,F,0,1,true
human,,38,42,B,G,1,0,false
human,,38,42,B,H,0.9,0.1,false
human,,38,42,C,D,0,1,true
human,,38,42,C,E,1,0,false
human,,38,42,C,F,0.1,0.9,true
human,,38,42,C,G,1,0,false
human,,38,42,C,H,1,0,false
human,,38,42,D,E,1,0,false
human,,38,42,D,F,0.9,0.1,false
human,,38,42,D,G,1,0,false
human,,38,42,D,H,1,0,false
human,,38,42,E,F,0.1,0.9,true
human,,38,42,E,G,0.9,0.1,false
human,,38,42,E,H,1,0,false
human,,38,42,F,G,1,0,false
human,,38,42,F,H,1,0,false
human,,38,42,G,H,0.9,0.1,false
human,,39,43,A,B,1,0,false
human,,39,43,A,C,1,0,false
human,,39,43,A,D,1,0,false
human,,39,43,A,E,1,0,false
human,,39,43,A,F,1,0,false
human,,39,43,A,G,0.9,0.1,false
human,,39,43,A,H,1,0,false
human,,39,43,B,C,0.6,0.4,false
human,,39,43,B,D,0.6,0.4,false
human,,39,43,B,E,0.6,0.4,false
human,,39,43,B,F,0.9,0.1,false
human,,39,43,B,G,1,0,false
human,,39,43,B,H,1,0,false
human,,39,43,C,D,0.9,0.1,false
human,,39,43,C,E,0.7,0.3,false
human,,39,43,C,F,1,0,false
human,,39,43,C,G,0.9,0.1,false
human,,39,43,C,H,1,0,false
human,,39,43,D,E,0.5,0.5,true
human,,39,43,D,F,1,0,false
human,,39,43,D,G,1,0,false
human,,39,43,D,H,1,0,false
human,,39,43,E,F,0.9,0.1,false
human,,39,43,E,G,1,0,false
human,,39,43,E,H,1,0,false
human,,39,43,F,G,0.9,0.1,false
human,,39,43,F,H,1,0,false
human,,39,43,G,H,1,0,false
human,,40,44,A,B,1,0,false
human,,40,44,A,C,1,0,false
human,,40,44,A,D,1,0,false
human,,40,44,A,E,1,0,false
human,,40,44,A,F,1,0,false
human,,40,44,A,G,1,0,false
human,,40,44,A,H,1,0,false
human,,40,44,B,C,1,0,false
human,,40,44,B,D,1,0,false
human,,40,44,B,E,1,0,false
human,,40,44,B,F,0.9,0.1,false
human,,40,44,B,G,1,0,false
human,,40,44,B,H,1,0,false
human,,40,44,C,D,1,0,false
human,,40,44,C,E,1,0,false
human,,40,44,C,F,1,0,false
human,,40,44,C,G,1,0,false
human,,40,44,C,H,1,0,false
human,,40,44,D,E,0.8,0.2,false
human,,40,44,D,F,1,0,false
human,,40,44,D,G,1,0,false
human,,40,44,D,H,1,0,false
human,,40,44,E,F,0.9,0.1,false
human,,40,44,E,G,1,0,false
human,,40,44,E,H,0.9,0.1,false
human,,40,44,F,G,1,0,false
human,,40,44,F,H,0.1,0.9,true
human,,40,44,G,H,0,1,true
human,,41,45,A,B,0.6,0.4,false
human,,41,45,A,C,0.8,0.2,false
human,,41,45,A,D,1,0,false
human,,41,45,A,E,1,0,false
human,,41,45,A,F,1,0,false
human,,41,45,A,G,1,0,false
human,,41,45,A,H,1,0,false
human,,41,45,B,C,0.9,0.1,false
human,,41,45,B,D,1,0,false
human,,41,45,B,E,1,0,false
human,,41,45,B,F,1,0,false
human,,41,45,B,G,1,0,false
human,,41,45,B,H,1,0,false
human,,41,45,C,D,1,0,false
human,,41,45,C,E,1,0,false
human,,41,45,C,F,0.9,0.1,false
human,,41,45,C,G,1,0,false
human,,41,45,C,H,1,0,false
human,,41,45,D,E,0.7,0.3,false
human,,41,45,D,F,1,0,false
human,,41,45,D,G,0.7,0.3,false
human,,41,45,D,H,1,0,false
human,,41,45,E,F,0.8,0.2,false
human,,41,45,E,G,0.6,0.4,false
human,,41,45,E,H,1,0,false
human,,41,45,F,G,0,1,true
human,,41,45,F,H,1,0,false
human,,41,45,G,H,1,0,false
human,,42,46,A,B,1,0,false
human,,42,46,A,C,1,0,false
human,,42,46,A,D,1,0,false
human,,42,46,A,E,1,0,false
human,,42,46,A,F,1,0,false
human,,42,46,A,G,1,0,false
human,,42,46,A,H,1,0,false
human,,42,46,B,C,1,0,false
human,,42,46,B,D,1,0,false
human,,42,46,B,E,1,0,false
human,,42,46,B,F,1,0,false
human,,42,46,B,G,1,0,false
human,,42,46,B,H,1,0,false
human,,42,46,C,D,0.8,0.2,false
human,,42,46,C,E,1,0,false
human,,42,46,C,F,1,0,false
human,,42,46,C,G,1,0,false
human,,42,46,C,H,1,0,false
human,,42,46,D,E,1,0,false
human,,42,46,D,F,1,0,false
human,,42,46,D,G,1,0,false
human,,42,46,D,H,1,0,false
human,,42,46,E,F,1,0,false
human,,42,46,E,G,0,1,true
human,,42,46,E,H,1,0,false
human,,42,46,F,G,0.2,0.8,true
human,,42,46,F,H,1,0,false
human,,42,46,G,H,1,0,false
human,,43,47,A,B,1,0,false
human,,43,47,A,C,1,0,false
human,,43,47,A,D,1,0,false
human,,43,47,A,E,1,0,false
human,,43,47,A,F,1,0,false
human,,43,47,A,G,1,0,false
human,,43,47,A,H,1,0,false
human,,43,47,B,C,0.9,0.1,false
human,,43,47,B,D,0.9,0.1,false
human,,43,47,B,E,1,0,false
human,,43,47,B,F,1,0,false
human,,43,47,B,G,1,0,false
human,,43,47,B,H,1,0,false
human,,43,47,C,D,0.3,0.7,true
human,,43,47,C,E,1,0,false
human,,43,47,C,F,0.9,0.1,false
human,,43,47,C,G,1,0,false
human,,43,47,C,H,1,0,false
human,,43,47,D,E,1,0,false
human,,43,47,D,F,1,0,false
human,,43,47,D,G,1,0,false
human,,43,47,D,H,1,0,false
human,,43,47,E,F,0.1,0.9,true
human,,43,47,E,G,1,0,false
human,,43,47,E,H,1,0,false
human,,43,47,F,G,1,0,false
human,,43,47,F,H,1,0,false
human,,43,47,G,H,1,0,false
human,,44,48,A,B,1,0,false
human,,44,48,A,C,0.9,0.1,false
human,,44,48,A,D,1,0,false
human,,44,48,A,E,1,0,false
human,,44,48,A,F,1,0,false
human,,44,48,A,G,1,0,false
human,,44,48,A,H,1,0,false
human,,44,48,B,C,1,0,false
human,,44,48,B,D,1,0,false
human,,44,48,B,E,1,0,false
human,,44,48,B,F,1,0,false
human,,44,48,B,G,1,0,false
human,,44,48,B,H,1,0,false
human,,44,48,C,D,1,0,false
human,,44,48,C,E,1,0,false
human,,44,48,C,F,1,0,false
human,,44,48,C,G,1,0,false
human,,44,48,C,H,1,0,false
human,,44,48,D,E,0.1,0.9,true
human,,44,48,D,F,0.2,0.8,true
human,,44,48,D,G,1,0,false
human,,44,48,D,H,0.3,0.7,true
human,,44,48,E,F,0.9,0.1,false
human,,44,48,E,G,0.9,0.1,false
human,,44,48,E,H,0.9,0.1,false
human,,44,48,F,G,0.9,0.1,false
human,,44,48,F,H,0.6,0.4,false
human,,44,48,G,H,0.4,0.6,true
human,,45,49,A,B,1,0,false
human,,45,49,A,C,0.9,0.1,false
human,,45,49,A,D,0.9,0.1,false
human,,45,49,A,E,0.9,0.1,false
human,,45,49,A,F,1,0,false
human,,45,49,A,G,1,0,false
human,,45,49,A,H,1,0,false
human,,45,49,B,C,0.2,0.8,true
human,,45,49,B,D,0,1,true
human,,45,49,B,E,0.4,0.6,true
human,,45,49,B,F,1,0,false
human,,45,49,B,G,1,0,false
human,,45,49,B,H,1,0,false
human,,45,49,C,D,0,1,true
human,,45,49,C,E,0.7,0.3,false
human,,45,49,C,F,1,0,false
human,,45,49,C,G,1,0,false
human,,45,49,C,H,1,0,false
human,,45,49,D,E,1,0,false
human,,45,49,D,F,1,0,false
human,,45,49,D,G,1,0,false
human,,45,49,D,H,1,0,false
human,,45,49,E,F,1,0,false
human,,45,49,E,G,1,0,false
human,,45,49,E,H,1,0,false
human,,45,49,F,G,0,1,true
human,,45,49,F,H,1,0,false
human,,45,49,G,H,1,0,false
human,,46,51,A,B,0.9,0.1,false
human,,46,51,A,C,1,0,false
human,,46,51,A,D,1,0,false
human,,46,51,A,E,1,0,false
human,,46,51,A,F,1,0,false
human,,46,51,A,G,1,0,false
human,,46,51,A,H,1,0,false
human,,46,51,B,C,0.8,0.2,false
human,,46,51,B,D,1,0,false
human,,46,51,B,E,0.9,0.1,false
human,,46,51,B,F,1,0,false
human,,46,51,B,G,1,0,false
human,,46,51,B,H,1,0,false
human,,46,51,C,D,1,0,false
human,,46,51,C,E,1,0,false
human,,46,51,C,F,0.9,0.1,false
human,,46,51,C,G,1,0,false
human,,46,51,C,H,1,0,false
human,,46,51,D,E,0,1,true
human,,46,51,D,F,0.8,0.2,false
human,,46,51,D,G,1,0,false
human,,46,51,D,H,1,0,false
human,,46,51,E,F,1,0,false
human,,46,51,E,G,1,0,false
human,,46,51,E,H,1,0,false
human,,46,51,F,G,1,0,false
human,,46,51,F,H,1,0,false
human,,46,51,G,H,0.9,0.1,false
human,,47,52,A,B,0.2,0.8,true
human,,47,52,A,C,0.9,0.1,false
human,,47,52,A,D,1,0,false
human,,47,52,A,E,0.7,0.3,false
human,,47,52,A,F,1,0,false
human,,47,52,A,G,1,0,false
human,,47,52,A,H,1,0,false
human,,47,52,B,C,1,0,false
human,,47,52,B,D,0.9,0.1,false
human,,47,52,B,E,0.9,0.1,false
human,,47,52,B,F,1,0,false
human,,47,52,B,G,1,0,false
human,,47,52,B,H,0.9,0.1,false
human,,47,52,C,D,0.6,0.4,false
human,,47,52,C,E,0.9,0.1,false
human,,47,52,C,F,0.9,0.1,false
human,,47,52,C,G,1,0,false
human,,47,52,C,H,0.8,0.2,false
human,,47,52,D,E,0.9,0.1,false
human,,47,52,D,F,0.8,0.2,false
human,,47,52,D,G,1,0,false
human,,47,52,D,H,0.7,0.3,false
human,,47,52,E,F,0.5,0.5,true
human,,47,52,E,G,0.9,0.1,false
human,,47,52,E,H,1,0,false
human,,47,52,F,G,1,0,false
human,,47,52,F,H,0.9,0.1,false
human,,47,52,G,H,0,1,true
human,,48,53,A,B,1,0,false
human,,48,53,A,C,1,0,false
human,,48,53,A,D,1,0,false
human,,48,53,A,E,0.8,0.2,false
human,,48,53,A,F,0.9,0.1,false
human,,48,53,A,G,1,0,false
human,,48,53,A,H,1,0,false
human,,48,53,B,C,0.1,0.9,true
human,,48,53,B,D,0.9,0.1,false
human,,48,53,B,E,0,1,true
human,,48,53,B,F,0.9,0.1,false
human,,48,53,B,G,1,0,false
human,,48,53,B,H,1,0,false
human,,48,53,C,D,1,0,false
human,,48,53,C,E,0,1,true
human,,48,53,C,F,1,0,false
human,,48,53,C,G,1,0,false
human,,48,53,C,H,1,0,false
human,,48,53,D,E,0,1,true
human,,48,53,D,F,0.9,0.1,false
human,,48,53,D,G,1,0,false
human,,48,53,D,H,1,0,false
human,,48,53,E,F,1,0,false
human,,48,53,E,G,1,0,false
human,,48,53,E,H,1,0,false
human,,48,53,F,G,1,0,false
human,,48,53,F,H,1,0,false
human,,48,53,G,H,0.1,0.9,true
human,,49,54,A,B,1,0,false
human,,49,54,A,C,1,0,false
human,,49,54,A,D,1,0,false
human,,49,54,A,E,1,0,false
human,,49,54,A,F,1,0,false
human,,49,54,A,G,1,0,false
human,,49,54,A,H,1,0,false
human,,49,54,B,C,1,0,false
human,,49,54,B,D,0,1,true
human,,49,54,B,E,1,0,false
human,,49,54,B,F,0,1,true
human,,49,54,B,G,1,0,false
human,,49,54,B,H,1,0,false
human,,49,54,C,D,0,1,true
human,,49,54,C,E,1,0,false
human,,49,54,C,F,0,1,true
human,,49,54,C,G,1,0,false
human,,49,54,C,H,1,0,false
human,,49,54,D,E,1,0,false
human,,49,54,D,F,1,0,false
human,,49,54,D,G,1,0,false
human,,49,54,D,H,1,0,false
human,,49,54,E,F,0,1,true
human,,49,54,E,G,1,0,false
human,,49,54,E,H,1,0,false
human,,49,54,F,G,1,0,false
human,,49,54,F,H,1,0,false
human,,49,54,G,H,1,0,false
human,,50,55,A,B,1,0,false
human,,50,55,A,C,1,0,false
human,,50,55,A,D,1,0,false
human,,50,55,A,E,1,0,false
human,,50,55,A,F,1,0,false
human,,50,55,A,G,1,0,false
human,,50,55,A,H,1,0,false
human,,50,55,B,C,1,0,false
human,,50,55,B,D,1,0,false
human,,50,55,B,E,1,0,false
human,,50,55,B,F,1,0,false
human,,50,55,B,G,1,0,false
human,,50,55,B,H,1,0,false
human,,50,55,C,D,1,0,false
human,,50,55,C,E,1,0,false
human,,50,55,C,F,1,0,false
human,,50,55,C,G,1,0,false
human,,50,55,C,H,1,0,false
human,,50,55,D,E,1,0,false
human,,50,55,D,F,1,0,false
human,,50,55,D,G,1,0,false
human,,50,55,D,H,1,0,false
human,,50,55,E,F,1,0,false
human,,50,55,E,G,1,0,false
human,,50,55,E,H,1,0,false
human,,50,55,F,G,1,0,false
human,,50,55,F,H,1,0,false
human,,50,55,G,H,0.1,0.9,true
human,,51,57,A,B,1,0,false
human,,51,57,A,C,1,0,false
human,,51,57,A,D,0.9,0.1,false
human,,51,57,A,E,1,0,false
human,,51,57,A,F,0.9,0.1,false
human,,51,57,A,G,1,0,false
human,,51,57,A,H,1,0,false
human,,51,57,B,C,0.8,0.2,false
human,,51,57,B,D,0.4,0.6,true
human,,51,57,B,E,1,0,false
human,,51,57,B,F,1,0,false
human,,51,57,B,G,1,0,false
human,,51,57,B,H,1,0,false
human,,51,57,C,D,0,1,true
human,,51,57,C,E,0.9,0.1,false
human,,51,57,C,F,0.8,0.2,false
human,,51,57,C,G,0.9,0.1,false
human,,51,57,C,H,1,0,false
human,,51,57,D,E,1,0,false
human,,51,57,D,F,1,0,false
human,,51,57,D,G,0.9,0.1,false
human,,51,57,D,H,1,0,false
human,,51,57,E,F,0,1,true
human,,51,57,E,G,0,1,true
human,,51,57,E,H,0.4,0.6,true
human,,51,57,F,G,0.2,0.8,true
human,,51,57,F,H,0.9,0.1,false
human,,51,57,G,H,0.9,0.1,false
human,,52,58,A,B,1,0,false
human,,52,58,A,C,1,0,false
human,,52,58,A,D,1,0,false
human,,52,58,A,E,1,0,false
human,,52,58,A,F,1,0,false
human,,52,58,A,G,1,0,false
human,,52,58,A,H,1,0,false
human,,52,58,B,C,0,1,true
human,,52,58,B,D,1,0,false
human,,52,58,B,E,0.7,0.3,false
human,,52,58,B,F,1,0,false
human,,52,58,B,G,1,0,false
human,,52,58,B,H,0.9,0.1,false
human,,52,58,C,D,1,0,false
human,,52,58,C,E,1,0,false
human,,52,58,C,F,1,0,false
human,,52,58,C,G,1,0,false
human,,52,58,C,H,1,0,false
human,,52,58,D,E,0,1,true
human,,52,58,D,F,1,0,false
human,,52,58,D,G,0.8,0.2,false
human,,52,58,D,H,1,0,false
human,,52,58,E,F,1,0,false
human,,52,58,E,G,1,0,false
human,,52,58,E,H,1,0,false
human,,52,58,F,G,1,0,false
human,,52,58,F,H,1,0,false
human,,52,58,G,H,1,0,false
human,,53,60,A,B,0.9,0.1,false
human,,53,60,A,C,0.9,0.1,false
human,,53,60,A,D,1,0,false
human,,53,60,A,E,1,0,false
human,,53,60,A,F,1,0,false
human,,53,60,A,G,1,0,false
human,,53,60,A,H,1,0,false
human,,53,60,B,C,0.9,0.1,false
human,,53,60,B,D,1,0,false
human,,53,60,B,E,1,0,false
human,,53,60,B,F,1,0,false
human,,53,60,B,G,1,0,false
human,,53,60,B,H,1,0,false
human,,53,60,C,D,1,0,false
human,,53,60,C,E,1,0,false
human,,53,60,C,F,1,0,false
human,,53,60,C,G,1,0,false
human,,53,60,C,H,1,0,false
human,,53,60,D,E,1,0,false
human,,53,60,D,F,1,0,false
human,,53,60,D,G,1,0,false
human,,53,60,D,H,1,0,false
human,,53,60,E,F,0.3,0.7,true
human,,53,60,E,G,1,0,false
human,,53,60,E,H,0.9,0.1,false
human,,53,60,F,G,1,0,false
human,,53,60,F,H,0.9,0.1,false
human,,53,60,G,H,0,1,true
human,,54,61,A,B,1,0,false
human,,54,61,A,C,1,0,false
human,,54,61,A,D,0.4,0.6,true
human,,54,61,A,E,1,0,false
human,,54,61,A,F,1,0,false
human,,54,61,A,G,1,0,false
human,,54,61,A,H,1,0,false
human,,54,61,B,C,1,0,false
human,,54,61,B,D,0.1,0.9,true
human,,54,61,B,E,1,0,false
human,,54,61,B,F,0.9,0.1,false
human,,54,61,B,G,1,0,false
human,,54,61,B,H,1,0,false
human,,54,61,C,D,0,1,true
human,,54,61,C,E,1,0,false
human,,54,61,C,F,0.4,0.6,true
human,,54,61,C,G,1,0,false
human,,54,61,C,H,1,0,false
human,,54,61,D,E,1,0,false
human,,54,61,D,F,1,0,false
human,,54,61,D,G,1,0,false
human,,54,61,D,H,1,0,false
human,,54,61,E,F,0,1,true
human,,54,61,E,G,0.8,0.2,false
human,,54,61,E,H,1,0,false
human,,54,61,F,G,1,0,false
human,,54,61,F,H,1,0,false
human,,54,61,G,H,1,0,false
human,,55,63,A,B,0,1,true
human,,55,63,A,C,0,1,true
human,,55,63,A,D,0.8,0.2,false
human,,55,63,A,E,0.1,0.9,true
human,,55,63,A,F,1,0,false
human,,55,63,A,G,1,0,false
human,,55,63,A,H,1,0,false
human,,55,63,B,C,0.9,0.1,false
human,,55,63,B,D,1,0,false
human,,55,63,B,E,1,0,false
human,,55,63,B,F,1,0,false
human,,55,63,B,G,1,0,false
human,,55,63,B,H,1,0,false
human,,55,63,C,D,1,0,false
human,,55,63,C,E,1,0,false
human,,55,63,C,F,1,0,false
human,,55,63,C,G,1,0,false
human,,55,63,C,H,1,0,false
human,,55,63,D,E,0,1,true
human,,55,63,D,F,1,0,false
human,,55,63,D,G,0.7,0.3,false
human,,55,63,D,H,0.1,0.9,true
human,,55,63,E,F,1,0,false
human,,55,63,E,G,1,0,false
human,,55,63,E,H,1,0,false
human,,55,63,F,G,0,1,true
human,,55,63,F,H,0,1,true
human,,55,63,G,H,0,1,true
human,,56,64,A,B,1,0,false
human,,56,64,A,C,1,0,false
human,,56,64,A,D,1,0,false
human,,56,64,A,E,0.9,0.1,false
human,,56,64,A,F,1,0,false
human,,56,64,A,G,1,0,false
human,,56,64,A,H,1,0,false
human,,56,64,B,C,1,0,false
human,,56,64,B,D,1,0,false
human,,56,64,B,E,1,0,false
human,,56,64,B,F,1,0,false
human,,56,64,B,G,1,0,false
human,,56,64,B,H,1,0,false
human,,56,64,C,D,0.9,0.1,false
human,,56,64,C,E,0.8,0.2,false
human,,56,64,C,F,0.7,0.3,false
human,,56,64,C,G,1,0,false
human,,56,64,C,H,1,0,false
human,,56,64,D,E,0.7,0.3,false
human,,56,64,D,F,0.6,0.4,false
human,,56,64,D,G,1,0,false
human,,56,64,D,H,1,0,false
human,,56,64,E,F,0.4,0.6,true
human,,56,64,E,G,1,0,false
human,,56,64,E,H,1,0,false
human,,56,64,F,G,1,0,false
human,,56,64,F,H,1,0,false
human,,56,64,G,H,0.9,0.1,false
human,,57,65,A,B,1,0,false
human,,57,65,A,C,1,0,false
human,,57,65,A,D,0.9,0.1,false
human,,57,65,A,E,1,0,false
human,,57,65,A,F,1,0,false
human,,57,65,A,G,1,0,false
human,,57,65,A,H,1,0,false
human,,57,65,B,C,1,0,false
human,,57,65,B,D,1,0,false
human,,57,65,B,E,1,0,false
human,,57,65,B,F,1,0,false
human,,57,65,B,G,1,0,false
human,,57,65,B,H,1,0,false
human,,57,65,C,D,0,1,true
human,,57,65,C,E,0,1,true
human,,57,65,C,F,1,0,false
human,,57,65,C,G,1,0,false
human,,57,65,C,H,1,0,false
human,,57,65,D,E,0,1,true
human,,57,65,D,F,1,0,false
human,,57,65,D,G,1,0,false
human,,57,65,D,H,1,0,false
human,,57,65,E,F,1,0,false
human,,57,65,E,G,1,0,false
human,,57,65,E,H,1,0,false
human,,57,65,F,G,1,0,false
human,,57,65,F,H,1,0,false
human,,57,65,G,H,1,0,false
human,,58,66,A,B,1,0,false
human,,58,66,A,C,1,0,false
human,,58,66,A,D,1,0,false
human,,58,66,A,E,0.9,0.1,false
human,,58,66,A,F,0.9,0.1,false
human,,58,66,A,G,1,0,false
human,,58,66,A,H,1,0,false
human,,58,66,B,C,0.6,0.4,false
human,,58,66,B,D,0,1,true
human,,58,66,B,E,1,0,false
human,,58,66,B,F,0.2,0.8,true
human,,58,66,B,G,0.4,0.6,true
human,,58,66,B,H,0.9,0.1,false
human,,58,66,C,D,0.1,0.9,true
human,,58,66,C,E,1,0,false
human,,58,66,C,F,0,1,true
human,,58,66,C,G,0.3,0.7,true
human,,58,66,C,H,1,0,false
human,,58,66,D,E,1,0,false
human,,58,66,D,F,0.2,0.8,true
human,,58,66,D,G,0.9,0.1,false
human,,58,66,D,H,1,0,false
human,,58,66,E,F,0,1,true
human,,58,66,E,G,0,1,true
human,,58,66,E,H,1,0,false
human,,58,66,F,G,0.9,0.1,false
human,,58,66,F,H,1,0,false
human,,58,66,G,H,1,0,false
human,,59,67,A,B,1,0,false
human,,59,67,A,C,1,0,false
human,,59,67,A,D,1,0,false
human,,59,67,A,E,1,0,false
human,,59,67,A,F,1,0,false
human,,59,67,A,G,1,0,false
human,,59,67,A,H,1,0,false
human,,59,67,B,C,1,0,false
human,,59,67,B,D,0,1,true
human,,59,67,B,E,1,0,false
human,,59,67,B,F,0,1,true
human,,59,67,B,G,0,1,true
human,,59,67,B,H,1,0,false
human,,59,67,C,D,0.1,0.9,true
human,,59,67,C,E,1,0,false
human,,59,67,C,F,0,1,true
human,,59,67,C,G,0,1,true
human,,59,67,C,H,1,0,false
human,,59,67,D,E,1,0,false
human,,59,67,D,F,0.9,0.1,false
human,,59,67,D,G,1,0,false
human,,59,67,D,H,1,0,false
human,,59,67,E,F,0,1,true
human,,59,67,E,G,0,1,true
human,,59,67,E,H,1,0,false
human,,59,67,F,G,1,0,false
human,,59,67,F,H,1,0,false
human,,59,67,G,H,1,0,false
human,,60,68,A,B,0,1,true
human,,60,68,A,C,0,1,true
human,,60,68,A,D,0.1,0.9,true
human,,60,68,A,E,0.4,0.6,true
human,,60,68,A,F,0.9,0.1,false
human,,60,68,A,G,1,0,false
human,,60,68,A,H,0.7,0.3,false
human,,60,68,B,C,0.6,0.4,false
human,,60,68,B,D,1,0,false
human,,60,68,B,E,1,0,false
human,,60,68,B,F,1,0,false
human,,60,68,B,G,1,0,false
human,,60,68,B,H,1,0,false
human,,60,68,C,D,1,0,false
human,,60,68,C,E,1,0,false
human,,60,68,C,F,1,0,false
human,,60,68,C,G,1,0,false
human,,60,68,C,H,1,0,false
human,,60,68,D,E,0.4,0.6,true
human,,60,68,D,F,1,0,false
human,,60,68,D,G,1,0,false
human,,60,68,D,H,0.9,0.1,false
human,,60,68,E,F,1,0,false
human,,60,68,E,G,0.9,0.1,false
human,,60,68,E,H,0.8,0.2,false
human,,60,68,F,G,0.6,0.4,false
human,,60,68,F,H,0,1,true
human,,60,68,G,H,0.1,0.9,true
human,,61,69,A,B,1,0,false
human,,61,69,A,C,1,0,false
human,,61,69,A,D,1,0,false
human,,61,69,A,E,1,0,false
human,,61,69,A,F,1,0,false
human,,61,69,A,G,1,0,false
human,,61,69,A,H,1,0,false
human,,61,69,B,C,1,0,false
human,,61,69,B,D,1,0,false
human,,61,69,B,E,1,0,false
human,,61,69,B,F,0.9,0.1,false
human,,61,69,B,G,0.9,0.1,false
human,,61,69,B,H,1,0,false
human,,61,69,C,D,0.8,0.2,false
human,,61,69,C,E,0.9,0.1,false
human,,61,69,C,F,0.7,0.3,false
human,,61,69,C,G,0.9,0.1,false
human,,61,69,C,H,1,0,false
human,,61,69,D,E,1,0,false
human,,61,69,D,F,0.6,0.4,false
human,,61,69,D,G,0.8,0.2,false
human,,61,69,D,H,1,0,false
human,,61,69,E,F,0.2,0.8,true
human,,61,69,E,G,0.3,0.7,true
human,,61,69,E,H,1,0,false
human,,61,69,F,G,0.8,0.2,false
human,,61,69,F,H,0.9,0.1,false
human,,61,69,G,H,1,0,false
human,,62,71,A,B,0.9,0.1,false
human,,62,71,A,C,1,0,false
human,,62,71,A,D,1,0,false
human,,62,71,A,E,0.8,0.2,false
human,,62,71,A,F,1,0,false
human,,62,71,A,G,1,0,false
human,,62,71,A,H,1,0,false
human,,62,71,B,C,1,0,false
human,,62,71,B,D,0.7,0.3,false
human,,62,71,B,E,0.6,0.4,false
human,,62,71,B,F,0.2,0.8,true
human,,62,71,B,G,1,0,false
human,,62,71,B,H,1,0,false
human,,62,71,C,D,0.4,0.6,true
human,,62,71,C,E,0.1,0.9,true
human,,62,71,C,F,0.3,0.7,true
human,,62,71,C,G,1,0,false
human,,62,71,C,H,0.7,0.3,false
human,,62,71,D,E,0.2,0.8,true
human,,62,71,D,F,0,1,true
human,,62,71,D,G,0.9,0.1,false
human,,62,71,D,H,0.9,0.1,false
human,,62,71,E,F,0.3,0.7,true
human,,62,71,E,G,0.9,0.1,false
human,,62,71,E,H,1,0,false
human,,62,71,F,G,0.9,0.1,false
human,,62,71,F,H,1,0,false
human,,62,71,G,H,0.1,0.9,true
human,,63,72,A,B,0.9,0.1,false
human,,63,72,A,C,1,0,false
human,,63,72,A,D,1,0,false
human,,63,72,A,E,1,0,false
human,,63,72,A,F,0.5,0.5,true
human,,63,72,A,G,0.2,0.8,true
human,,63,72,A,H,1,0,false
human,,63,72,B,C,0.8,0.2,false
human,,63,72,B,D,1,0,false
human,,63,72,B,E,1,0,false
human,,63,72,B,F,0.1,0.9,true
human,,63,72,B,G,0.1,0.9,true
human,,63,72,B,H,1,0,false
human,,63,72,C,D,0,1,true
human,,63,72,C,E,1,0,false
human,,63,72,C,F,0,1,true
human,,63,72,C,G,0,1,true
human,,63,72,C,H,1,0,false
human,,63,72,D,E,1,0,false
human,,63,72,D,F,0.1,0.9,true
human,,63,72,D,G,0,1,true
human,,63,72,D,H,1,0,false
human,,63,72,E,F,0,1,true
human,,63,72,E,G,0,1,true
human,,63,72,E,H,1,0,false
human,,63,72,F,G,0,1,true
human,,63,72,F,H,1,0,false
human,,63,72,G,H,1,0,false
human,,64,73,A,B,0.9,0.1,false
human,,64,73,A,C,1,0,false
human,,64,73,A,D,0.9,0.1,false
human,,64,73,A,E,1,0,false
human,,64,73,A,F,1,0,false
human,,64,73,A,G,1,0,false
human,,64,73,A,H,1,0,false
human,,64,73,B,C,0.9,0.1,false
human,,64,73,B,D,0.9,0.1,false
human,,64,73,B,E,1,0,false
human,,64,73,B,F,1,0,false
human,,64,73,B,G,1,0,false
human,,64,73,B,H,1,0,false
human,,64,73,C,D,0.9,0.1,false
human,,64,73,C,E,1,0,false
human,,64,73,C,F,1,0,false
human,,64,73,C,G,1,0,false
human,,64,73,C,H,1,0,false
human,,64,73,D,E,1,0,false
human,,64,73,D,F,0.9,0.1,false
human,,64,73,D,G,0.9,0.1,false
human,,64,73,D,H,1,0,false
human,,64,73,E,F,0.1,0.9,true
human,,64,73,E,G,0.5,0.5,true
human,,64,73,E,H,1,0,false
human,,64,73,F,G,1,0,false
human,,64,73,F,H,1,0,false
human,,64,73,G,H,0.9,0.1,false
human,,65,74,A,B,1,0,false
human,,65,74,A,C,1,0,false
human,,65,74,A,D,1,0,false
human,,65,74,A,E,1,0,false
human,,65,74,A,F,1,0,false
human,,65,74,A,G,1,0,false
human,,65,74,A,H,1,0,false
human,,65,74,B,C,1,0,false
human,,65,74,B,D,1,0,false
human,,65,74,B,E,1,0,false
human,,65,74,B,F,1,0,false
human,,65,74,B,G,0.8,0.2,false
human,,65,74,B,H,1,0,false
human,,65,74,C,D,0.8,0.2,false
human,,65,74,C,E,1,0,false
human,,65,74,C,F,1,0,false
human,,65,74,C,G,0,1,true
human,,65,74,C,H,1,0,false
human,,65,74,D,E,1,0,false
human,,65,74,D,F,0.9,0.1,false
human,,65,74,D,G,0.1,0.9,true
human,,65,74,D,H,1,0,false
human,,65,74,E,F,0.1,0.9,true
human,,65,74,E,G,0,1,true
human,,65,74,E,H,1,0,false
human,,65,74,F,G,0,1,true
human,,65,74,F,H,1,0,false
human,,65,74,G,H,1,0,false
human,,66,75,A,B,0.9,0.1,false
human,,66,75,A,C,1,0,false
human,,66,75,A,D,1,0,false
human,,66,75,A,E,1,0,false
human,,66,75,A,F,1,0,false
human,,66,75,A,G,1,0,false
human,,66,75,A,H,1,0,false
human,,66,75,B,C,1,0,false
human,,66,75,B,D,1,0,false
human,,66,75,B,E,1,0,false
human,,66,75,B,F,1,0,false
human,,66,75,B,G,1,0,false
human,,66,75,B,H,1,0,false
human,,66,75,C,D,1,0,false
human,,66,75,C,E,1,0,false
human,,66,75,C,F,1,0,false
human,,66,75,C,G,1,0,false
human,,66,75,C,H,1,0,false
human,,66,75,D,E,1,0,false
human,,66,75,D,F,1,0,false
human,,66,75,D,G,1,0,false
human,,66,75,D,H,1,0,false
human,,66,75,E,F,0,1,true
human,,66,75,E,G,1,0,false
human,,66,75,E,H,1,0,false
human,,66,75,F,G,0.9,0.1,false
human,,66,75,F,H,1,0,false
human,,66,75,G,H,1,0,false
human,,67,76,A,B,0.9,0.1,false
human,,67,76,A,C,0.9,0.1,false
human,,67,76,A,D,0.9,0.1,false
human,,67,76,A,E,1,0,false
human,,67,76,A,F,1,0,false
human,,67,76,A,G,1,0,false
human,,67,76,A,H,1,0,false
human,,67,76,B,C,0.8,0.2,false
human,,67,76,B,D,0.8,0.2,false
human,,67,76,B,E,1,0,false
human,,67,76,B,F,1,0,false
human,,67,76,B,G,0.9,0.1,false
human,,67,76,B,H,0.9,0.1,false
human,,67,76,C,D,0.7,0.3,false
human,,67,76,C,E,0.7,0.3,false
human,,67,76,C,F,0.8,0.2,false
human,,67,76,C,G,0.9,0.1,false
human,,67,76,C,H,0.9,0.1,false
human,,67,76,D,E,0.6,0.4,false
human,,67,76,D,F,1,0,false
human,,67,76,D,G,0.6,0.4,false
human,,67,76,D,H,0.9,0.1,false
human,,67,76,E,F,1,0,false
human,,67,76,E,G,0.1,0.9,true
human,,67,76,E,H,0.8,0.2,false
human,,67,76,F,G,0,1,true
human,,67,76,F,H,0.1,0.9,true
human,,67,76,G,H,0.6,0.4,false
human,,68,77,A,B,0,1,true
human,,68,77,A,C,0.1,0.9,true
human,,68,77,A,D,1,0,false
human,,68,77,A,E,0,1,true
human,,68,77,A,F,1,0,false
human,,68,77,A,G,1,0,false
human,,68,77,A,H,1,0,false
human,,68,77,B,C,1,0,false
human,,68,77,B,D,1,0,false
human,,68,77,B,E,1,0,false
human,,68,77,B,F,1,0,false
human,,68,77,B,G,1,0,false
human,,68,77,B,H,1,0,false
human,,68,77,C,D,1,0,false
human,,68,77,C,E,1,0,false
human,,68,77,C,F,1,0,false
human,,68,77,C,G,1,0,false
human,,68,77,C,H,1,0,false
human,,68,77,D,E,0,1,true
human,,68,77,D,F,1,0,false
human,,68,77,D,G,1,0,false
human,,68,77,D,H,1,0,false
human,,68,77,E,F,1,0,false
human,,68,77,E,G,1,0,false
human,,68,77,E,H,1,0,false
human,,68,77,F,G,0,1,true
human,,68,77,F,H,1,0,false
human,,68,77,G,H,1,0,false
2104,2104,0,1,A,B,0,1,true
2104,2104,0,1,A,C,0,1,true
2104,2104,0,1,A,D,0,1,true
2104,2104,0,1,A,E,0,1,true
2104,2104,0,1,A,F,0,1,true
2104,2104,0,1,A,G,0.8,0.2,false
2104,2104,0,1,A,H,0.9,0.1,false
2104,2104,0,1,B,C,0.9,0.1,false
2104,2104,0,1,B,D,0.6,0.4,false
2104,2104,0,1,B,E,1,0,false
2104,2104,0,1,B,F,1,0,false
2104,2104,0,1,B,G,1,0,false
2104,2104,0,1,B,H,1,0,false
2104,2104,0,1,C,D,0,1,true
2104,2104,0,1,C,E,1,0,false
2104,2104,0,1,C,F,1,0,false
2104,2104,0,1,C,G,1,0,false
2104,2104,0,1,C,H,1,0,false
2104,2104,0,1,D,E,1,0,false
2104,2104,0,1,D,F,1,0,false
2104,2104,0,1,D,G,1,0,false
2104,2104,0,1,D,H,1,0,false
2104,2104,0,1,E,F,0,1,true
2104,2104,0,1,E,G,1,0,false
2104,2104,0,1,E,H,1,0,false
2104,2104,0,1,F,G,1,0,false
2104,2104,0,1,F,H,1,0,false
2104,2104,0,1,G,H,0.8,0.2,false
2104,2104,1,2,A,B,0.5,0.5,true
2104,2104,1,2,A,C,1,0,false
2104,2104,1,2,A,D,1,0,false
2104,2104,1,2,A,E,1,0,false
2104,2104,1,2,A,F,1,0,false
2104,2104,1,2,A,G,1,0,false
2104,2104,1,2,A,H,1,0,false
2104,2104,1,2,B,C,1,0,false
2104,2104,1,2,B,D,1,0,false
2104,2104,1,2,B,E,1,0,false
2104,2104,1,2,B,F,1,0,false
2104,2104,1,2,B,G,1,0,false
2104,2104,1,2,B,H,1,0,false
2104,2104,1,2,C,D,1,0,false
2104,2104,1,2,C,E,0.3,0.7,true
2104,2104,1,2,C,F,1,0,false
2104,2104,1,2,C,G,1,0,false
2104,2104,1,2,C,H,0.5,0.5,true
2104,2104,1,2,D,E,0,1,true
2104,2104,1,2,D,F,1,0,false
2104,2104,1,2,D,G,0.6,0.4,false
2104,2104,1,2,D,H,0.3,0.7,true
2104,2104,1,2,E,F,1,0,false
2104,2104,1,2,E,G,0.9,0.1,false
2104,2104,1,2,E,H,0.8,0.2,false
2104,2104,1,2,F,G,0,1,true
2104,2104,1,2,F,H,0,1,true
2104,2104,1,2,G,H,0.1,0.9,true
2104,2104,2,3,A,B,0.7,0.3,false
2104,2104,2,3,A,C,1,0,false
2104,2104,2,3,A,D,0.3,0.7,true
2104,2104,2,3,A,E,1,0,false
2104,2104,2,3,A,F,1,0,false
2104,2104,2,3,A,G,1,0,false
2104,2104,2,3,A,H,1,0,false
2104,2104,2,3,B,C,0.8,0.2,false
2104,2104,2,3,B,D,0.9,0.1,false
2104,2104,2,3,B,E,1,0,false
2104,2104,2,3,B,F,1,0,false
2104,2104,2,3,B,G,1,0,false
2104,2104,2,3,B,H,1,0,false
2104,2104,2,3,C,D,0.4,0.6,true
2104,2104,2,3,C,E,1,0,false
2104,2104,2,3,C,F,0.8,0.2,false
2104,2104,2,3,C,G,1,0,false
2104,2104,2,3,C,H,1,0,false
2104,2104,2,3,D,E,0.9,0.1,false
2104,2104,2,3,D,F,0.8,0.2,false
2104,2104,2,3,D,G,1,0,false
2104,2104,2,3,D,H,1,0,false
2104,2104,2,3,E,F,0,1,true
2104,2104,2,3,E,G,0.3,0.7,true
2104,2104,2,3,E,H,1,0,false
2104,2104,2,3,F,G,1,0,false
2104,2104,2,3,F,H,1,0,false
2104,2104,2,3,G,H,1,0,false
2104,2104,3,4,A,B,1,0,false
2104,2104,3,4,A,C,1,0,false
2104,2104,3,4,A,D,1,0,false
2104,2104,3,4,A,E,1,0,false
2104,2104,3,4,A,F,1,0,false
2104,2104,3,4,A,G,1,0,false
2104,2104,3,4,A,H,1,0,false
2104,2104,3,4,B,C,1,0,false
2104,2104,3,4,B,D,1,0,false
2104,2104,3,4,B,E,1,0,false
2104,2104,3,4,B,F,1,0,false
2104,2104,3,4,B,G,1,0,false
2104,2104,3,4,B,H,1,0,false
2104,2104,3,4,C,D,0.8,0.2,false
2104,2104,3,4,C,E,1,0,false
2104,2104,3,4,C,F,1,0,false
2104,2104,3,4,C,G,1,0,false
2104,2104,3,4,C,H,1,0,false
2104,2104,3,4,D,E,1,0,false
2104,2104,3,4,D,F,1,0,false
2104,2104,3,4,D,G,1,0,false
2104,2104,3,4,D,H,1,0,false
2104,2104,3,4,E,F,0,1,true
2104,2104,3,4,E,G,1,0,false
2104,2104,3,4,E,H,1,0,false
2104,2104,3,4,F,G,1,0,false
2104,2104,3,4,F,H,0.9,0.1,false
2104,2104,3,4,G,H,0,1,true
2104,2104,4,5,A,B,1,0,false
2104,2104,4,5,A,C,1,0,false
2104,2104,4,5,A,D,1,0,false
2104,2104,4,5,A,E,1,0,false
2104,2104,4,5,A,F,1,0,false
2104,2104,4,5,A,G,1,0,false
2104,2104,4,5,A,H,1,0,false
2104,2104,4,5,B,C,0.7,0.3,false
2104,2104,4,5,B,D,0.4,0.6,true
2104,2104,4,5,B,E,1,0,false
2104,2104,4,5,B,F,1,0,false
2104,2104,4,5,B,G,0.9,0.1,false
2104,2104,4,5,B,H,1,0,false
2104,2104,4,5,C,D,0.5,0.5,true
2104,2104,4,5,C,E,1,0,false
2104,2104,4,5,C,F,1,0,false
2104,2104,4,5,C,G,1,0,false
2104,2104,4,5,C,H,1,0,false
2104,2104,4,5,D,E,0.9,0.1,false
2104,2104,4,5,D,F,1,0,false
2104,2104,4,5,D,G,1,0,false
2104,2104,4,5,D,H,1,0,false
2104,2104,4,5,E,F,1,0,false
2104,2104,4,5,E,G,0.9,0.1,false
2104,2104,4,5,E,H,1,0,false
2104,2104,4,5,F,G,0.3,0.7,true
2104,2104,4,5,F,H,1,0,false
2104,2104,4,5,G,H,1,0,false
2104,2104,5,6,A,B,0.7,0.3,false
2104,2104,5,6,A,C,1,0,false
2104,2104,5,6,A,D,0.9,0.1,false
2104,2104,5,6,A,E,1,0,false
2104,2104,5,6,A,F,0.8,0.2,false
2104,2104,5,6,A,G,1,0,false
2104,2104,5,6,A,H,1,0,false
2104,2104,5,6,B,C,1,0,false
2104,2104,5,6,B,D,0.8,0.2,false
2104,2104,5,6,B,E,1,0,false
2104,2104,5,6,B,F,1,0,false
2104,2104,5,6,B,G,1,0,false
2104,2104,5,6,B,H,1,0,false
2104,2104,5,6,C,D,0,1,true
2104,2104,5,6,C,E,0.9,0.1,false
2104,2104,5,6,C,F,0,1,true
2104,2104,5,6,C,G,0.4,0.6,true
2104,2104,5,6,C,H,1,0,false
2104,2104,5,6,D,E,1,0,false
2104,2104,5,6,D,F,0.7,0.3,false
2104,2104,5,6,D,G,1,0,false
2104,2104,5,6,D,H,1,0,false
2104,2104,5,6,E,F,0,1,true
2104,2104,5,6,E,G,0,1,true
2104,2104,5,6,E,H,1,0,false
2104,2104,5,6,F,G,1,0,false
2104,2104,5,6,F,H,1,0,false
2104,2104,5,6,G,H,1,0,false
2104,2104,6,7,A,B,1,0,false
2104,2104,6,7,A,C,1,0,false
2104,2104,6,7,A,D,1,0,false
2104,2104,6,7,A,E,1,0,false
2104,2104,6,7,A,F,1,0,false
2104,2104,6,7,A,G,1,0,false
2104,2104,6,7,A,H,1,0,false
2104,2104,6,7,B,C,1,0,false
2104,2104,6,7,B,D,1,0,false
2104,2104,6,7,B,E,1,0,false
2104,2104,6,7,B,F,1,0,false
2104,2104,6,7,B,G,1,0,false
2104,2104,6,7,B,H,1,0,false
2104,2104,6,7,C,D,0.4,0.6,true
2104,2104,6,7,C,E,0,1,true
2104,2104,6,7,C,F,1,0,false
2104,2104,6,7,C,G,1,0,false
2104,2104,6,7,C,H,1,0,false
2104,2104,6,7,D,E,0,1,true
2104,2104,6,7,D,F,1,0,false
2104,2104,6,7,D,G,1,0,false
2104,2104,6,7,D,H,1,0,false
2104,2104,6,7,E,F,1,0,false
2104,2104,6,7,E,G,1,0,false
2104,2104,6,7,E,H,1,0,false
2104,2104,6,7,F,G,0,1,true
2104,2104,6,7,F,H,0.8,0.2,false
2104,2104,6,7,G,H,1,0,false
2104,2104,7,8,A,B,1,0,false
2104,2104,7,8,A,C,1,0,false
2104,2104,7,8,A,D,1,0,false
2104,2104,7,8,A,E,1,0,false
2104,2104,7,8,A,F,1,0,false
2104,2104,7,8,A,G,1,0,false
2104,2104,7,8,A,H,1,0,false
2104,2104,7,8,B,C,1,0,false
2104,2104,7,8,B,D,1,0,false
2104,2104,7,8,B,E,1,0,false
2104,2104,7,8,B,F,1,0,false
2104,2104,7,8,B,G,1,0,false
2104,2104,7,8,B,H,1,0,false
2104,2104,7,8,C,D,1,0,false
2104,2104,7,8,C,E,1,0,false
2104,2104,7,8,C,F,1,0,false
2104,2104,7,8,C,G,1,0,false
2104,2104,7,8,C,H,1,0,false
2104,2104,7,8,D,E,0.9,0.1,false
2104,2104,7,8,D,F,1,0,false
2104,2104,7,8,D,G,1,0,false
2104,2104,7,8,D,H,0.9,0.1,false
2104,2104,7,8,E,F,0.6,0.4,false
2104,2104,7,8,E,G,1,0,false
2104,2104,7,8,E,H,0.5,0.5,true
2104,2104,7,8,F,G,0.9,0.1,false
2104,2104,7,8,F,H,0,1,true
2104,2104,7,8,G,H,0.1,0.9,true
2104,2104,8,9,A,B,0,1,true
2104,2104,8,9,A,C,0.2,0.8,true
2104,2104,8,9,A,D,0,1,true
2104,2104,8,9,A,E,0.9,0.1,false
2104,2104,8,9,A,F,0.9,0.1,false
2104,2104,8,9,A,G,0.7,0.3,false
2104,2104,8,9,A,H,0.9,0.1,false
2104,2104,8,9,B,C,1,0,false
2104,2104,8,9,B,D,0.2,0.8,true
2104,2104,8,9,B,E,1,0,false
2104,2104,8,9,B,F,1,0,false
2104,2104,8,9,B,G,1,0,false
2104,2104,8,9,B,H,1,0,false
2104,2104,8,9,C,D,0,1,true
2104,2104,8,9,C,E,0.8,0.2,false
2104,2104,8,9,C,F,0.6,0.4,false
2104,2104,8,9,C,G,0.8,0.2,false
2104,2104,8,9,C,H,0.6,0.4,false
2104,2104,8,9,D,E,1,0,false
2104,2104,8,9,D,F,1,0,false
2104,2104,8,9,D,G,1,0,false
2104,2104,8,9,D,H,1,0,false
2104,2104,8,9,E,F,0.1,0.9,true
2104,2104,8,9,E,G,0.1,0.9,true
2104,2104,8,9,E,H,0,1,true
2104,2104,8,9,F,G,0.7,0.3,false
2104,2104,8,9,F,H,0.5,0.5,true
2104,2104,8,9,G,H,0.2,0.8,true
2104,2104,9,10,A,B,0,1,true
2104,2104,9,10,A,C,0,1,true
2104,2104,9,10,A,D,0.1,0.9,true
2104,2104,9,10,A,E,0.4,0.6,true
2104,2104,9,10,A,F,0,1,true
2104,2104,9,10,A,G,0.7,0.3,false
2104,2104,9,10,A,H,1,0,false
2104,2104,9,10,B,C,0.8,0.2,false
2104,2104,9,10,B,D,0.9,0.1,false
2104,2104,9,10,B,E,1,0,false
2104,2104,9,10,B,F,1,0,false
2104,2104,9,10,B,G,1,0,false
2104,2104,9,10,B,H,1,0,false
2104,2104,9,10,C,D,1,0,false
2104,2104,9,10,C,E,1,0,false
2104,2104,9,10,C,F,0.3,0.7,true
2104,2104,9,10,C,G,1,0,false
2104,2104,9,10,C,H,1,0,false
2104,2104,9,10,D,E,0.7,0.3,false
2104,2104,9,10,D,F,0.3,0.7,true
2104,2104,9,10,D,G,1,0,false
2104,2104,9,10,D,H,1,0,false
2104,2104,9,10,E,F,0,1,true
2104,2104,9,10,E,G,0.9,0.1,false
2104,2104,9,10,E,H,1,0,false
2104,2104,9,10,F,G,1,0,false
2104,2104,9,10,F,H,1,0,false
2104,2104,9,10,G,H,0.8,0.2,false
2104,2104,10,11,A,B,1,0,false
2104,2104,10,11,A,C,1,0,false
2104,2104,10,11,A,D,1,0,false
2104,2104,10,11,A,E,1,0,false
2104,2104,10,11,A,F,1,0,false
2104,2104,10,11,A,G,1,0,false
2104,2104,10,11,A,H,1,0,false
2104,2104,10,11,B,C,0.8,0.2,false
2104,2104,10,11,B,D,1,0,false
2104,2104,10,11,B,E,1,0,false
2104,2104,10,11,B,F,1,0,false
2104,2104,10,11,B,G,1,0,false
2104,2104,10,11,B,H,1,0,false
2104,2104,10,11,C,D,1,0,false
2104,2104,10,11,C,E,0.9,0.1,false
2104,2104,10,11,C,F,1,0,false
2104,2104,10,11,C,G,1,0,false
2104,2104,10,11,C,H,1,0,false
2104,2104,10,11,D,E,0.4,0.6,true
2104,2104,10,11,D,F,1,0,false
2104,2104,10,11,D,G,1,0,false
2104,2104,10,11,D,H,0.5,0.5,true
2104,2104,10,11,E,F,0.8,0.2,false
2104,2104,10,11,E,G,1,0,false
2104,2104,10,11,E,H,1,0,false
2104,2104,10,11,F,G,1,0,false
2104,2104,10,11,F,H,0.8,0.2,false
2104,2104,10,11,G,H,0,1,true
2104,2104,11,12,A,B,0.9,0.1,false
2104,2104,11,12,A,C,1,0,false
2104,2104,11,12,A,D,1,0,false
2104,2104,11,12,A,E,1,0,false
2104,2104,11,12,A,F,1,0,false
2104,2104,11,12,A,G,1,0,false
2104,2104,11,12,A,H,1,0,false
2104,2104,11,12,B,C,0.7,0.3,false
2104,2104,11,12,B,D,1,0,false
2104,2104,11,12,B,E,1,0,false
2104,2104,11,12,B,F,1,0,false
2104,2104,11,12,B,G,1,0,false
2104,2104,11,12,B,H,1,0,false
2104,2104,11,12,C,D,1,0,false
2104,2104,11,12,C,E,1,0,false
2104,2104,11,12,C,F,1,0,false
2104,2104,11,12,C,G,1,0,false
2104,2104,11,12,C,H,1,0,false
2104,2104,11,12,D,E,0.1,0.9,true
2104,2104,11,12,D,F,1,0,false
2104,2104,11,12,D,G,1,0,false
2104,2104,11,12,D,H,1,0,false
2104,2104,11,12,E,F,0.8,0.2,false
2104,2104,11,12,E,G,0.6,0.4,false
2104,2104,11,12,E,H,1,0,false
2104,2104,11,12,F,G,0,1,true
2104,2104,11,12,F,H,1,0,false
2104,2104,11,12,G,H,1,0,false
2104,2104,12,13,A,B,1,0,false
2104,2104,12,13,A,C,0,1,true
2104,2104,12,13,A,D,1,0,false
2104,2104,12,13,A,E,1,0,false
2104,2104,12,13,A,F,1,0,false
2104,2104,12,13,A,G,1,0,false
2104,2104,12,13,A,H,1,0,false
2104,2104,12,13,B,C,0.4,0.6,true
2104,2104,12,13,B,D,1,0,false
2104,2104,12,13,B,E,1,0,false
2104,2104,12,13,B,F,1,0,false
2104,2104,12,13,B,G,1,0,false
2104,2104,12,13,B,H,1,0,false
2104,2104,12,13,C,D,1,0,false
2104,2104,12,13,C,E,1,0,false
2104,2104,12,13,C,F,1,0,false
2104,2104,12,13,C,G,1,0,false
2104,2104,12,13,C,H,1,0,false
2104,2104,12,13,D,E,0.6,0.4,false
2104,2104,12,13,D,F,1,0,false
2104,2104,12,13,D,G,1,0,false
2104,2104,12,13,D,H,1,0,false
2104,2104,12,13,E,F,1,0,false
2104,2104,12,13,E,G,0.8,0.2,false
2104,2104,12,13,E,H,1,0,false
2104,2104,12,13,F,G,0,1,true
2104,2104,12,13,F,H,0.9,0.1,false
2104,2104,12,13,G,H,1,0,false
2104,2104,13,14,A,B,1,0,false
2104,2104,13,14,A,C,1,0,false
2104,2104,13,14,A,D,1,0,false
2104,2104,13,14,A,E,1,0,false
2104,2104,13,14,A,F,1,0,false
2104,2104,13,14,A,G,1,0,false
2104,2104,13,14,A,H,1,0,false
2104,2104,13,14,B,C,0.9,0.1,false
2104,2104,13,14,B,D,0.8,0.2,false
2104,2104,13,14,B,E,1,0,false
2104,2104,13,14,B,F,1,0,false
2104,2104,13,14,B,G,1,0,false
2104,2104,13,14,B,H,1,0,false
2104,2104,13,14,C,D,0.1,0.9,true
2104,2104,13,14,C,E,0.7,0.3,false
2104,2104,13,14,C,F,1,0,false
2104,2104,13,14,C,G,1,0,false
2104,2104,13,14,C,H,1,0,false
2104,2104,13,14,D,E,1,0,false
2104,2104,13,14,D,F,1,0,false
2104,2104,13,14,D,G,1,0,false
2104,2104,13,14,D,H,1,0,false
2104,2104,13,14,E,F,0.8,0.2,false
2104,2104,13,14,E,G,1,0,false
2104,2104,13,14,E,H,1,0,false
2104,2104,13,14,F,G,1,0,false
2104,2104,13,14,F,H,1,0,false
2104,2104,13,14,G,H,1,0,false
2104,2104,14,15,A,B,1,0,false
2104,2104,14,15,A,C,1,0,false
2104,2104,14,15,A,D,1,0,false
2104,2104,14,15,A,E,1,0,false
2104,2104,14,15,A,F,1,0,false
2104,2104,14,15,A,G,1,0,false
2104,2104,14,15,A,H,1,0,false
2104,2104,14,15,B,C,0.9,0.1,false
2104,2104,14,15,B,D,0.8,0.2,false
2104,2104,14,15,B,E,1,0,false
2104,2104,14,15,B,F,1,0,false
2104,2104,14,15,B,G,1,0,false
2104,2104,14,15,B,H,1,0,false
2104,2104,14,15,C,D,0.5,0.5,true
2104,2104,14,15,C,E,1,0,false
2104,2104,14,15,C,F,1,0,false
2104,2104,14,15,C,G,1,0,false
2104,2104,14,15,C,H,1,0,false
2104,2104,14,15,D,E,1,0,false
2104,2104,14,15,D,F,1,0,false
2104,2104,14,15,D,G,1,0,false
2104,2104,14,15,D,H,1,0,false
2104,2104,14,15,E,F,0,1,true
2104,2104,14,15,E,G,1,0,false
2104,2104,14,15,E,H,1,0,false
2104,2104,14,15,F,G,1,0,false
2104,2104,14,15,F,H,1,0,false
2104,2104,14,15,G,H,1,0,false
2104,2104,15,16,A,B,1,0,false
2104,2104,15,16,A,C,1,0,false
2104,2104,15,16,A,D,1,0,false
2104,2104,15,16,A,E,1,0,false
2104,2104,15,16,A,F,1,0,false
2104,2104,15,16,A,G,1,0,false
2104,2104,15,16,A,H,1,0,false
2104,2104,15,16,B,C,1,0,false
2104,2104,15,16,B,D,1,0,false
2104,2104,15,16,B,E,1,0,false
2104,2104,15,16,B,F,1,0,false
2104,2104,15,16,B,G,1,0,false
2104,2104,15,16,B,H,1,0,false
2104,2104,15,16,C,D,0.3,0.7,true
2104,2104,15,16,C,E,0,1,true
2104,2104,15,16,C,F,1,0,false
2104,2104,15,16,C,G,1,0,false
2104,2104,15,16,C,H,1,0,false
2104,2104,15,16,D,E,0,1,true
2104,2104,15,16,D,F,1,0,false
2104,2104,15,16,D,G,1,0,false
2104,2104,15,16,D,H,1,0,false
2104,2104,15,16,E,F,1,0,false
2104,2104,15,16,E,G,1,0,false
2104,2104,15,16,E,H,1,0,false
2104,2104,15,16,F,G,0.8,0.2,false
2104,2104,15,16,F,H,0.8,0.2,false
2104,2104,15,16,G,H,0.8,0.2,false
2104,2104,16,17,A,B,0,1,true
2104,2104,16,17,A,C,0.5,0.5,true
2104,2104,16,17,A,D,0,1,true
2104,2104,16,17,A,E,0,1,true
2104,2104,16,17,A,F,0.8,0.2,false
2104,2104,16,17,A,G,0.7,0.3,false
2104,2104,16,17,A,H,1,0,false
2104,2104,16,17,B,C,1,0,false
2104,2104,16,17,B,D,0,1,true
2104,2104,16,17,B,E,0,1,true
2104,2104,16,17,B,F,1,0,false
2104,2104,16,17,B,G,1,0,false
2104,2104,16,17,B,H,1,0,false
2104,2104,16,17,C,D,0,1,true
2104,2104,16,17,C,E,0,1,true
2104,2104,16,17,C,F,0.7,0.3,false
2104,2104,16,17,C,G,1,0,false
2104,2104,16,17,C,H,0.8,0.2,false
2104,2104,16,17,D,E,0.8,0.2,false
2104,2104,16,17,D,F,1,0,false
2104,2104,16,17,D,G,1,0,false
2104,2104,16,17,D,H,1,0,false
2104,2104,16,17,E,F,1,0,false
2104,2104,16,17,E,G,1,0,false
2104,2104,16,17,E,H,1,0,false
2104,2104,16,17,F,G,0.5,0.5,true
2104,2104,16,17,F,H,0.7,0.3,false
2104,2104,16,17,G,H,0.6,0.4,false
2104,2104,17,18,A,B,1,0,false
2104,2104,17,18,A,C,1,0,false
2104,2104,17,18,A,D,1,0,false
2104,2104,17,18,A,E,1,0,false
2104,2104,17,18,A,F,1,0,false
2104,2104,17,18,A,G,1,0,false
2104,2104,17,18,A,H,1,0,false
2104,2104,17,18,B,C,1,0,false
2104,2104,17,18,B,D,1,0,false
2104,2104,17,18,B,E,1,0,false
2104,2104,17,18,B,F,1,0,false
2104,2104,17,18,B,G,1,0,false
2104,2104,17,18,B,H,1,0,false
2104,2104,17,18,C,D,0.2,0.8,true
2104,2104,17,18,C,E,1,0,false
2104,2104,17,18,C,F,1,0,false
2104,2104,17,18,C,G,1,0,false
2104,2104,17,18,C,H,1,0,false
2104,2104,17,18,D,E,1,0,false
2104,2104,17,18,D,F,1,0,false
2104,2104,17,18,D,G,1,0,false
2104,2104,17,18,D,H,1,0,false
2104,2104,17,18,E,F,0.9,0.1,false
2104,2104,17,18,E,G,1,0,false
2104,2104,17,18,E,H,1,0,false
2104,2104,17,18,F,G,1,0,false
2104,2104,17,18,F,H,1,0,false
2104,2104,17,18,G,H,0.1,0.9,true
2104,2104,18,19,A,B,0,1,true
2104,2104,18,19,A,C,0,1,true
2104,2104,18,19,A,D,0,1,true
2104,2104,18,19,A,E,0,1,true
2104,2104,18,19,A,F,0.7,0.3,false
2104,2104,18,19,A,G,0.8,0.2,false
2104,2104,18,19,A,H,0.9,0.1,false
2104,2104,18,19,B,C,0.7,0.3,false
2104,2104,18,19,B,D,1,0,false
2104,2104,18,19,B,E,1,0,false
2104,2104,18,19,B,F,1,0,false
2104,2104,18,19,B,G,1,0,false
2104,2104,18,19,B,H,1,0,false
2104,2104,18,19,C,D,0.9,0.1,false
2104,2104,18,19,C,E,1,0,false
2104,2104,18,19,C,F,1,0,false
2104,2104,18,19,C,G,1,0,false
2104,2104,18,19,C,H,1,0,false
2104,2104,18,19,D,E,0.9,0.1,false
2104,2104,18,19,D,F,1,0,false
2104,2104,18,19,D,G,1,0,false
2104,2104,18,19,D,H,1,0,false
2104,2104,18,19,E,F,1,0,false
2104,2104,18,19,E,G,1,0,false
2104,2104,18,19,E,H,1,0,false
2104,2104,18,19,F,G,1,0,false
2104,2104,18,19,F,H,0.9,0.1,false
2104,2104,18,19,G,H,0,1,true
2104,2104,19,20,A,B,1,0,false
2104,2104,19,20,A,C,1,0,false
2104,2104,19,20,A,D,1,0,false
2104,2104,19,20,A,E,1,0,false
2104,2104,19,20,A,F,1,0,false
2104,2104,19,20,A,G,1,0,false
2104,2104,19,20,A,H,1,0,false
2104,2104,19,20,B,C,0.5,0.5,true
2104,2104,19,20,B,D,0.5,0.5,true
2104,2104,19,20,B,E,0.8,0.2,false
2104,2104,19,20,B,F,0.7,0.3,false
2104,2104,19,20,B,G,1,0,false
2104,2104,19,20,B,H,1,0,false
2104,2104,19,20,C,D,1,0,false
2104,2104,19,20,C,E,0.8,0.2,false
2104,2104,19,20,C,F,1,0,false
2104,2104,19,20,C,G,1,0,false
2104,2104,19,20,C,H,1,0,false
2104,2104,19,20,D,E,0.2,0.8,true
2104,2104,19,20,D,F,1,0,false
2104,2104,19,20,D,G,1,0,false
2104,2104,19,20,D,H,1,0,false
2104,2104,19,20,E,F,0.7,0.3,false
2104,2104,19,20,E,G,1,0,false
2104,2104,19,20,E,H,1,0,false
2104,2104,19,20,F,G,1,0,false
2104,2104,19,20,F,H,1,0,false
2104,2104,19,20,G,H,0.9,0.1,false
2104,2104,20,21,A,B,1,0,false
2104,2104,20,21,A,C,1,0,false
2104,2104,20,21,A,D,1,0,false
2104,2104,20,21,A,E,1,0,false
2104,2104,20,21,A,F,1,0,false
2104,2104,20,21,A,G,1,0,false
2104,2104,20,21,A,H,1,0,false
2104,2104,20,21,B,C,1,0,false
2104,2104,20,21,B,D,1,0,false
2104,2104,20,21,B,E,1,0,false
2104,2104,20,21,B,F,1,0,false
2104,2104,20,21,B,G,1,0,false
2104,2104,20,21,B,H,1,0,false
2104,2104,20,21,C,D,0.5,0.5,true
2104,2104,20,21,C,E,1,0,false
2104,2104,20,21,C,F,1,0,false
2104,2104,20,21,C,G,1,0,false
2104,2104,20,21,C,H,1,0,false
2104,2104,20,21,D,E,1,0,false
2104,2104,20,21,D,F,1,0,false
2104,2104,20,21,D,G,1,0,false
2104,2104,20,21,D,H,1,0,false
2104,2104,20,21,E,F,0.9,0.1,false
2104,2104,20,21,E,G,0.9,0.1,false
2104,2104,20,21,E,H,1,0,false
2104,2104,20,21,F,G,0.4,0.6,true
2104,2104,20,21,F,H,1,0,false
2104,2104,20,21,G,H,1,0,false
2104,2104,21,22,A,B,1,0,false
2104,2104,21,22,A,C,0.9,0.1,false
2104,2104,21,22,A,D,0.6,0.4,false
2104,2104,21,22,A,E,1,0,false
2104,2104,21,22,A,F,1,0,false
2104,2104,21,22,A,G,1,0,false
2104,2104,21,22,A,H,1,0,false
2104,2104,21,22,B,C,0.3,0.7,true
2104,2104,21,22,B,D,0.1,0.9,true
2104,2104,21,22,B,E,1,0,false
2104,2104,21,22,B,F,0.2,0.8,true
2104,2104,21,22,B,G,0.1,0.9,true
2104,2104,21,22,B,H,1,0,false
2104,2104,21,22,C,D,0.1,0.9,true
2104,2104,21,22,C,E,1,0,false
2104,2104,21,22,C,F,0.4,0.6,true
2104,2104,21,22,C,G,0.5,0.5,true
2104,2104,21,22,C,H,1,0,false
2104,2104,21,22,D,E,1,0,false
2104,2104,21,22,D,F,1,0,false
2104,2104,21,22,D,G,0.9,0.1,false
2104,2104,21,22,D,H,1,0,false
2104,2104,21,22,E,F,0,1,true
2104,2104,21,22,E,G,0,1,true
2104,2104,21,22,E,H,1,0,false
2104,2104,21,22,F,G,1,0,false
2104,2104,21,22,F,H,1,0,false
2104,2104,21,22,G,H,1,0,false
2104,2104,22,24,A,B,0.8,0.2,false
2104,2104,22,24,A,C,1,0,false
2104,2104,22,24,A,D,1,0,false
2104,2104,22,24,A,E,1,0,false
2104,2104,22,24,A,F,1,0,false
2104,2104,22,24,A,G,1,0,false
2104,2104,22,24,A,H,1,0,false
2104,2104,22,24,B,C,0.7,0.3,false
2104,2104,22,24,B,D,1,0,false
2104,2104,22,24,B,E,1,0,false
2104,2104,22,24,B,F,1,0,false
2104,2104,22,24,B,G,1,0,false
2104,2104,22,24,B,H,1,0,false
2104,2104,22,24,C,D,1,0,false
2104,2104,22,24,C,E,1,0,false
2104,2104,22,24,C,F,1,0,false
2104,2104,22,24,C,G,1,0,false
2104,2104,22,24,C,H,1,0,false
2104,2104,22,24,D,E,0,1,true
2104,2104,22,24,D,F,1,0,false
2104,2104,22,24,D,G,1,0,false
2104,2104,22,24,D,H,1,0,false
2104,2104,22,24,E,F,1,0,false
2104,2104,22,24,E,G,1,0,false
2104,2104,22,24,E,H,1,0,false
2104,2104,22,24,F,G,0,1,true
2104,2104,22,24,F,H,0,1,true
2104,2104,22,24,G,H,0.4,0.6,true
2104,2104,23,26,A,B,0.4,0.6,true
2104,2104,23,26,A,C,1,0,false
2104,2104,23,26,A,D,1,0,false
2104,2104,23,26,A,E,1,0,false
2104,2104,23,26,A,F,1,0,false
2104,2104,23,26,A,G,1,0,false
2104,2104,23,26,A,H,1,0,false
2104,2104,23,26,B,C,1,0,false
2104,2104,23,26,B,D,1,0,false
2104,2104,23,26,B,E,1,0,false
2104,2104,23,26,B,F,1,0,false
2104,2104,23,26,B,G,1,0,false
2104,2104,23,26,B,H,1,0,false
2104,2104,23,26,C,D,1,0,false
2104,2104,23,26,C,E,1,0,false
2104,2104,23,26,C,F,1,0,false
2104,2104,23,26,C,G,1,0,false
2104,2104,23,26,C,H,1,0,false
2104,2104,23,26,D,E,0.6,0.4,false
2104,2104,23,26,D,F,1,0,false
2104,2104,23,26,D,G,1,0,false
2104,2104,23,26,D,H,1,0,false
2104,2104,23,26,E,F,1,0,false
2104,2104,23,26,E,G,1,0,false
2104,2104,23,26,E,H,1,0,false
2104,2104,23,26,F,G,0.5,0.5,true
2104,2104,23,26,F,H,1,0,false
2104,2104,23,26,G,H,1,0,false
2104,2104,24,27,A,B,1,0,false
2104,2104,24,27,A,C,1,0,false
2104,2104,24,27,A,D,1,0,false
2104,2104,24,27,A,E,1,0,false
2104,2104,24,27,A,F,1,0,false
2104,2104,24,27,A,G,1,0,false
2104,2104,24,27,A,H,1,0,false
2104,2104,24,27,B,C,0.2,0.8,true
2104,2104,24,27,B,D,0.1,0.9,true
2104,2104,24,27,B,E,1,0,false
2104,2104,24,27,B,F,0.9,0.1,false
2104,2104,24,27,B,G,1,0,false
2104,2104,24,27,B,H,1,0,false
2104,2104,24,27,C,D,0,1,true
2104,2104,24,27,C,E,1,0,false
2104,2104,24,27,C,F,1,0,false
2104,2104,24,27,C,G,1,0,false
2104,2104,24,27,C,H,1,0,false
2104,2104,24,27,D,E,1,0,false
2104,2104,24,27,D,F,1,0,false
2104,2104,24,27,D,G,1,0,false
2104,2104,24,27,D,H,1,0,false
2104,2104,24,27,E,F,0,1,true
2104,2104,24,27,E,G,0.5,0.5,true
2104,2104,24,27,E,H,1,0,false
2104,2104,24,27,F,G,1,0,false
2104,2104,24,27,F,H,1,0,false
2104,2104,24,27,G,H,1,0,false
2104,2104,25,28,A,B,1,0,false
2104,2104,25,28,A,C,1,0,false
2104,2104,25,28,A,D,0.7,0.3,false
2104,2104,25,28,A,E,1,0,false
2104,2104,25,28,A,F,1,0,false
2104,2104,25,28,A,G,1,0,false
2104,2104,25,28,A,H,1,0,false
2104,2104,25,28,B,C,1,0,false
2104,2104,25,28,B,D,0,1,true
2104,2104,25,28,B,E,1,0,false
2104,2104,25,28,B,F,0.6,0.4,false
2104,2104,25,28,B,G,1,0,false
2104,2104,25,28,B,H,1,0,false
2104,2104,25,28,C,D,0,1,true
2104,2104,25,28,C,E,0.5,0.5,true
2104,2104,25,28,C,F,0,1,true
2104,2104,25,28,C,G,0.9,0.1,false
2104,2104,25,28,C,H,1,0,false
2104,2104,25,28,D,E,1,0,false
2104,2104,25,28,D,F,1,0,false
2104,2104,25,28,D,G,1,0,false
2104,2104,25,28,D,H,1,0,false
2104,2104,25,28,E,F,0.2,0.8,true
2104,2104,25,28,E,G,0.5,0.5,true
2104,2104,25,28,E,H,1,0,false
2104,2104,25,28,F,G,0.9,0.1,false
2104,2104,25,28,F,H,1,0,false
2104,2104,25,28,G,H,1,0,false
2104,2104,26,29,A,B,0,1,true
2104,2104,26,29,A,C,0.3,0.7,true
2104,2104,26,29,A,D,0.6,0.4,false
2104,2104,26,29,A,E,0.5,0.5,true
2104,2104,26,29,A,F,1,0,false
2104,2104,26,29,A,G,1,0,false
2104,2104,26,29,A,H,0.9,0.1,false
2104,2104,26,29,B,C,1,0,false
2104,2104,26,29,B,D,1,0,false
2104,2104,26,29,B,E,1,0,false
2104,2104,26,29,B,F,1,0,false
2104,2104,26,29,B,G,1,0,false
2104,2104,26,29,B,H,1,0,false
2104,2104,26,29,C,D,0.6,0.4,false
2104,2104,26,29,C,E,0.9,0.1,false
2104,2104,26,29,C,F,1,0,false
2104,2104,26,29,C,G,1,0,false
2104,2104,26,29,C,H,0.9,0.1,false
2104,2104,26,29,D,E,0.8,0.2,false
2104,2104,26,29,D,F,1,0,false
2104,2104,26,29,D,G,1,0,false
2104,2104,26,29,D,H,1,0,false
2104,2104,26,29,E,F,1,0,false
2104,2104,26,29,E,G,1,0,false
2104,2104,26,29,E,H,1,0,false
2104,2104,26,29,F,G,0.1,0.9,true
2104,2104,26,29,F,H,0,1,true
2104,2104,26,29,G,H,0.2,0.8,true
2104,2104,27,30,A,B,1,0,false
2104,2104,27,30,A,C,1,0,false
2104,2104,27,30,A,D,1,0,false
2104,2104,27,30,A,E,1,0,false
2104,2104,27,30,A,F,1,0,false
2104,2104,27,30,A,G,1,0,false
2104,2104,27,30,A,H,1,0,false
2104,2104,27,30,B,C,0.9,0.1,false
2104,2104,27,30,B,D,1,0,false
2104,2104,27,30,B,E,1,0,false
2104,2104,27,30,B,F,1,0,false
2104,2104,27,30,B,G,1,0,false
2104,2104,27,30,B,H,1,0,false
2104,2104,27,30,C,D,0.7,0.3,false
2104,2104,27,30,C,E,1,0,false
2104,2104,27,30,C,F,0.8,0.2,false
2104,2104,27,30,C,G,1,0,false
2104,2104,27,30,C,H,1,0,false
2104,2104,27,30,D,E,1,0,false
2104,2104,27,30,D,F,0.7,0.3,false
2104,2104,27,30,D,G,1,0,false
2104,2104,27,30,D,H,1,0,false
2104,2104,27,30,E,F,0,1,true
2104,2104,27,30,E,G,0.6,0.4,false
2104,2104,27,30,E,H,0.1,0.9,true
2104,2104,27,30,F,G,1,0,false
2104,2104,27,30,F,H,1,0,false
2104,2104,27,30,G,H,0.1,0.9,true
2104,2104,28,31,A,B,1,0,false
2104,2104,28,31,A,C,1,0,false
2104,2104,28,31,A,D,1,0,false
2104,2104,28,31,A,E,1,0,false
2104,2104,28,31,A,F,1,0,false
2104,2104,28,31,A,G,1,0,false
2104,2104,28,31,A,H,1,0,false
2104,2104,28,31,B,C,0.3,0.7,true
2104,2104,28,31,B,D,1,0,false
2104,2104,28,31,B,E,1,0,false
2104,2104,28,31,B,F,1,0,false
2104,2104,28,31,B,G,1,0,false
2104,2104,28,31,B,H,1,0,false
2104,2104,28,31,C,D,1,0,false
2104,2104,28,31,C,E,1,0,false
2104,2104,28,31,C,F,1,0,false
2104,2104,28,31,C,G,1,0,false
2104,2104,28,31,C,H,1,0,false
2104,2104,28,31,D,E,0.5,0.5,true
2104,2104,28,31,D,F,0.4,0.6,true
2104,2104,28,31,D,G,1,0,false
2104,2104,28,31,D,H,1,0,false
2104,2104,28,31,E,F,0.8,0.2,false
2104,2104,28,31,E,G,1,0,false
2104,2104,28,31,E,H,1,0,false
2104,2104,28,31,F,G,0.9,0.1,false
2104,2104,28,31,F,H,1,0,false
2104,2104,28,31,G,H,1,0,false
2104,2104,29,32,A,B,0.8,0.2,false
2104,2104,29,32,A,C,0.9,0.1,false
2104,2104,29,32,A,D,0.5,0.5,true
2104,2104,29,32,A,E,1,0,false
2104,2104,29,32,A,F,0.9,0.1,false
2104,2104,29,32,A,G,1,0,false
2104,2104,29,32,A,H,1,0,false
2104,2104,29,32,B,C,0.4,0.6,true
2104,2104,29,32,B,D,0.5,0.5,true
2104,2104,29,32,B,E,0.9,0.1,false
2104,2104,29,32,B,F,0.1,0.9,true
2104,2104,29,32,B,G,1,0,false
2104,2104,29,32,B,H,1,0,false
2104,2104,29,32,C,D,0.7,0.3,false
2104,2104,29,32,C,E,0.8,0.2,false
2104,2104,29,32,C,F,0.5,0.5,true
2104,2104,29,32,C,G,1,0,false
2104,2104,29,32,C,H,1,0,false
2104,2104,29,32,D,E,0.9,0.1,false
2104,2104,29,32,D,F,0.3,0.7,true
2104,2104,29,32,D,G,1,0,false
2104,2104,29,32,D,H,1,0,false
2104,2104,29,32,E,F,0.3,0.7,true
2104,2104,29,32,E,G,1,0,false
2104,2104,29,32,E,H,1,0,false
2104,2104,29,32,F,G,1,0,false
2104,2104,29,32,F,H,1,0,false
2104,2104,29,32,G,H,0.7,0.3,false
2104,2104,30,33,A,B,0.8,0.2,false
2104,2104,30,33,A,C,0.9,0.1,false
2104,2104,30,33,A,D,1,0,false
2104,2104,30,33,A,E,1,0,false
2104,2104,30,33,A,F,1,0,false
2104,2104,30,33,A,G,1,0,false
2104,2104,30,33,A,H,1,0,false
2104,2104,30,33,B,C,0.5,0.5,true
2104,2104,30,33,B,D,1,0,false
2104,2104,30,33,B,E,1,0,false
2104,2104,30,33,B,F,1,0,false
2104,2104,30,33,B,G,1,0,false
2104,2104,30,33,B,H,0.8,0.2,false
2104,2104,30,33,C,D,1,0,false
2104,2104,30,33,C,E,1,0,false
2104,2104,30,33,C,F,1,0,false
2104,2104,30,33,C,G,1,0,false
2104,2104,30,33,C,H,0.5,0.5,true
2104,2104,30,33,D,E,0,1,true
2104,2104,30,33,D,F,1,0,false
2104,2104,30,33,D,G,1,0,false
2104,2104,30,33,D,H,0,1,true
2104,2104,30,33,E,F,1,0,false
2104,2104,30,33,E,G,1,0,false
2104,2104,30,33,E,H,0.1,0.9,true
2104,2104,30,33,F,G,0,1,true
2104,2104,30,33,F,H,0,1,true
2104,2104,30,33,G,H,0,1,true
2104,2104,31,34,A,B,0.4,0.6,true
2104,2104,31,34,A,C,0.7,0.3,false
2104,2104,31,34,A,D,1,0,false
2104,2104,31,34,A,E,0,1,true
2104,2104,31,34,A,F,1,0,false
2104,2104,31,34,A,G,1,0,false
2104,2104,31,34,A,H,0.9,0.1,false
2104,2104,31,34,B,C,1,0,false
2104,2104,31,34,B,D,1,0,false
2104,2104,31,34,B,E,0.1,0.9,true
2104,2104,31,34,B,F,1,0,false
2104,2104,31,34,B,G,1,0,false
2104,2104,31,34,B,H,1,0,false
2104,2104,31,34,C,D,0.5,0.5,true
2104,2104,31,34,C,E,0,1,true
2104,2104,31,34,C,F,1,0,false
2104,2104,31,34,C,G,1,0,false
2104,2104,31,34,C,H,1,0,false
2104,2104,31,34,D,E,0,1,true
2104,2104,31,34,D,F,1,0,false
2104,2104,31,34,D,G,1,0,false
2104,2104,31,34,D,H,1,0,false
2104,2104,31,34,E,F,1,0,false
2104,2104,31,34,E,G,1,0,false
2104,2104,31,34,E,H,1,0,false
2104,2104,31,34,F,G,0.4,0.6,true
2104,2104,31,34,F,H,0,1,true
2104,2104,31,34,G,H,0,1,true
2104,2104,32,36,A,B,0.6,0.4,false
2104,2104,32,36,A,C,1,0,false
2104,2104,32,36,A,D,0.8,0.2,false
2104,2104,32,36,A,E,1,0,false
2104,2104,32,36,A,F,1,0,false
2104,2104,32,36,A,G,1,0,false
2104,2104,32,36,A,H,1,0,false
2104,2104,32,36,B,C,1,0,false
2104,2104,32,36,B,D,0.2,0.8,true
2104,2104,32,36,B,E,1,0,false
2104,2104,32,36,B,F,1,0,false
2104,2104,32,36,B,G,1,0,false
2104,2104,32,36,B,H,1,0,false
2104,2104,32,36,C,D,0,1,true
2104,2104,32,36,C,E,0.9,0.1,false
2104,2104,32,36,C,F,0.1,0.9,true
2104,2104,32,36,C,G,0.9,0.1,false
2104,2104,32,36,C,H,1,0,false
2104,2104,32,36,D,E,1,0,false
2104,2104,32,36,D,F,1,0,false
2104,2104,32,36,D,G,1,0,false
2104,2104,32,36,D,H,1,0,false
2104,2104,32,36,E,F,0.1,0.9,true
2104,2104,32,36,E,G,0.8,0.2,false
2104,2104,32,36,E,H,1,0,false
2104,2104,32,36,F,G,1,0,false
2104,2104,32,36,F,H,1,0,false
2104,2104,32,36,G,H,1,0,false
2104,2104,33,37,A,B,0.4,0.6,true
2104,2104,33,37,A,C,1,0,false
2104,2104,33,37,A,D,0.9,0.1,false
2104,2104,33,37,A,E,1,0,false
2104,2104,33,37,A,F,1,0,false
2104,2104,33,37,A,G,1,0,false
2104,2104,33,37,A,H,1,0,false
2104,2104,33,37,B,C,1,0,false
2104,2104,33,37,B,D,1,0,false
2104,2104,33,37,B,E,1,0,false
2104,2104,33,37,B,F,1,0,false
2104,2104,33,37,B,G,1,0,false
2104,2104,33,37,B,H,1,0,false
2104,2104,33,37,C,D,0.1,0.9,true
2104,2104,33,37,C,E,1,0,false
2104,2104,33,37,C,F,0.9,0.1,false
2104,2104,33,37,C,G,1,0,false
2104,2104,33,37,C,H,1,0,false
2104,2104,33,37,D,E,1,0,false
2104,2104,33,37,D,F,1,0,false
2104,2104,33,37,D,G,1,0,false
2104,2104,33,37,D,H,1,0,false
2104,2104,33,37,E,F,0,1,true
2104,2104,33,37,E,G,1,0,false
2104,2104,33,37,E,H,1,0,false
2104,2104,33,37,F,G,1,0,false
2104,2104,33,37,F,H,1,0,false
2104,2104,33,37,G,H,0.3,0.7,true
2104,2104,34,38,A,B,0.6,0.4,false
2104,2104,34,38,A,C,1,0,false
2104,2104,34,38,A,D,1,0,false
2104,2104,34,38,A,E,0.9,0.1,false
2104,2104,34,38,A,F,1,0,false
2104,2104,34,38,A,G,1,0,false
2104,2104,34,38,A,H,1,0,false
2104,2104,34,38,B,C,0.9,0.1,false
2104,2104,34,38,B,D,1,0,false
2104,2104,34,38,B,E,1,0,false
2104,2104,34,38,B,F,1,0,false
2104,2104,34,38,B,G,1,0,false
2104,2104,34,38,B,H,1,0,false
2104,2104,34,38,C,D,0.8,0.2,false
2104,2104,34,38,C,E,0.2,0.8,true
2104,2104,34,38,C,F,1,0,false
2104,2104,34,38,C,G,0.9,0.1,false
2104,2104,34,38,C,H,1,0,false
2104,2104,34,38,D,E,0,1,true
2104,2104,34,38,D,F,1,0,false
2104,2104,34,38,D,G,0.7,0.3,false
2104,2104,34,38,D,H,0.8,0.2,false
2104,2104,34,38,E,F,1,0,false
2104,2104,34,38,E,G,1,0,false
2104,2104,34,38,E,H,1,0,false
2104,2104,34,38,F,G,0,1,true
2104,2104,34,38,F,H,0,1,true
2104,2104,34,38,G,H,0.6,0.4,false
2104,2104,35,40,A,B,0,1,true
2104,2104,35,40,A,C,0,1,true
2104,2104,35,40,A,D,0.1,0.9,true
2104,2104,35,40,A,E,0,1,true
2104,2104,35,40,A,F,1,0,false
2104,2104,35,40,A,G,1,0,false
2104,2104,35,40,A,H,0.9,0.1,false
2104,2104,35,40,B,C,0.3,0.7,true
2104,2104,35,40,B,D,1,0,false
2104,2104,35,40,B,E,0.6,0.4,false
2104,2104,35,40,B,F,1,0,false
2104,2104,35,40,B,G,1,0,false
2104,2104,35,40,B,H,1,0,false
2104,2104,35,40,C,D,1,0,false
2104,2104,35,40,C,E,0.4,0.6,true
2104,2104,35,40,C,F,1,0,false
2104,2104,35,40,C,G,1,0,false
2104,2104,35,40,C,H,1,0,false
2104,2104,35,40,D,E,0,1,true
2104,2104,35,40,D,F,1,0,false
2104,2104,35,40,D,G,1,0,false
2104,2104,35,40,D,H,0.8,0.2,false
2104,2104,35,40,E,F,1,0,false
2104,2104,35,40,E,G,1,0,false
2104,2104,35,40,E,H,1,0,false
2104,2104,35,40,F,G,0,1,true
2104,2104,35,40,F,H,0,1,true
2104,2104,35,40,G,H,0,1,true
2104,2104,36,41,A,B,0.9,0.1,false
2104,2104,36,41,A,C,1,0,false
2104,2104,36,41,A,D,1,0,false
2104,2104,36,41,A,E,1,0,false
2104,2104,36,41,A,F,1,0,false
2104,2104,36,41,A,G,1,0,false
2104,2104,36,41,A,H,1,0,false
2104,2104,36,41,B,C,0.7,0.3,false
2104,2104,36,41,B,D,1,0,false
2104,2104,36,41,B,E,1,0,false
2104,2104,36,41,B,F,1,0,false
2104,2104,36,41,B,G,1,0,false
2104,2104,36,41,B,H,1,0,false
2104,2104,36,41,C,D,0.6,0.4,false
2104,2104,36,41,C,E,0.7,0.3,false
2104,2104,36,41,C,F,1,0,false
2104,2104,36,41,C,G,1,0,false
2104,2104,36,41,C,H,1,0,false
2104,2104,36,41,D,E,0.3,0.7,true
2104,2104,36,41,D,F,1,0,false
2104,2104,36,41,D,G,1,0,false
2104,2104,36,41,D,H,1,0,false
2104,2104,36,41,E,F,1,0,false
2104,2104,36,41,E,G,1,0,false
2104,2104,36,41,E,H,1,0,false
2104,2104,36,41,F,G,1,0,false
2104,2104,36,41,F,H,0.6,0.4,false
2104,2104,36,41,G,H,0,1,true
2104,2104,37,42,A,B,0.6,0.4,false
2104,2104,37,42,A,C,1,0,false
2104,2104,37,42,A,D,0.9,0.1,false
2104,2104,37,42,A,E,1,0,false
2104,2104,37,42,A,F,0.9,0.1,false
2104,2104,37,42,A,G,1,0,false
2104,2104,37,42,A,H,1,0,false
2104,2104,37,42,B,C,1,0,false
2104,2104,37,42,B,D,0.9,0.1,false
2104,2104,37,42,B,E,1,0,false
2104,2104,37,42,B,F,1,0,false
2104,2104,37,42,B,G,1,0,false
2104,2104,37,42,B,H,1,0,false
2104,2104,37,42,C,D,0.1,0.9,true
2104,2104,37,42,C,E,1,0,false
2104,2104,37,42,C,F,0.1,0.9,true
2104,2104,37,42,C,G,1,0,false
2104,2104,37,42,C,H,1,0,false
2104,2104,37,42,D,E,1,0,false
2104,2104,37,42,D,F,0.8,0.2,false
2104,2104,37,42,D,G,1,0,false
2104,2104,37,42,D,H,1,0,false
2104,2104,37,42,E,F,0,1,true
2104,2104,37,42,E,G,1,0,false
2104,2104,37,42,E,H,1,0,false
2104,2104,37,42,F,G,1,0,false
2104,2104,37,42,F,H,1,0,false
2104,2104,37,42,G,H,0.2,0.8,true
2104,2104,38,43,A,B,0,1,true
2104,2104,38,43,A,C,0,1,true
2104,2104,38,43,A,D,0,1,true
2104,2104,38,43,A,E,0.3,0.7,true
2104,2104,38,43,A,F,0.7,0.3,false
2104,2104,38,43,A,G,1,0,false
2104,2104,38,43,A,H,0.8,0.2,false
2104,2104,38,43,B,C,1,0,false
2104,2104,38,43,B,D,1,0,false
2104,2104,38,43,B,E,1,0,false
2104,2104,38,43,B,F,1,0,false
2104,2104,38,43,B,G,1,0,false
2104,2104,38,43,B,H,1,0,false
2104,2104,38,43,C,D,1,0,false
2104,2104,38,43,C,E,1,0,false
2104,2104,38,43,C,F,1,0,false
2104,2104,38,43,C,G,1,0,false
2104,2104,38,43,C,H,1,0,false
2104,2104,38,43,D,E,0.6,0.4,false
2104,2104,38,43,D,F,1,0,false
2104,2104,38,43,D,G,1,0,false
2104,2104,38,43,D,H,1,0,false
2104,2104,38,43,E,F,1,0,false
2104,2104,38,43,E,G,1,0,false
2104,2104,38,43,E,H,1,0,false
2104,2104,38,43,F,G,1,0,false
2104,2104,38,43,F,H,0.3,0.7,true
2104,2104,38,43,G,H,0,1,true
2104,2104,39,44,A,B,1,0,false
2104,2104,39,44,A,C,1,0,false
2104,2104,39,44,A,D,1,0,false
2104,2104,39,44,A,E,1,0,false
2104,2104,39,44,A,F,1,0,false
2104,2104,39,44,A,G,1,0,false
2104,2104,39,44,A,H,1,0,false
2104,2104,39,44,B,C,0.5,0.5,true
2104,2104,39,44,B,D,0.6,0.4,false
2104,2104,39,44,B,E,1,0,false
2104,2104,39,44,B,F,1,0,false
2104,2104,39,44,B,G,1,0,false
2104,2104,39,44,B,H,1,0,false
2104,2104,39,44,C,D,0.3,0.7,true
2104,2104,39,44,C,E,1,0,false
2104,2104,39,44,C,F,1,0,false
2104,2104,39,44,C,G,1,0,false
2104,2104,39,44,C,H,1,0,false
2104,2104,39,44,D,E,1,0,false
2104,2104,39,44,D,F,1,0,false
2104,2104,39,44,D,G,1,0,false
2104,2104,39,44,D,H,1,0,false
2104,2104,39,44,E,F,0.5,0.5,true
2104,2104,39,44,E,G,0.1,0.9,true
2104,2104,39,44,E,H,1,0,false
2104,2104,39,44,F,G,0.9,0.1,false
2104,2104,39,44,F,H,1,0,false
2104,2104,39,44,G,H,1,0,false
2104,2104,40,45,A,B,0,1,true
2104,2104,40,45,A,C,0,1,true
2104,2104,40,45,A,D,1,0,false
2104,2104,40,45,A,E,0,1,true
2104,2104,40,45,A,F,1,0,false
2104,2104,40,45,A,G,1,0,false
2104,2104,40,45,A,H,1,0,false
2104,2104,40,45,B,C,1,0,false
2104,2104,40,45,B,D,1,0,false
2104,2104,40,45,B,E,1,0,false
2104,2104,40,45,B,F,1,0,false
2104,2104,40,45,B,G,1,0,false
2104,2104,40,45,B,H,1,0,false
2104,2104,40,45,C,D,1,0,false
2104,2104,40,45,C,E,1,0,false
2104,2104,40,45,C,F,1,0,false
2104,2104,40,45,C,G,1,0,false
2104,2104,40,45,C,H,1,0,false
2104,2104,40,45,D,E,0,1,true
2104,2104,40,45,D,F,1,0,false
2104,2104,40,45,D,G,0.4,0.6,true
2104,2104,40,45,D,H,0.6,0.4,false
2104,2104,40,45,E,F,1,0,false
2104,2104,40,45,E,G,1,0,false
2104,2104,40,45,E,H,1,0,false
2104,2104,40,45,F,G,0,1,true
2104,2104,40,45,F,H,0,1,true
2104,2104,40,45,G,H,0.8,0.2,false
2104,2104,41,46,A,B,0,1,true
2104,2104,41,46,A,C,0.9,0.1,false
2104,2104,41,46,A,D,1,0,false
2104,2104,41,46,A,E,0.9,0.1,false
2104,2104,41,46,A,F,1,0,false
2104,2104,41,46,A,G,1,0,false
2104,2104,41,46,A,H,1,0,false
2104,2104,41,46,B,C,1,0,false
2104,2104,41,46,B,D,1,0,false
2104,2104,41,46,B,E,1,0,false
2104,2104,41,46,B,F,1,0,false
2104,2104,41,46,B,G,1,0,false
2104,2104,41,46,B,H,1,0,false
2104,2104,41,46,C,D,1,0,false
2104,2104,41,46,C,E,0.6,0.4,false
2104,2104,41,46,C,F,1,0,false
2104,2104,41,46,C,G,1,0,false
2104,2104,41,46,C,H,0.7,0.3,false
2104,2104,41,46,D,E,0,1,true
2104,2104,41,46,D,F,1,0,false
2104,2104,41,46,D,G,1,0,false
2104,2104,41,46,D,H,0,1,true
2104,2104,41,46,E,F,1,0,false
2104,2104,41,46,E,G,1,0,false
2104,2104,41,46,E,H,0.9,0.1,false
2104,2104,41,46,F,G,1,0,false
2104,2104,41,46,F,H,0,1,true
2104,2104,41,46,G,H,0,1,true
2104,2104,42,47,A,B,0.3,0.7,true
2104,2104,42,47,A,C,1,0,false
2104,2104,42,47,A,D,1,0,false
2104,2104,42,47,A,E,0,1,true
2104,2104,42,47,A,F,1,0,false
2104,2104,42,47,A,G,1,0,false
2104,2104,42,47,A,H,1,0,false
2104,2104,42,47,B,C,1,0,false
2104,2104,42,47,B,D,1,0,false
2104,2104,42,47,B,E,0.1,0.9,true
2104,2104,42,47,B,F,1,0,false
2104,2104,42,47,B,G,1,0,false
2104,2104,42,47,B,H,0.8,0.2,false
2104,2104,42,47,C,D,0.4,0.6,true
2104,2104,42,47,C,E,0,1,true
2104,2104,42,47,C,F,1,0,false
2104,2104,42,47,C,G,1,0,false
2104,2104,42,47,C,H,0.7,0.3,false
2104,2104,42,47,D,E,0,1,true
2104,2104,42,47,D,F,1,0,false
2104,2104,42,47,D,G,1,0,false
2104,2104,42,47,D,H,0.2,0.8,true
2104,2104,42,47,E,F,1,0,false
2104,2104,42,47,E,G,1,0,false
2104,2104,42,47,E,H,1,0,false
2104,2104,42,47,F,G,0.8,0.2,false
2104,2104,42,47,F,H,0,1,true
2104,2104,42,47,G,H,0,1,true
2104,2104,43,48,A,B,1,0,false
2104,2104,43,48,A,C,1,0,false
2104,2104,43,48,A,D,1,0,false
2104,2104,43,48,A,E,1,0,false
2104,2104,43,48,A,F,1,0,false
2104,2104,43,48,A,G,1,0,false
2104,2104,43,48,A,H,1,0,false
2104,2104,43,48,B,C,0.8,0.2,false
2104,2104,43,48,B,D,1,0,false
2104,2104,43,48,B,E,0.9,0.1,false
2104,2104,43,48,B,F,1,0,false
2104,2104,43,48,B,G,1,0,false
2104,2104,43,48,B,H,1,0,false
2104,2104,43,48,C,D,1,0,false
2104,2104,43,48,C,E,0.5,0.5,true
2104,2104,43,48,C,F,1,0,false
2104,2104,43,48,C,G,1,0,false
2104,2104,43,48,C,H,1,0,false
2104,2104,43,48,D,E,0.1,0.9,true
2104,2104,43,48,D,F,1,0,false
2104,2104,43,48,D,G,1,0,false
2104,2104,43,48,D,H,1,0,false
2104,2104,43,48,E,F,1,0,false
2104,2104,43,48,E,G,1,0,false
2104,2104,43,48,E,H,1,0,false
2104,2104,43,48,F,G,0.2,0.8,true
2104,2104,43,48,F,H,0.7,0.3,false
2104,2104,43,48,G,H,1,0,false
2104,2104,44,49,A,B,0,1,true
2104,2104,44,49,A,C,0,1,true
2104,2104,44,49,A,D,0,1,true
2104,2104,44,49,A,E,1,0,false
2104,2104,44,49,A,F,0.8,0.2,false
2104,2104,44,49,A,G,1,0,false
2104,2104,44,49,A,H,1,0,false
2104,2104,44,49,B,C,0.9,0.1,false
2104,2104,44,49,B,D,0.8,0.2,false
2104,2104,44,49,B,E,1,0,false
2104,2104,44,49,B,F,1,0,false
2104,2104,44,49,B,G,1,0,false
2104,2104,44,49,B,H,1,0,false
2104,2104,44,49,C,D,0.4,0.6,true
2104,2104,44,49,C,E,1,0,false
2104,2104,44,49,C,F,1,0,false
2104,2104,44,49,C,G,1,0,false
2104,2104,44,49,C,H,1,0,false
2104,2104,44,49,D,E,1,0,false
2104,2104,44,49,D,F,1,0,false
2104,2104,44,49,D,G,1,0,false
2104,2104,44,49,D,H,1,0,false
2104,2104,44,49,E,F,0,1,true
2104,2104,44,49,E,G,0.7,0.3,false
2104,2104,44,49,E,H,1,0,false
2104,2104,44,49,F,G,1,0,false
2104,2104,44,49,F,H,1,0,false
2104,2104,44,49,G,H,1,0,false
2104,2104,45,50,A,B,0.9,0.1,false
2104,2104,45,50,A,C,0.4,0.6,true
2104,2104,45,50,A,D,0.7,0.3,false
2104,2104,45,50,A,E,1,0,false
2104,2104,45,50,A,F,1,0,false
2104,2104,45,50,A,G,1,0,false
2104,2104,45,50,A,H,1,0,false
2104,2104,45,50,B,C,0.5,0.5,true
2104,2104,45,50,B,D,0.6,0.4,false
2104,2104,45,50,B,E,1,0,false
2104,2104,45,50,B,F,0.6,0.4,false
2104,2104,45,50,B,G,1,0,false
2104,2104,45,50,B,H,1,0,false
2104,2104,45,50,C,D,0.7,0.3,false
2104,2104,45,50,C,E,1,0,false
2104,2104,45,50,C,F,0.8,0.2,false
2104,2104,45,50,C,G,1,0,false
2104,2104,45,50,C,H,1,0,false
2104,2104,45,50,D,E,1,0,false
2104,2104,45,50,D,F,0.8,0.2,false
2104,2104,45,50,D,G,1,0,false
2104,2104,45,50,D,H,1,0,false
2104,2104,45,50,E,F,0,1,true
2104,2104,45,50,E,G,1,0,false
2104,2104,45,50,E,H,1,0,false
2104,2104,45,50,F,G,1,0,false
2104,2104,45,50,F,H,1,0,false
2104,2104,45,50,G,H,1,0,false
2104,2104,46,51,A,B,1,0,false
2104,2104,46,51,A,C,1,0,false
2104,2104,46,51,A,D,1,0,false
2104,2104,46,51,A,E,1,0,false
2104,2104,46,51,A,F,0.6,0.4,false
2104,2104,46,51,A,G,1,0,false
2104,2104,46,51,A,H,1,0,false
2104,2104,46,51,B,C,1,0,false
2104,2104,46,51,B,D,0.8,0.2,false
2104,2104,46,51,B,E,1,0,false
2104,2104,46,51,B,F,0,1,true
2104,2104,46,51,B,G,1,0,false
2104,2104,46,51,B,H,1,0,false
2104,2104,46,51,C,D,0.1,0.9,true
2104,2104,46,51,C,E,1,0,false
2104,2104,46,51,C,F,0,1,true
2104,2104,46,51,C,G,1,0,false
2104,2104,46,51,C,H,1,0,false
2104,2104,46,51,D,E,1,0,false
2104,2104,46,51,D,F,0,1,true
2104,2104,46,51,D,G,1,0,false
2104,2104,46,51,D,H,1,0,false
2104,2104,46,51,E,F,0,1,true
2104,2104,46,51,E,G,0.7,0.3,false
2104,2104,46,51,E,H,1,0,false
2104,2104,46,51,F,G,1,0,false
2104,2104,46,51,F,H,1,0,false
2104,2104,46,51,G,H,1,0,false
2104,2104,47,52,A,B,1,0,false
2104,2104,47,52,A,C,1,0,false
2104,2104,47,52,A,D,1,0,false
2104,2104,47,52,A,E,1,0,false
2104,2104,47,52,A,F,1,0,false
2104,2104,47,52,A,G,1,0,false
2104,2104,47,52,A,H,1,0,false
2104,2104,47,52,B,C,1,0,false
2104,2104,47,52,B,D,0.9,0.1,false
2104,2104,47,52,B,E,1,0,false
2104,2104,47,52,B,F,1,0,false
2104,2104,47,52,B,G,1,0,false
2104,2104,47,52,B,H,1,0,false
2104,2104,47,52,C,D,0,1,true
2104,2104,47,52,C,E,0.9,0.1,false
2104,2104,47,52,C,F,0.4,0.6,true
2104,2104,47,52,C,G,1,0,false
2104,2104,47,52,C,H,1,0,false
2104,2104,47,52,D,E,1,0,false
2104,2104,47,52,D,F,1,0,false
2104,2104,47,52,D,G,1,0,false
2104,2104,47,52,D,H,1,0,false
2104,2104,47,52,E,F,0.1,0.9,true
2104,2104,47,52,E,G,0.9,0.1,false
2104,2104,47,52,E,H,0.7,0.3,false
2104,2104,47,52,F,G,1,0,false
2104,2104,47,52,F,H,1,0,false
2104,2104,47,52,G,H,0.6,0.4,false
2104,2104,48,53,A,B,1,0,false
2104,2104,48,53,A,C,1,0,false
2104,2104,48,53,A,D,1,0,false
2104,2104,48,53,A,E,1,0,false
2104,2104,48,53,A,F,1,0,false
2104,2104,48,53,A,G,1,0,false
2104,2104,48,53,A,H,1,0,false
2104,2104,48,53,B,C,0.5,0.5,true
2104,2104,48,53,B,D,0.7,0.3,false
2104,2104,48,53,B,E,0.4,0.6,true
2104,2104,48,53,B,F,0.9,0.1,false
2104,2104,48,53,B,G,1,0,false
2104,2104,48,53,B,H,1,0,false
2104,2104,48,53,C,D,0.5,0.5,true
2104,2104,48,53,C,E,0,1,true
2104,2104,48,53,C,F,0.2,0.8,true
2104,2104,48,53,C,G,1,0,false
2104,2104,48,53,C,H,1,0,false
2104,2104,48,53,D,E,0,1,true
2104,2104,48,53,D,F,0.9,0.1,false
2104,2104,48,53,D,G,1,0,false
2104,2104,48,53,D,H,1,0,false
2104,2104,48,53,E,F,1,0,false
2104,2104,48,53,E,G,1,0,false
2104,2104,48,53,E,H,1,0,false
2104,2104,48,53,F,G,1,0,false
2104,2104,48,53,F,H,1,0,false
2104,2104,48,53,G,H,0.3,0.7,true
2104,2104,49,54,A,B,0.8,0.2,false
2104,2104,49,54,A,C,1,0,false
2104,2104,49,54,A,D,1,0,false
2104,2104,49,54,A,E,1,0,false
2104,2104,49,54,A,F,1,0,false
2104,2104,49,54,A,G,1,0,false
2104,2104,49,54,A,H,1,0,false
2104,2104,49,54,B,C,1,0,false
2104,2104,49,54,B,D,1,0,false
2104,2104,49,54,B,E,1,0,false
2104,2104,49,54,B,F,1,0,false
2104,2104,49,54,B,G,1,0,false
2104,2104,49,54,B,H,1,0,false
2104,2104,49,54,C,D,1,0,false
2104,2104,49,54,C,E,1,0,false
2104,2104,49,54,C,F,1,0,false
2104,2104,49,54,C,G,1,0,false
2104,2104,49,54,C,H,1,0,false
2104,2104,49,54,D,E,1,0,false
2104,2104,49,54,D,F,1,0,false
2104,2104,49,54,D,G,0.2,0.8,true
2104,2104,49,54,D,H,1,0,false
2104,2104,49,54,E,F,0.2,0.8,true
2104,2104,49,54,E,G,0,1,true
2104,2104,49,54,E,H,1,0,false
2104,2104,49,54,F,G,0,1,true
2104,2104,49,54,F,H,1,0,false
2104,2104,49,54,G,H,1,0,false
2104,2104,50,55,A,B,1,0,false
2104,2104,50,55,A,C,1,0,false
2104,2104,50,55,A,D,1,0,false
2104,2104,50,55,A,E,1,0,false
2104,2104,50,55,A,F,1,0,false
2104,2104,50,55,A,G,1,0,false
2104,2104,50,55,A,H,1,0,false
2104,2104,50,55,B,C,1,0,false
2104,2104,50,55,B,D,1,0,false
2104,2104,50,55,B,E,1,0,false
2104,2104,50,55,B,F,1,0,false
2104,2104,50,55,B,G,1,0,false
2104,2104,50,55,B,H,1,0,false
2104,2104,50,55,C,D,1,0,false
2104,2104,50,55,C,E,1,0,false
2104,2104,50,55,C,F,1,0,false
2104,2104,50,55,C,G,1,0,false
2104,2104,50,55,C,H,1,0,false
2104,2104,50,55,D,E,0.4,0.6,true
2104,2104,50,55,D,F,1,0,false
2104,2104,50,55,D,G,0.5,0.5,true
2104,2104,50,55,D,H,1,0,false
2104,2104,50,55,E,F,0.7,0.3,false
2104,2104,50,55,E,G,0.5,0.5,true
2104,2104,50,55,E,H,1,0,false
2104,2104,50,55,F,G,0,1,true
2104,2104,50,55,F,H,0.9,0.1,false
2104,2104,50,55,G,H,1,0,false
2104,2104,51,56,A,B,1,0,false
2104,2104,51,56,A,C,1,0,false
2104,2104,51,56,A,D,1,0,false
2104,2104,51,56,A,E,1,0,false
2104,2104,51,56,A,F,1,0,false
2104,2104,51,56,A,G,1,0,false
2104,2104,51,56,A,H,1,0,false
2104,2104,51,56,B,C,1,0,false
2104,2104,51,56,B,D,1,0,false
2104,2104,51,56,B,E,1,0,false
2104,2104,51,56,B,F,1,0,false
2104,2104,51,56,B,G,1,0,false
2104,2104,51,56,B,H,1,0,false
2104,2104,51,56,C,D,0,1,true
2104,2104,51,56,C,E,0.2,0.8,true
2104,2104,51,56,C,F,1,0,false
2104,2104,51,56,C,G,1,0,false
2104,2104,51,56,C,H,1,0,false
2104,2104,51,56,D,E,0.2,0.8,true
2104,2104,51,56,D,F,1,0,false
2104,2104,51,56,D,G,1,0,false
2104,2104,51,56,D,H,1,0,false
2104,2104,51,56,E,F,1,0,false
2104,2104,51,56,E,G,1,0,false
2104,2104,51,56,E,H,1,0,false
2104,2104,51,56,F,G,0.7,0.3,false
2104,2104,51,56,F,H,0.9,0.1,false
2104,2104,51,56,G,H,0.3,0.7,true
2104,2104,52,57,A,B,1,0,false
2104,2104,52,57,A,C,1,0,false
2104,2104,52,57,A,D,1,0,false
2104,2104,52,57,A,E,1,0,false
2104,2104,52,57,A,F,1,0,false
2104,2104,52,57,A,G,1,0,false
2104,2104,52,57,A,H,1,0,false
2104,2104,52,57,B,C,1,0,false
2104,2104,52,57,B,D,1,0,false
2104,2104,52,57,B,E,0,1,true
2104,2104,52,57,B,F,1,0,false
2104,2104,52,57,B,G,1,0,false
2104,2104,52,57,B,H,1,0,false
2104,2104,52,57,C,D,0.9,0.1,false
2104,2104,52,57,C,E,0,1,true
2104,2104,52,57,C,F,1,0,false
2104,2104,52,57,C,G,1,0,false
2104,2104,52,57,C,H,1,0,false
2104,2104,52,57,D,E,0,1,true
2104,2104,52,57,D,F,1,0,false
2104,2104,52,57,D,G,1,0,false
2104,2104,52,57,D,H,1,0,false
2104,2104,52,57,E,F,1,0,false
2104,2104,52,57,E,G,1,0,false
2104,2104,52,57,E,H,1,0,false
2104,2104,52,57,F,G,1,0,false
2104,2104,52,57,F,H,0.6,0.4,false
2104,2104,52,57,G,H,0,1,true
2104,2104,53,59,A,B,0.3,0.7,true
2104,2104,53,59,A,C,0.9,0.1,false
2104,2104,53,59,A,D,0.1,0.9,true
2104,2104,53,59,A,E,1,0,false
2104,2104,53,59,A,F,1,0,false
2104,2104,53,59,A,G,1,0,false
2104,2104,53,59,A,H,1,0,false
2104,2104,53,59,B,C,1,0,false
2104,2104,53,59,B,D,0.7,0.3,false
2104,2104,53,59,B,E,1,0,false
2104,2104,53,59,B,F,1,0,false
2104,2104,53,59,B,G,1,0,false
2104,2104,53,59,B,H,1,0,false
2104,2104,53,59,C,D,0.1,0.9,true
2104,2104,53,59,C,E,1,0,false
2104,2104,53,59,C,F,1,0,false
2104,2104,53,59,C,G,1,0,false
2104,2104,53,59,C,H,1,0,false
2104,2104,53,59,D,E,1,0,false
2104,2104,53,59,D,F,1,0,false
2104,2104,53,59,D,G,1,0,false
2104,2104,53,59,D,H,1,0,false
2104,2104,53,59,E,F,0,1,true
2104,2104,53,59,E,G,1,0,false
2104,2104,53,59,E,H,1,0,false
2104,2104,53,59,F,G,1,0,false
2104,2104,53,59,F,H,1,0,false
2104,2104,53,59,G,H,1,0,false
2104,2104,54,60,A,B,1,0,false
2104,2104,54,60,A,C,1,0,false
2104,2104,54,60,A,D,1,0,false
2104,2104,54,60,A,E,1,0,false
2104,2104,54,60,A,F,1,0,false
2104,2104,54,60,A,G,1,0,false
2104,2104,54,60,A,H,1,0,false
2104,2104,54,60,B,C,1,0,false
2104,2104,54,60,B,D,0,1,true
2104,2104,54,60,B,E,1,0,false
2104,2104,54,60,B,F,0.6,0.4,false
2104,2104,54,60,B,G,1,0,false
2104,2104,54,60,B,H,0.9,0.1,false
2104,2104,54,60,C,D,0,1,true
2104,2104,54,60,C,E,0.3,0.7,true
2104,2104,54,60,C,F,0,1,true
2104,2104,54,60,C,G,0.4,0.6,true
2104,2104,54,60,C,H,0.4,0.6,true
2104,2104,54,60,D,E,1,0,false
2104,2104,54,60,D,F,1,0,false
2104,2104,54,60,D,G,1,0,false
2104,2104,54,60,D,H,1,0,false
2104,2104,54,60,E,F,0,1,true
2104,2104,54,60,E,G,0.6,0.4,false
2104,2104,54,60,E,H,0.8,0.2,false
2104,2104,54,60,F,G,0.9,0.1,false
2104,2104,54,60,F,H,0.6,0.4,false
2104,2104,54,60,G,H,0.4,0.6,true
2104,2104,55,61,A,B,1,0,false
2104,2104,55,61,A,C,1,0,false
2104,2104,55,61,A,D,1,0,false
2104,2104,55,61,A,E,1,0,false
2104,2104,55,61,A,F,1,0,false
2104,2104,55,61,A,G,1,0,false
2104,2104,55,61,A,H,1,0,false
2104,2104,55,61,B,C,1,0,false
2104,2104,55,61,B,D,0.9,0.1,false
2104,2104,55,61,B,E,1,0,false
2104,2104,55,61,B,F,1,0,false
2104,2104,55,61,B,G,1,0,false
2104,2104,55,61,B,H,1,0,false
2104,2104,55,61,C,D,0.3,0.7,true
2104,2104,55,61,C,E,0,1,true
2104,2104,55,61,C,F,0.7,0.3,false
2104,2104,55,61,C,G,0.6,0.4,false
2104,2104,55,61,C,H,0.9,0.1,false
2104,2104,55,61,D,E,0.3,0.7,true
2104,2104,55,61,D,F,1,0,false
2104,2104,55,61,D,G,1,0,false
2104,2104,55,61,D,H,1,0,false
2104,2104,55,61,E,F,1,0,false
2104,2104,55,61,E,G,1,0,false
2104,2104,55,61,E,H,1,0,false
2104,2104,55,61,F,G,0.5,0.5,true
2104,2104,55,61,F,H,0.4,0.6,true
2104,2104,55,61,G,H,0.3,0.7,true
2104,2104,56,62,A,B,1,0,false
2104,2104,56,62,A,C,1,0,false
2104,2104,56,62,A,D,0.2,0.8,true
2104,2104,56,62,A,E,1,0,false
2104,2104,56,62,A,F,1,0,false
2104,2104,56,62,A,G,1,0,false
2104,2104,56,62,A,H,1,0,false
2104,2104,56,62,B,C,0.5,0.5,true
2104,2104,56,62,B,D,0,1,true
2104,2104,56,62,B,E,0.5,0.5,true
2104,2104,56,62,B,F,0,1,true
2104,2104,56,62,B,G,1,0,false
2104,2104,56,62,B,H,1,0,false
2104,2104,56,62,C,D,0,1,true
2104,2104,56,62,C,E,0.9,0.1,false
2104,2104,56,62,C,F,0,1,true
2104,2104,56,62,C,G,1,0,false
2104,2104,56,62,C,H,1,0,false
2104,2104,56,62,D,E,1,0,false
2104,2104,56,62,D,F,1,0,false
2104,2104,56,62,D,G,1,0,false
2104,2104,56,62,D,H,1,0,false
2104,2104,56,62,E,F,0,1,true
2104,2104,56,62,E,G,1,0,false
2104,2104,56,62,E,H,1,0,false
2104,2104,56,62,F,G,1,0,false
2104,2104,56,62,F,H,1,0,false
2104,2104,56,62,G,H,1,0,false
2104,2104,57,63,A,B,1,0,false
2104,2104,57,63,A,C,1,0,false
2104,2104,57,63,A,D,1,0,false
2104,2104,57,63,A,E,1,0,false
2104,2104,57,63,A,F,1,0,false
2104,2104,57,63,A,G,1,0,false
2104,2104,57,63,A,H,1,0,false
2104,2104,57,63,B,C,1,0,false
2104,2104,57,63,B,D,0.3,0.7,true
2104,2104,57,63,B,E,1,0,false
2104,2104,57,63,B,F,1,0,false
2104,2104,57,63,B,G,1,0,false
2104,2104,57,63,B,H,1,0,false
2104,2104,57,63,C,D,0,1,true
2104,2104,57,63,C,E,0.9,0.1,false
2104,2104,57,63,C,F,1,0,false
2104,2104,57,63,C,G,1,0,false
2104,2104,57,63,C,H,1,0,false
2104,2104,57,63,D,E,1,0,false
2104,2104,57,63,D,F,1,0,false
2104,2104,57,63,D,G,1,0,false
2104,2104,57,63,D,H,1,0,false
2104,2104,57,63,E,F,1,0,false
2104,2104,57,63,E,G,1,0,false
2104,2104,57,63,E,H,1,0,false
2104,2104,57,63,F,G,0.5,0.5,true
2104,2104,57,63,F,H,1,0,false
2104,2104,57,63,G,H,1,0,false
2104,2104,58,64,A,B,1,0,false
2104,2104,58,64,A,C,1,0,false
2104,2104,58,64,A,D,1,0,false
2104,2104,58,64,A,E,1,0,false
2104,2104,58,64,A,F,1,0,false
2104,2104,58,64,A,G,1,0,false
2104,2104,58,64,A,H,1,0,false
2104,2104,58,64,B,C,0.4,0.6,true
2104,2104,58,64,B,D,0,1,true
2104,2104,58,64,B,E,0.3,0.7,true
2104,2104,58,64,B,F,0.9,0.1,false
2104,2104,58,64,B,G,0.8,0.2,false
2104,2104,58,64,B,H,0.1,0.9,true
2104,2104,58,64,C,D,0.1,0.9,true
2104,2104,58,64,C,E,0.9,0.1,false
2104,2104,58,64,C,F,0.9,0.1,false
2104,2104,58,64,C,G,1,0,false
2104,2104,58,64,C,H,0.6,0.4,false
2104,2104,58,64,D,E,1,0,false
2104,2104,58,64,D,F,1,0,false
2104,2104,58,64,D,G,1,0,false
2104,2104,58,64,D,H,1,0,false
2104,2104,58,64,E,F,1,0,false
2104,2104,58,64,E,G,0.8,0.2,false
2104,2104,58,64,E,H,0.2,0.8,true
2104,2104,58,64,F,G,0.5,0.5,true
2104,2104,58,64,F,H,0,1,true
2104,2104,58,64,G,H,0,1,true
2104,2104,59,65,A,B,0,1,true
2104,2104,59,65,A,C,0.7,0.3,false
2104,2104,59,65,A,D,0.8,0.2,false
2104,2104,59,65,A,E,0.5,0.5,true
2104,2104,59,65,A,F,1,0,false
2104,2104,59,65,A,G,1,0,false
2104,2104,59,65,A,H,1,0,false
2104,2104,59,65,B,C,1,0,false
2104,2104,59,65,B,D,1,0,false
2104,2104,59,65,B,E,1,0,false
2104,2104,59,65,B,F,1,0,false
2104,2104,59,65,B,G,1,0,false
2104,2104,59,65,B,H,1,0,false
2104,2104,59,65,C,D,0.6,0.4,false
2104,2104,59,65,C,E,0.5,0.5,true
2104,2104,59,65,C,F,0.9,0.1,false
2104,2104,59,65,C,G,1,0,false
2104,2104,59,65,C,H,1,0,false
2104,2104,59,65,D,E,0.5,0.5,true
2104,2104,59,65,D,F,0.4,0.6,true
2104,2104,59,65,D,G,1,0,false
2104,2104,59,65,D,H,1,0,false
2104,2104,59,65,E,F,1,0,false
2104,2104,59,65,E,G,1,0,false
2104,2104,59,65,E,H,1,0,false
2104,2104,59,65,F,G,1,0,false
2104,2104,59,65,F,H,1,0,false
2104,2104,59,65,G,H,1,0,false
2104,2104,60,67,A,B,0.9,0.1,false
2104,2104,60,67,A,C,1,0,false
2104,2104,60,67,A,D,1,0,false
2104,2104,60,67,A,E,1,0,false
2104,2104,60,67,A,F,1,0,false
2104,2104,60,67,A,G,1,0,false
2104,2104,60,67,A,H,1,0,false
2104,2104,60,67,B,C,0.7,0.3,false
2104,2104,60,67,B,D,1,0,false
2104,2104,60,67,B,E,1,0,false
2104,2104,60,67,B,F,1,0,false
2104,2104,60,67,B,G,1,0,false
2104,2104,60,67,B,H,1,0,false
2104,2104,60,67,C,D,1,0,false
2104,2104,60,67,C,E,1,0,false
2104,2104,60,67,C,F,1,0,false
2104,2104,60,67,C,G,1,0,false
2104,2104,60,67,C,H,1,0,false
2104,2104,60,67,D,E,0,1,true
2104,2104,60,67,D,F,0.8,0.2,false
2104,2104,60,67,D,G,0.4,0.6,true
2104,2104,60,67,D,H,0.9,0.1,false
2104,2104,60,67,E,F,1,0,false
2104,2104,60,67,E,G,1,0,false
2104,2104,60,67,E,H,1,0,false
2104,2104,60,67,F,G,0.3,0.7,true
2104,2104,60,67,F,H,1,0,false
2104,2104,60,67,G,H,1,0,false
2104,2104,61,68,A,B,0.9,0.1,false
2104,2104,61,68,A,C,1,0,false
2104,2104,61,68,A,D,1,0,false
2104,2104,61,68,A,E,1,0,false
2104,2104,61,68,A,F,1,0,false
2104,2104,61,68,A,G,1,0,false
2104,2104,61,68,A,H,1,0,false
2104,2104,61,68,B,C,1,0,false
2104,2104,61,68,B,D,1,0,false
2104,2104,61,68,B,E,1,0,false
2104,2104,61,68,B,F,1,0,false
2104,2104,61,68,B,G,1,0,false
2104,2104,61,68,B,H,1,0,false
2104,2104,61,68,C,D,1,0,false
2104,2104,61,68,C,E,0.4,0.6,true
2104,2104,61,68,C,F,1,0,false
2104,2104,61,68,C,G,1,0,false
2104,2104,61,68,C,H,1,0,false
2104,2104,61,68,D,E,0.2,0.8,true
2104,2104,61,68,D,F,1,0,false
2104,2104,61,68,D,G,1,0,false
2104,2104,61,68,D,H,1,0,false
2104,2104,61,68,E,F,1,0,false
2104,2104,61,68,E,G,1,0,false
2104,2104,61,68,E,H,1,0,false
2104,2104,61,68,F,G,0.6,0.4,false
2104,2104,61,68,F,H,0.1,0.9,true
2104,2104,61,68,G,H,0.2,0.8,true
2104,2104,62,69,A,B,1,0,false
2104,2104,62,69,A,C,1,0,false
2104,2104,62,69,A,D,1,0,false
2104,2104,62,69,A,E,1,0,false
2104,2104,62,69,A,F,1,0,false
2104,2104,62,69,A,G,1,0,false
2104,2104,62,69,A,H,1,0,false
2104,2104,62,69,B,C,1,0,false
2104,2104,62,69,B,D,1,0,false
2104,2104,62,69,B,E,1,0,false
2104,2104,62,69,B,F,1,0,false
2104,2104,62,69,B,G,1,0,false
2104,2104,62,69,B,H,1,0,false
2104,2104,62,69,C,D,1,0,false
2104,2104,62,69,C,E,1,0,false
2104,2104,62,69,C,F,1,0,false
2104,2104,62,69,C,G,1,0,false
2104,2104,62,69,C,H,1,0,false
2104,2104,62,69,D,E,1,0,false
2104,2104,62,69,D,F,1,0,false
2104,2104,62,69,D,G,1,0,false
2104,2104,62,69,D,H,1,0,false
2104,2104,62,69,E,F,0.5,0.5,true
2104,2104,62,69,E,G,0.9,0.1,false
2104,2104,62,69,E,H,0.9,0.1,false
2104,2104,62,69,F,G,0.9,0.1,false
2104,2104,62,69,F,H,0.6,0.4,false
2104,2104,62,69,G,H,0.1,0.9,true
2104,2104,63,70,A,B,0.1,0.9,true
2104,2104,63,70,A,C,0,1,true
2104,2104,63,70,A,D,0.7,0.3,false
2104,2104,63,70,A,E,1,0,false
2104,2104,63,70,A,F,0.5,0.5,true
2104,2104,63,70,A,G,1,0,false
2104,2104,63,70,A,H,1,0,false
2104,2104,63,70,B,C,0.3,0.7,true
2104,2104,63,70,B,D,1,0,false
2104,2104,63,70,B,E,1,0,false
2104,2104,63,70,B,F,1,0,false
2104,2104,63,70,B,G,1,0,false
2104,2104,63,70,B,H,1,0,false
2104,2104,63,70,C,D,1,0,false
2104,2104,63,70,C,E,1,0,false
2104,2104,63,70,C,F,1,0,false
2104,2104,63,70,C,G,1,0,false
2104,2104,63,70,C,H,1,0,false
2104,2104,63,70,D,E,1,0,false
2104,2104,63,70,D,F,0,1,true
2104,2104,63,70,D,G,1,0,false
2104,2104,63,70,D,H,1,0,false
2104,2104,63,70,E,F,0,1,true
2104,2104,63,70,E,G,0.2,0.8,true
2104,2104,63,70,E,H,1,0,false
2104,2104,63,70,F,G,1,0,false
2104,2104,63,70,F,H,1,0,false
2104,2104,63,70,G,H,1,0,false
2104,2104,64,71,A,B,1,0,false
2104,2104,64,71,A,C,1,0,false
2104,2104,64,71,A,D,1,0,false
2104,2104,64,71,A,E,1,0,false
2104,2104,64,71,A,F,1,0,false
2104,2104,64,71,A,G,1,0,false
2104,2104,64,71,A,H,1,0,false
2104,2104,64,71,B,C,0.8,0.2,false
2104,2104,64,71,B,D,0.1,0.9,true
2104,2104,64,71,B,E,1,0,false
2104,2104,64,71,B,F,1,0,false
2104,2104,64,71,B,G,1,0,false
2104,2104,64,71,B,H,1,0,false
2104,2104,64,71,C,D,0,1,true
2104,2104,64,71,C,E,0.4,0.6,true
2104,2104,64,71,C,F,0.7,0.3,false
2104,2104,64,71,C,G,1,0,false
2104,2104,64,71,C,H,1,0,false
2104,2104,64,71,D,E,1,0,false
2104,2104,64,71,D,F,1,0,false
2104,2104,64,71,D,G,1,0,false
2104,2104,64,71,D,H,1,0,false
2104,2104,64,71,E,F,1,0,false
2104,2104,64,71,E,G,1,0,false
2104,2104,64,71,E,H,1,0,false
2104,2104,64,71,F,G,1,0,false
2104,2104,64,71,F,H,1,0,false
2104,2104,64,71,G,H,0.3,0.7,true
2104,2104,65,72,A,B,0,1,true
2104,2104,65,72,A,C,0.6,0.4,false
2104,2104,65,72,A,D,0.4,0.6,true
2104,2104,65,72,A,E,0.5,0.5,true
2104,2104,65,72,A,F,1,0,false
2104,2104,65,72,A,G,1,0,false
2104,2104,65,72,A,H,1,0,false
2104,2104,65,72,B,C,1,0,false
2104,2104,65,72,B,D,0.8,0.2,false
2104,2104,65,72,B,E,1,0,false
2104,2104,65,72,B,F,1,0,false
2104,2104,65,72,B,G,1,0,false
2104,2104,65,72,B,H,1,0,false
2104,2104,65,72,C,D,0.5,0.5,true
2104,2104,65,72,C,E,0.9,0.1,false
2104,2104,65,72,C,F,1,0,false
2104,2104,65,72,C,G,1,0,false
2104,2104,65,72,C,H,1,0,false
2104,2104,65,72,D,E,1,0,false
2104,2104,65,72,D,F,1,0,false
2104,2104,65,72,D,G,1,0,false
2104,2104,65,72,D,H,1,0,false
2104,2104,65,72,E,F,1,0,false
2104,2104,65,72,E,G,1,0,false
2104,2104,65,72,E,H,1,0,false
2104,2104,65,72,F,G,0.4,0.6,true
2104,2104,65,72,F,H,0.2,0.8,true
2104,2104,65,72,G,H,0,1,true
2104,2104,66,73,A,B,0.9,0.1,false
2104,2104,66,73,A,C,1,0,false
2104,2104,66,73,A,D,1,0,false
2104,2104,66,73,A,E,1,0,false
2104,2104,66,73,A,F,1,0,false
2104,2104,66,73,A,G,1,0,false
2104,2104,66,73,A,H,1,0,false
2104,2104,66,73,B,C,1,0,false
2104,2104,66,73,B,D,1,0,false
2104,2104,66,73,B,E,0.8,0.2,false
2104,2104,66,73,B,F,1,0,false
2104,2104,66,73,B,G,1,0,false
2104,2104,66,73,B,H,1,0,false
2104,2104,66,73,C,D,0.6,0.4,false
2104,2104,66,73,C,E,0,1,true
2104,2104,66,73,C,F,1,0,false
2104,2104,66,73,C,G,1,0,false
2104,2104,66,73,C,H,0.7,0.3,false
2104,2104,66,73,D,E,0.1,0.9,true
2104,2104,66,73,D,F,1,0,false
2104,2104,66,73,D,G,1,0,false
2104,2104,66,73,D,H,0.4,0.6,true
2104,2104,66,73,E,F,1,0,false
2104,2104,66,73,E,G,1,0,false
2104,2104,66,73,E,H,1,0,false
2104,2104,66,73,F,G,0.3,0.7,true
2104,2104,66,73,F,H,0,1,true
2104,2104,66,73,G,H,0,1,true
2104,2104,67,74,A,B,1,0,false
2104,2104,67,74,A,C,1,0,false
2104,2104,67,74,A,D,1,0,false
2104,2104,67,74,A,E,1,0,false
2104,2104,67,74,A,F,1,0,false
2104,2104,67,74,A,G,1,0,false
2104,2104,67,74,A,H,1,0,false
2104,2104,67,74,B,C,0.4,0.6,true
2104,2104,67,74,B,D,1,0,false
2104,2104,67,74,B,E,1,0,false
2104,2104,67,74,B,F,1,0,false
2104,2104,67,74,B,G,1,0,false
2104,2104,67,74,B,H,1,0,false
2104,2104,67,74,C,D,1,0,false
2104,2104,67,74,C,E,1,0,false
2104,2104,67,74,C,F,1,0,false
2104,2104,67,74,C,G,1,0,false
2104,2104,67,74,C,H,1,0,false
2104,2104,67,74,D,E,0,1,true
2104,2104,67,74,D,F,1,0,false
2104,2104,67,74,D,G,0.5,0.5,true
2104,2104,67,74,D,H,1,0,false
2104,2104,67,74,E,F,1,0,false
2104,2104,67,74,E,G,0.7,0.3,false
2104,2104,67,74,E,H,1,0,false
2104,2104,67,74,F,G,0,1,true
2104,2104,67,74,F,H,0.9,0.1,false
2104,2104,67,74,G,H,1,0,false
2104,2104,68,75,A,B,1,0,false
2104,2104,68,75,A,C,1,0,false
2104,2104,68,75,A,D,0.9,0.1,false
2104,2104,68,75,A,E,1,0,false
2104,2104,68,75,A,F,1,0,false
2104,2104,68,75,A,G,1,0,false
2104,2104,68,75,A,H,1,0,false
2104,2104,68,75,B,C,0.9,0.1,false
2104,2104,68,75,B,D,0.4,0.6,true
2104,2104,68,75,B,E,1,0,false
2104,2104,68,75,B,F,0.3,0.7,true
2104,2104,68,75,B,G,1,0,false
2104,2104,68,75,B,H,1,0,false
2104,2104,68,75,C,D,0,1,true
2104,2104,68,75,C,E,1,0,false
2104,2104,68,75,C,F,0,1,true
2104,2104,68,75,C,G,1,0,false
2104,2104,68,75,C,H,1,0,false
2104,2104,68,75,D,E,1,0,false
2104,2104,68,75,D,F,0.1,0.9,true
2104,2104,68,75,D,G,1,0,false
2104,2104,68,75,D,H,1,0,false
2104,2104,68,75,E,F,0,1,true
2104,2104,68,75,E,G,0.8,0.2,false
2104,2104,68,75,E,H,1,0,false
2104,2104,68,75,F,G,1,0,false
2104,2104,68,75,F,H,1,0,false
2104,2104,68,75,G,H,1,0,false
2104,2104,69,76,A,B,1,0,false
2104,2104,69,76,A,C,1,0,false
2104,2104,69,76,A,D,1,0,false
2104,2104,69,76,A,E,1,0,false
2104,2104,69,76,A,F,1,0,false
2104,2104,69,76,A,G,1,0,false
2104,2104,69,76,A,H,1,0,false
2104,2104,69,76,B,C,0.2,0.8,true
2104,2104,69,76,B,D,0.3,0.7,true
2104,2104,69,76,B,E,1,0,false
2104,2104,69,76,B,F,0.7,0.3,false
2104,2104,69,76,B,G,1,0,false
2104,2104,69,76,B,H,1,0,false
2104,2104,69,76,C,D,1,0,false
2104,2104,69,76,C,E,1,0,false
2104,2104,69,76,C,F,1,0,false
2104,2104,69,76,C,G,1,0,false
2104,2104,69,76,C,H,1,0,false
2104,2104,69,76,D,E,1,0,false
2104,2104,69,76,D,F,0.4,0.6,true
2104,2104,69,76,D,G,1,0,false
2104,2104,69,76,D,H,1,0,false
2104,2104,69,76,E,F,0,1,true
2104,2104,69,76,E,G,0.9,0.1,false
2104,2104,69,76,E,H,0.5,0.5,true
2104,2104,69,76,F,G,1,0,false
2104,2104,69,76,F,H,1,0,false
2104,2104,69,76,G,H,0.6,0.4,false
2104,2104,70,77,A,B,1,0,false
2104,2104,70,77,A,C,1,0,false
2104,2104,70,77,A,D,1,0,false
2104,2104,70,77,A,E,1,0,false
2104,2104,70,77,A,F,1,0,false
2104,2104,70,77,A,G,1,0,false
2104,2104,70,77,A,H,1,0,false
2104,2104,70,77,B,C,1,0,false
2104,2104,70,77,B,D,0,1,true
2104,2104,70,77,B,E,1,0,false
2104,2104,70,77,B,F,1,0,false
2104,2104,70,77,B,G,1,0,false
2104,2104,70,77,B,H,1,0,false
2104,2104,70,77,C,D,0,1,true
2104,2104,70,77,C,E,1,0,false
2104,2104,70,77,C,F,0.9,0.1,false
2104,2104,70,77,C,G,1,0,false
2104,2104,70,77,C,H,1,0,false
2104,2104,70,77,D,E,1,0,false
2104,2104,70,77,D,F,1,0,false
2104,2104,70,77,D,G,1,0,false
2104,2104,70,77,D,H,1,0,false
2104,2104,70,77,E,F,0.3,0.7,true
2104,2104,70,77,E,G,0,1,true
2104,2104,70,77,E,H,0.8,0.2,false
2104,2104,70,77,F,G,0,1,true
2104,2104,70,77,F,H,0.7,0.3,false
2104,2104,70,77,G,H,1,0,false
2105,2105,0,1,A,B,0,1,true
2105,2105,0,1,A,C,0,1,true
2105,2105,0,1,A,D,0,1,true
2105,2105,0,1,A,E,0,1,true
2105,2105,0,1,A,F,0.1,0.9,true
2105,2105,0,1,A,G,0.9,0.1,false
2105,2105,0,1,A,H,0.9,0.1,false
2105,2105,0,1,B,C,0.9,0.1,false
2105,2105,0,1,B,D,0.9,0.1,false
2105,2105,0,1,B,E,1,0,false
2105,2105,0,1,B,F,1,0,false
2105,2105,0,1,B,G,1,0,false
2105,2105,0,1,B,H,1,0,false
2105,2105,0,1,C,D,0.1,0.9,true
2105,2105,0,1,C,E,1,0,false
2105,2105,0,1,C,F,0.7,0.3,false
2105,2105,0,1,C,G,1,0,false
2105,2105,0,1,C,H,1,0,false
2105,2105,0,1,D,E,1,0,false
2105,2105,0,1,D,F,1,0,false
2105,2105,0,1,D,G,1,0,false
2105,2105,0,1,D,H,1,0,false
2105,2105,0,1,E,F,0.3,0.7,true
2105,2105,0,1,E,G,1,0,false
2105,2105,0,1,E,H,1,0,false
2105,2105,0,1,F,G,1,0,false
2105,2105,0,1,F,H,1,0,false
2105,2105,0,1,G,H,0.8,0.2,false
2105,2105,1,2,A,B,0.5,0.5,true
2105,2105,1,2,A,C,1,0,false
2105,2105,1,2,A,D,1,0,false
2105,2105,1,2,A,E,1,0,false
2105,2105,1,2,A,F,1,0,false
2105,2105,1,2,A,G,1,0,false
2105,2105,1,2,A,H,1,0,false
2105,2105,1,2,B,C,1,0,false
2105,2105,1,2,B,D,1,0,false
2105,2105,1,2,B,E,1,0,false
2105,2105,1,2,B,F,1,0,false
2105,2105,1,2,B,G,1,0,false
2105,2105,1,2,B,H,1,0,false
2105,2105,1,2,C,D,1,0,false
2105,2105,1,2,C,E,0.2,0.8,true
2105,2105,1,2,C,F,1,0,false
2105,2105,1,2,C,G,1,0,false
2105,2105,1,2,C,H,1,0,false
2105,2105,1,2,D,E,0,1,true
2105,2105,1,2,D,F,1,0,false
2105,2105,1,2,D,G,0.8,0.2,false
2105,2105,1,2,D,H,0.8,0.2,false
2105,2105,1,2,E,F,1,0,false
2105,2105,1,2,E,G,0.8,0.2,false
2105,2105,1,2,E,H,1,0,false
2105,2105,1,2,F,G,0,1,true
2105,2105,1,2,F,H,0,1,true
2105,2105,1,2,G,H,1,0,false
2105,2105,2,3,A,B,1,0,false
2105,2105,2,3,A,C,1,0,false
2105,2105,2,3,A,D,0.9,0.1,false
2105,2105,2,3,A,E,1,0,false
2105,2105,2,3,A,F,1,0,false
2105,2105,2,3,A,G,1,0,false
2105,2105,2,3,A,H,1,0,false
2105,2105,2,3,B,C,0.9,0.1,false
2105,2105,2,3,B,D,0.9,0.1,false
2105,2105,2,3,B,E,1,0,false
2105,2105,2,3,B,F,1,0,false
2105,2105,2,3,B,G,1,0,false
2105,2105,2,3,B,H,1,0,false
2105,2105,2,3,C,D,0.6,0.4,false
2105,2105,2,3,C,E,0.9,0.1,false
2105,2105,2,3,C,F,0.3,0.7,true
2105,2105,2,3,C,G,1,0,false
2105,2105,2,3,C,H,1,0,false
2105,2105,2,3,D,E,1,0,false
2105,2105,2,3,D,F,0.7,0.3,false
2105,2105,2,3,D,G,1,0,false
2105,2105,2,3,D,H,1,0,false
2105,2105,2,3,E,F,0,1,true
2105,2105,2,3,E,G,0.3,0.7,true
2105,2105,2,3,E,H,1,0,false
2105,2105,2,3,F,G,1,0,false
2105,2105,2,3,F,H,1,0,false
2105,2105,2,3,G,H,1,0,false
2105,2105,3,4,A,B,1,0,false
2105,2105,3,4,A,C,1,0,false
2105,2105,3,4,A,D,1,0,false
2105,2105,3,4,A,E,1,0,false
2105,2105,3,4,A,F,1,0,false
2105,2105,3,4,A,G,1,0,false
2105,2105,3,4,A,H,1,0,false
2105,2105,3,4,B,C,1,0,false
2105,2105,3,4,B,D,1,0,false
2105,2105,3,4,B,E,1,0,false
2105,2105,3,4,B,F,1,0,false
2105,2105,3,4,B,G,1,0,false
2105,2105,3,4,B,H,1,0,false
2105,2105,3,4,C,D,1,0,false
2105,2105,3,4,C,E,1,0,false
2105,2105,3,4,C,F,1,0,false
2105,2105,3,4,C,G,1,0,false
2105,2105,3,4,C,H,1,0,false
2105,2105,3,4,D,E,1,0,false
2105,2105,3,4,D,F,1,0,false
2105,2105,3,4,D,G,1,0,false
2105,2105,3,4,D,H,1,0,false
2105,2105,3,4,E,F,0.1,0.9,true
2105,2105,3,4,E,G,1,0,false
2105,2105,3,4,E,H,1,0,false
2105,2105,3,4,F,G,1,0,false
2105,2105,3,4,F,H,0.9,0.1,false
2105,2105,3,4,G,H,0,1,true
2105,2105,4,5,A,B,1,0,false
2105,2105,4,5,A,C,0.9,0.1,false
2105,2105,4,5,A,D,1,0,false
2105,2105,4,5,A,E,1,0,false
2105,2105,4,5,A,F,1,0,false
2105,2105,4,5,A,G,1,0,false
2105,2105,4,5,A,H,1,0,false
2105,2105,4,5,B,C,0.6,0.4,false
2105,2105,4,5,B,D,0.5,0.5,true
2105,2105,4,5,B,E,1,0,false
2105,2105,4,5,B,F,1,0,false
2105,2105,4,5,B,G,1,0,false
2105,2105,4,5,B,H,1,0,false
2105,2105,4,5,C,D,0.4,0.6,true
2105,2105,4,5,C,E,0.7,0.3,false
2105,2105,4,5,C,F,1,0,false
2105,2105,4,5,C,G,1,0,false
2105,2105,4,5,C,H,1,0,false
2105,2105,4,5,D,E,1,0,false
2105,2105,4,5,D,F,1,0,false
2105,2105,4,5,D,G,1,0,false
2105,2105,4,5,D,H,1,0,false
2105,2105,4,5,E,F,1,0,false
2105,2105,4,5,E,G,0.9,0.1,false
2105,2105,4,5,E,H,1,0,false
2105,2105,4,5,F,G,0,1,true
2105,2105,4,5,F,H,1,0,false
2105,2105,4,5,G,H,1,0,false
2105,2105,5,6,A,B,0.7,0.3,false
2105,2105,5,6,A,C,1,0,false
2105,2105,5,6,A,D,1,0,false
2105,2105,5,6,A,E,1,0,false
2105,2105,5,6,A,F,0.4,0.6,true
2105,2105,5,6,A,G,1,0,false
2105,2105,5,6,A,H,1,0,false
2105,2105,5,6,B,C,1,0,false
2105,2105,5,6,B,D,0.6,0.4,false
2105,2105,5,6,B,E,1,0,false
2105,2105,5,6,B,F,0.5,0.5,true
2105,2105,5,6,B,G,1,0,false
2105,2105,5,6,B,H,1,0,false
2105,2105,5,6,C,D,0,1,true
2105,2105,5,6,C,E,0.9,0.1,false
2105,2105,5,6,C,F,0.1,0.9,true
2105,2105,5,6,C,G,0.6,0.4,false
2105,2105,5,6,C,H,1,0,false
2105,2105,5,6,D,E,1,0,false
2105,2105,5,6,D,F,0.7,0.3,false
2105,2105,5,6,D,G,1,0,false
2105,2105,5,6,D,H,1,0,false
2105,2105,5,6,E,F,0,1,true
2105,2105,5,6,E,G,0,1,true
2105,2105,5,6,E,H,1,0,false
2105,2105,5,6,F,G,1,0,false
2105,2105,5,6,F,H,1,0,false
2105,2105,5,6,G,H,1,0,false
2105,2105,6,7,A,B,0.9,0.1,false
2105,2105,6,7,A,C,1,0,false
2105,2105,6,7,A,D,1,0,false
2105,2105,6,7,A,E,1,0,false
2105,2105,6,7,A,F,1,0,false
2105,2105,6,7,A,G,1,0,false
2105,2105,6,7,A,H,1,0,false
2105,2105,6,7,B,C,0.9,0.1,false
2105,2105,6,7,B,D,1,0,false
2105,2105,6,7,B,E,1,0,false
2105,2105,6,7,B,F,1,0,false
2105,2105,6,7,B,G,1,0,false
2105,2105,6,7,B,H,1,0,false
2105,2105,6,7,C,D,0.2,0.8,true
2105,2105,6,7,C,E,0.1,0.9,true
2105,2105,6,7,C,F,1,0,false
2105,2105,6,7,C,G,1,0,false
2105,2105,6,7,C,H,1,0,false
2105,2105,6,7,D,E,0.2,0.8,true
2105,2105,6,7,D,F,1,0,false
2105,2105,6,7,D,G,1,0,false
2105,2105,6,7,D,H,1,0,false
2105,2105,6,7,E,F,1,0,false
2105,2105,6,7,E,G,1,0,false
2105,2105,6,7,E,H,1,0,false
2105,2105,6,7,F,G,0,1,true
2105,2105,6,7,F,H,0.5,0.5,true
2105,2105,6,7,G,H,0.8,0.2,false
2105,2105,7,8,A,B,1,0,false
2105,2105,7,8,A,C,1,0,false
2105,2105,7,8,A,D,1,0,false
2105,2105,7,8,A,E,1,0,false
2105,2105,7,8,A,F,1,0,false
2105,2105,7,8,A,G,1,0,false
2105,2105,7,8,A,H,1,0,false
2105,2105,7,8,B,C,1,0,false
2105,2105,7,8,B,D,1,0,false
2105,2105,7,8,B,E,1,0,false
2105,2105,7,8,B,F,1,0,false
2105,2105,7,8,B,G,1,0,false
2105,2105,7,8,B,H,1,0,false
2105,2105,7,8,C,D,1,0,false
2105,2105,7,8,C,E,1,0,false
2105,2105,7,8,C,F,1,0,false
2105,2105,7,8,C,G,1,0,false
2105,2105,7,8,C,H,1,0,false
2105,2105,7,8,D,E,1,0,false
2105,2105,7,8,D,F,1,0,false
2105,2105,7,8,D,G,1,0,false
2105,2105,7,8,D,H,1,0,false
2105,2105,7,8,E,F,0.5,0.5,true
2105,2105,7,8,E,G,0.9,0.1,false
2105,2105,7,8,E,H,0.2,0.8,true
2105,2105,7,8,F,G,0.9,0.1,false
2105,2105,7,8,F,H,0.3,0.7,true
2105,2105,7,8,G,H,0.1,0.9,true
2105,2105,8,9,A,B,0,1,true
2105,2105,8,9,A,C,0.1,0.9,true
2105,2105,8,9,A,D,0,1,true
2105,2105,8,9,A,E,0.1,0.9,true
2105,2105,8,9,A,F,0.8,0.2,false
2105,2105,8,9,A,G,0.8,0.2,false
2105,2105,8,9,A,H,0.9,0.1,false
2105,2105,8,9,B,C,1,0,false
2105,2105,8,9,B,D,0.2,0.8,true
2105,2105,8,9,B,E,1,0,false
2105,2105,8,9,B,F,1,0,false
2105,2105,8,9,B,G,1,0,false
2105,2105,8,9,B,H,1,0,false
2105,2105,8,9,C,D,0,1,true
2105,2105,8,9,C,E,0.6,0.4,false
2105,2105,8,9,C,F,0.6,0.4,false
2105,2105,8,9,C,G,1,0,false
2105,2105,8,9,C,H,0.9,0.1,false
2105,2105,8,9,D,E,1,0,false
2105,2105,8,9,D,F,1,0,false
2105,2105,8,9,D,G,1,0,false
2105,2105,8,9,D,H,1,0,false
2105,2105,8,9,E,F,0.2,0.8,true
2105,2105,8,9,E,G,0.9,0.1,false
2105,2105,8,9,E,H,0.7,0.3,false
2105,2105,8,9,F,G,0.8,0.2,false
2105,2105,8,9,F,H,0.7,0.3,false
2105,2105,8,9,G,H,0.5,0.5,true
2105,2105,9,10,A,B,0,1,true
2105,2105,9,10,A,C,0,1,true
2105,2105,9,10,A,D,0,1,true
2105,2105,9,10,A,E,0.3,0.7,true
2105,2105,9,10,A,F,0,1,true
2105,2105,9,10,A,G,0.5,0.5,true
2105,2105,9,10,A,H,1,0,false
2105,2105,9,10,B,C,0.8,0.2,false
2105,2105,9,10,B,D,1,0,false
2105,2105,9,10,B,E,1,0,false
2105,2105,9,10,B,F,1,0,false
2105,2105,9,10,B,G,1,0,false
2105,2105,9,10,B,H,1,0,false
2105,2105,9,10,C,D,1,0,false
2105,2105,9,10,C,E,1,0,false
2105,2105,9,10,C,F,0.5,0.5,true
2105,2105,9,10,C,G,1,0,false
2105,2105,9,10,C,H,1,0,false
2105,2105,9,10,D,E,0.8,0.2,false
2105,2105,9,10,D,F,0.3,0.7,true
2105,2105,9,10,D,G,1,0,false
2105,2105,9,10,D,H,1,0,false
2105,2105,9,10,E,F,0,1,true
2105,2105,9,10,E,G,0.6,0.4,false
2105,2105,9,10,E,H,1,0,false
2105,2105,9,10,F,G,1,0,false
2105,2105,9,10,F,H,1,0,false
2105,2105,9,10,G,H,0.9,0.1,false
2105,2105,10,11,A,B,1,0,false
2105,2105,10,11,A,C,1,0,false
2105,2105,10,11,A,D,1,0,false
2105,2105,10,11,A,E,1,0,false
2105,2105,10,11,A,F,1,0,false
2105,2105,10,11,A,G,1,0,false
2105,2105,10,11,A,H,1,0,false
2105,2105,10,11,B,C,0.5,0.5,true
2105,2105,10,11,B,D,0.9,0.1,false
2105,2105,10,11,B,E,1,0,false
2105,2105,10,11,B,F,1,0,false
2105,2105,10,11,B,G,1,0,false
2105,2105,10,11,B,H,1,0,false
2105,2105,10,11,C,D,1,0,false
2105,2105,10,11,C,E,1,0,false
2105,2105,10,11,C,F,1,0,false
2105,2105,10,11,C,G,1,0,false
2105,2105,10,11,C,H,1,0,false
2105,2105,10,11,D,E,0.8,0.2,false
2105,2105,10,11,D,F,0.8,0.2,false
2105,2105,10,11,D,G,1,0,false
2105,2105,10,11,D,H,0.9,0.1,false
2105,2105,10,11,E,F,1,0,false
2105,2105,10,11,E,G,1,0,false
2105,2105,10,11,E,H,1,0,false
2105,2105,10,11,F,G,1,0,false
2105,2105,10,11,F,H,0,1,true
2105,2105,10,11,G,H,0,1,true
2105,2105,11,12,A,B,0.9,0.1,false
2105,2105,11,12,A,C,0.8,0.2,false
2105,2105,11,12,A,D,1,0,false
2105,2105,11,12,A,E,1,0,false
2105,2105,11,12,A,F,1,0,false
2105,2105,11,12,A,G,1,0,false
2105,2105,11,12,A,H,1,0,false
2105,2105,11,12,B,C,0.6,0.4,false
2105,2105,11,12,B,D,1,0,false
2105,2105,11,12,B,E,1,0,false
2105,2105,11,12,B,F,1,0,false
2105,2105,11,12,B,G,1,0,false
2105,2105,11,12,B,H,1,0,false
2105,2105,11,12,C,D,1,0,false
2105,2105,11,12,C,E,1,0,false
2105,2105,11,12,C,F,1,0,false
2105,2105,11,12,C,G,1,0,false
2105,2105,11,12,C,H,1,0,false
2105,2105,11,12,D,E,0.5,0.5,true
2105,2105,11,12,D,F,1,0,false
2105,2105,11,12,D,G,1,0,false
2105,2105,11,12,D,H,1,0,false
2105,2105,11,12,E,F,0.8,0.2,false
2105,2105,11,12,E,G,0.6,0.4,false
2105,2105,11,12,E,H,1,0,false
2105,2105,11,12,F,G,0,1,true
2105,2105,11,12,F,H,1,0,false
2105,2105,11,12,G,H,1,0,false
2105,2105,12,13,A,B,0.7,0.3,false
2105,2105,12,13,A,C,0,1,true
2105,2105,12,13,A,D,1,0,false
2105,2105,12,13,A,E,1,0,false
2105,2105,12,13,A,F,1,0,false
2105,2105,12,13,A,G,1,0,false
2105,2105,12,13,A,H,1,0,false
2105,2105,12,13,B,C,0.3,0.7,true
2105,2105,12,13,B,D,1,0,false
2105,2105,12,13,B,E,1,0,false
2105,2105,12,13,B,F,1,0,false
2105,2105,12,13,B,G,1,0,false
2105,2105,12,13,B,H,1,0,false
2105,2105,12,13,C,D,1,0,false
2105,2105,12,13,C,E,1,0,false
2105,2105,12,13,C,F,1,0,false
2105,2105,12,13,C,G,1,0,false
2105,2105,12,13,C,H,1,0,false
2105,2105,12,13,D,E,0.3,0.7,true
2105,2105,12,13,D,F,1,0,false
2105,2105,12,13,D,G,0.9,0.1,false
2105,2105,12,13,D,H,1,0,false
2105,2105,12,13,E,F,1,0,false
2105,2105,12,13,E,G,1,0,false
2105,2105,12,13,E,H,1,0,false
2105,2105,12,13,F,G,0,1,true
2105,2105,12,13,F,H,0.7,0.3,false
2105,2105,12,13,G,H,1,0,false
2105,2105,13,14,A,B,1,0,false
2105,2105,13,14,A,C,1,0,false
2105,2105,13,14,A,D,1,0,false
2105,2105,13,14,A,E,1,0,false
2105,2105,13,14,A,F,1,0,false
2105,2105,13,14,A,G,1,0,false
2105,2105,13,14,A,H,1,0,false
2105,2105,13,14,B,C,0.8,0.2,false
2105,2105,13,14,B,D,0.7,0.3,false
2105,2105,13,14,B,E,1,0,false
2105,2105,13,14,B,F,1,0,false
2105,2105,13,14,B,G,1,0,false
2105,2105,13,14,B,H,1,0,false
2105,2105,13,14,C,D,0.1,0.9,true
2105,2105,13,14,C,E,1,0,false
2105,2105,13,14,C,F,1,0,false
2105,2105,13,14,C,G,1,0,false
2105,2105,13,14,C,H,1,0,false
2105,2105,13,14,D,E,1,0,false
2105,2105,13,14,D,F,1,0,false
2105,2105,13,14,D,G,1,0,false
2105,2105,13,14,D,H,1,0,false
2105,2105,13,14,E,F,0.1,0.9,true
2105,2105,13,14,E,G,0.9,0.1,false
2105,2105,13,14,E,H,1,0,false
2105,2105,13,14,F,G,1,0,false
2105,2105,13,14,F,H,1,0,false
2105,2105,13,14,G,H,1,0,false
2105,2105,14,16,A,B,1,0,false
2105,2105,14,16,A,C,1,0,false
2105,2105,14,16,A,D,1,0,false
2105,2105,14,16,A,E,1,0,false
2105,2105,14,16,A,F,1,0,false
2105,2105,14,16,A,G,1,0,false
2105,2105,14,16,A,H,1,0,false
2105,2105,14,16,B,C,1,0,false
2105,2105,14,16,B,D,1,0,false
2105,2105,14,16,B,E,1,0,false
2105,2105,14,16,B,F,1,0,false
2105,2105,14,16,B,G,1,0,false
2105,2105,14,16,B,H,1,0,false
2105,2105,14,16,C,D,0.8,0.2,false
2105,2105,14,16,C,E,0,1,true
2105,2105,14,16,C,F,1,0,false
2105,2105,14,16,C,G,1,0,false
2105,2105,14,16,C,H,1,0,false
2105,2105,14,16,D,E,0,1,true
2105,2105,14,16,D,F,1,0,false
2105,2105,14,16,D,G,1,0,false
2105,2105,14,16,D,H,1,0,false
2105,2105,14,16,E,F,1,0,false
2105,2105,14,16,E,G,1,0,false
2105,2105,14,16,E,H,1,0,false
2105,2105,14,16,F,G,0.9,0.1,false
2105,2105,14,16,F,H,0.4,0.6,true
2105,2105,14,16,G,H,0.7,0.3,false
2105,2105,15,17,A,B,0,1,true
2105,2105,15,17,A,C,0.5,0.5,true
2105,2105,15,17,A,D,0,1,true
2105,2105,15,17,A,E,0,1,true
2105,2105,15,17,A,F,0.8,0.2,false
2105,2105,15,17,A,G,0.7,0.3,false
2105,2105,15,17,A,H,1,0,false
2105,2105,15,17,B,C,1,0,false
2105,2105,15,17,B,D,0,1,true
2105,2105,15,17,B,E,0.3,0.7,true
2105,2105,15,17,B,F,1,0,false
2105,2105,15,17,B,G,1,0,false
2105,2105,15,17,B,H,1,0,false
2105,2105,15,17,C,D,0,1,true
2105,2105,15,17,C,E,0,1,true
2105,2105,15,17,C,F,0.9,0.1,false
2105,2105,15,17,C,G,1,0,false
2105,2105,15,17,C,H,1,0,false
2105,2105,15,17,D,E,0.8,0.2,false
2105,2105,15,17,D,F,1,0,false
2105,2105,15,17,D,G,1,0,false
2105,2105,15,17,D,H,1,0,false
2105,2105,15,17,E,F,1,0,false
2105,2105,15,17,E,G,1,0,false
2105,2105,15,17,E,H,1,0,false
2105,2105,15,17,F,G,0.1,0.9,true
2105,2105,15,17,F,H,0.8,0.2,false
2105,2105,15,17,G,H,1,0,false
2105,2105,16,18,A,B,1,0,false
2105,2105,16,18,A,C,1,0,false
2105,2105,16,18,A,D,1,0,false
2105,2105,16,18,A,E,1,0,false
2105,2105,16,18,A,F,1,0,false
2105,2105,16,18,A,G,1,0,false
2105,2105,16,18,A,H,1,0,false
2105,2105,16,18,B,C,1,0,false
2105,2105,16,18,B,D,1,0,false
2105,2105,16,18,B,E,1,0,false
2105,2105,16,18,B,F,1,0,false
2105,2105,16,18,B,G,1,0,false
2105,2105,16,18,B,H,1,0,false
2105,2105,16,18,C,D,0.7,0.3,false
2105,2105,16,18,C,E,1,0,false
2105,2105,16,18,C,F,1,0,false
2105,2105,16,18,C,G,1,0,false
2105,2105,16,18,C,H,1,0,false
2105,2105,16,18,D,E,1,0,false
2105,2105,16,18,D,F,1,0,false
2105,2105,16,18,D,G,1,0,false
2105,2105,16,18,D,H,1,0,false
2105,2105,16,18,E,F,0.9,0.1,false
2105,2105,16,18,E,G,1,0,false
2105,2105,16,18,E,H,1,0,false
2105,2105,16,18,F,G,1,0,false
2105,2105,16,18,F,H,0.8,0.2,false
2105,2105,16,18,G,H,0.1,0.9,true
2105,2105,17,19,A,B,0,1,true
2105,2105,17,19,A,C,0,1,true
2105,2105,17,19,A,D,0,1,true
2105,2105,17,19,A,E,0,1,true
2105,2105,17,19,A,F,1,0,false
2105,2105,17,19,A,G,0.6,0.4,false
2105,2105,17,19,A,H,0.9,0.1,false
2105,2105,17,19,B,C,0.7,0.3,false
2105,2105,17,19,B,D,1,0,false
2105,2105,17,19,B,E,1,0,false
2105,2105,17,19,B,F,1,0,false
2105,2105,17,19,B,G,1,0,false
2105,2105,17,19,B,H,1,0,false
2105,2105,17,19,C,D,0.9,0.1,false
2105,2105,17,19,C,E,1,0,false
2105,2105,17,19,C,F,1,0,false
2105,2105,17,19,C,G,1,0,false
2105,2105,17,19,C,H,1,0,false
2105,2105,17,19,D,E,0.9,0.1,false
2105,2105,17,19,D,F,1,0,false
2105,2105,17,19,D,G,1,0,false
2105,2105,17,19,D,H,1,0,false
2105,2105,17,19,E,F,1,0,false
2105,2105,17,19,E,G,1,0,false
2105,2105,17,19,E,H,1,0,false
2105,2105,17,19,F,G,1,0,false
2105,2105,17,19,F,H,0.6,0.4,false
2105,2105,17,19,G,H,0,1,true
2105,2105,18,20,A,B,1,0,false
2105,2105,18,20,A,C,1,0,false
2105,2105,18,20,A,D,1,0,false
2105,2105,18,20,A,E,1,0,false
2105,2105,18,20,A,F,1,0,false
2105,2105,18,20,A,G,1,0,false
2105,2105,18,20,A,H,1,0,false
2105,2105,18,20,B,C,0.5,0.5,true
2105,2105,18,20,B,D,0.8,0.2,false
2105,2105,18,20,B,E,0.9,0.1,false
2105,2105,18,20,B,F,0.9,0.1,false
2105,2105,18,20,B,G,1,0,false
2105,2105,18,20,B,H,1,0,false
2105,2105,18,20,C,D,1,0,false
2105,2105,18,20,C,E,0.9,0.1,false
2105,2105,18,20,C,F,1,0,false
2105,2105,18,20,C,G,1,0,false
2105,2105,18,20,C,H,1,0,false
2105,2105,18,20,D,E,0.2,0.8,true
2105,2105,18,20,D,F,0.9,0.1,false
2105,2105,18,20,D,G,1,0,false
2105,2105,18,20,D,H,1,0,false
2105,2105,18,20,E,F,0.8,0.2,false
2105,2105,18,20,E,G,1,0,false
2105,2105,18,20,E,H,1,0,false
2105,2105,18,20,F,G,1,0,false
2105,2105,18,20,F,H,1,0,false
2105,2105,18,20,G,H,0.9,0.1,false
2105,2105,19,21,A,B,1,0,false
2105,2105,19,21,A,C,1,0,false
2105,2105,19,21,A,D,1,0,false
2105,2105,19,21,A,E,1,0,false
2105,2105,19,21,A,F,1,0,false
2105,2105,19,21,A,G,1,0,false
2105,2105,19,21,A,H,1,0,false
2105,2105,19,21,B,C,1,0,false
2105,2105,19,21,B,D,1,0,false
2105,2105,19,21,B,E,1,0,false
2105,2105,19,21,B,F,1,0,false
2105,2105,19,21,B,G,1,0,false
2105,2105,19,21,B,H,1,0,false
2105,2105,19,21,C,D,0.3,0.7,true
2105,2105,19,21,C,E,1,0,false
2105,2105,19,21,C,F,1,0,false
2105,2105,19,21,C,G,1,0,false
2105,2105,19,21,C,H,1,0,false
2105,2105,19,21,D,E,1,0,false
2105,2105,19,21,D,F,1,0,false
2105,2105,19,21,D,G,1,0,false
2105,2105,19,21,D,H,1,0,false
2105,2105,19,21,E,F,1,0,false
2105,2105,19,21,E,G,1,0,false
2105,2105,19,21,E,H,1,0,false
2105,2105,19,21,F,G,0,1,true
2105,2105,19,21,F,H,0.5,0.5,true
2105,2105,19,21,G,H,1,0,false
2105,2105,20,22,A,B,1,0,false
2105,2105,20,22,A,C,0.9,0.1,false
2105,2105,20,22,A,D,0.8,0.2,false
2105,2105,20,22,A,E,1,0,false
2105,2105,20,22,A,F,1,0,false
2105,2105,20,22,A,G,1,0,false
2105,2105,20,22,A,H,1,0,false
2105,2105,20,22,B,C,0.3,0.7,true
2105,2105,20,22,B,D,0.1,0.9,true
2105,2105,20,22,B,E,1,0,false
2105,2105,20,22,B,F,1,0,false
2105,2105,20,22,B,G,0.4,0.6,true
2105,2105,20,22,B,H,1,0,false
2105,2105,20,22,C,D,0.1,0.9,true
2105,2105,20,22,C,E,1,0,false
2105,2105,20,22,C,F,1,0,false
2105,2105,20,22,C,G,0.2,0.8,true
2105,2105,20,22,C,H,1,0,false
2105,2105,20,22,D,E,1,0,false
2105,2105,20,22,D,F,1,0,false
2105,2105,20,22,D,G,0.5,0.5,true
2105,2105,20,22,D,H,1,0,false
2105,2105,20,22,E,F,0,1,true
2105,2105,20,22,E,G,0,1,true
2105,2105,20,22,E,H,1,0,false
2105,2105,20,22,F,G,0,1,true
2105,2105,20,22,F,H,1,0,false
2105,2105,20,22,G,H,1,0,false
2105,2105,21,23,A,B,0.2,0.8,true
2105,2105,21,23,A,C,1,0,false
2105,2105,21,23,A,D,1,0,false
2105,2105,21,23,A,E,1,0,false
2105,2105,21,23,A,F,1,0,false
2105,2105,21,23,A,G,1,0,false
2105,2105,21,23,A,H,1,0,false
2105,2105,21,23,B,C,0.9,0.1,false
2105,2105,21,23,B,D,1,0,false
2105,2105,21,23,B,E,1,0,false
2105,2105,21,23,B,F,1,0,false
2105,2105,21,23,B,G,1,0,false
2105,2105,21,23,B,H,1,0,false
2105,2105,21,23,C,D,1,0,false
2105,2105,21,23,C,E,1,0,false
2105,2105,21,23,C,F,1,0,false
2105,2105,21,23,C,G,1,0,false
2105,2105,21,23,C,H,1,0,false
2105,2105,21,23,D,E,1,0,false
2105,2105,21,23,D,F,1,0,false
2105,2105,21,23,D,G,1,0,false
2105,2105,21,23,D,H,1,0,false
2105,2105,21,23,E,F,0.6,0.4,false
2105,2105,21,23,E,G,1,0,false
2105,2105,21,23,E,H,1,0,false
2105,2105,21,23,F,G,1,0,false
2105,2105,21,23,F,H,1,0,false
2105,2105,21,23,G,H,1,0,false
2105,2105,22,24,A,B,0.8,0.2,false
2105,2105,22,24,A,C,1,0,false
2105,2105,22,24,A,D,1,0,false
2105,2105,22,24,A,E,1,0,false
2105,2105,22,24,A,F,1,0,false
2105,2105,22,24,A,G,1,0,false
2105,2105,22,24,A,H,1,0,false
2105,2105,22,24,B,C,0.8,0.2,false
2105,2105,22,24,B,D,1,0,false
2105,2105,22,24,B,E,1,0,false
2105,2105,22,24,B,F,1,0,false
2105,2105,22,24,B,G,1,0,false
2105,2105,22,24,B,H,1,0,false
2105,2105,22,24,C,D,1,0,false
2105,2105,22,24,C,E,1,0,false
2105,2105,22,24,C,F,1,0,false
2105,2105,22,24,C,G,1,0,false
2105,2105,22,24,C,H,1,0,false
2105,2105,22,24,D,E,0,1,true
2105,2105,22,24,D,F,1,0,false
2105,2105,22,24,D,G,1,0,false
2105,2105,22,24,D,H,1,0,false
2105,2105,22,24,E,F,1,0,false
2105,2105,22,24,E,G,1,0,false
2105,2105,22,24,E,H,1,0,false
2105,2105,22,24,F,G,0.1,0.9,true
2105,2105,22,24,F,H,0.6,0.4,false
2105,2105,22,24,G,H,0.5,0.5,true
2105,2105,23,26,A,B,0.3,0.7,true
2105,2105,23,26,A,C,1,0,false
2105,2105,23,26,A,D,1,0,false
2105,2105,23,26,A,E,1,0,false
2105,2105,23,26,A,F,1,0,false
2105,2105,23,26,A,G,1,0,false
2105,2105,23,26,A,H,1,0,false
2105,2105,23,26,B,C,1,0,false
2105,2105,23,26,B,D,1,0,false
2105,2105,23,26,B,E,1,0,false
2105,2105,23,26,B,F,1,0,false
2105,2105,23,26,B,G,1,0,false
2105,2105,23,26,B,H,1,0,false
2105,2105,23,26,C,D,1,0,false
2105,2105,23,26,C,E,1,0,false
2105,2105,23,26,C,F,1,0,false
2105,2105,23,26,C,G,1,0,false
2105,2105,23,26,C,H,1,0,false
2105,2105,23,26,D,E,0.6,0.4,false
2105,2105,23,26,D,F,1,0,false
2105,2105,23,26,D,G,1,0,false
2105,2105,23,26,D,H,1,0,false
2105,2105,23,26,E,F,1,0,false
2105,2105,23,26,E,G,1,0,false
2105,2105,23,26,E,H,1,0,false
2105,2105,23,26,F,G,0.4,0.6,true
2105,2105,23,26,F,H,1,0,false
2105,2105,23,26,G,H,1,0,false
2105,2105,24,27,A,B,1,0,false
2105,2105,24,27,A,C,1,0,false
2105,2105,24,27,A,D,1,0,false
2105,2105,24,27,A,E,1,0,false
2105,2105,24,27,A,F,1,0,false
2105,2105,24,27,A,G,1,0,false
2105,2105,24,27,A,H,1,0,false
2105,2105,24,27,B,C,0.4,0.6,true
2105,2105,24,27,B,D,0.2,0.8,true
2105,2105,24,27,B,E,1,0,false
2105,2105,24,27,B,F,1,0,false
2105,2105,24,27,B,G,1,0,false
2105,2105,24,27,B,H,1,0,false
2105,2105,24,27,C,D,0.2,0.8,true
2105,2105,24,27,C,E,1,0,false
2105,2105,24,27,C,F,1,0,false
2105,2105,24,27,C,G,1,0,false
2105,2105,24,27,C,H,1,0,false
2105,2105,24,27,D,E,1,0,false
2105,2105,24,27,D,F,1,0,false
2105,2105,24,27,D,G,1,0,false
2105,2105,24,27,D,H,1,0,false
2105,2105,24,27,E,F,0,1,true
2105,2105,24,27,E,G,0.9,0.1,false
2105,2105,24,27,E,H,1,0,false
2105,2105,24,27,F,G,1,0,false
2105,2105,24,27,F,H,1,0,false
2105,2105,24,27,G,H,0.7,0.3,false
2105,2105,25,28,A,B,1,0,false
2105,2105,25,28,A,C,1,0,false
2105,2105,25,28,A,D,0.8,0.2,false
2105,2105,25,28,A,E,1,0,false
2105,2105,25,28,A,F,1,0,false
2105,2105,25,28,A,G,1,0,false
2105,2105,25,28,A,H,1,0,false
2105,2105,25,28,B,C,1,0,false
2105,2105,25,28,B,D,0,1,true
2105,2105,25,28,B,E,1,0,false
2105,2105,25,28,B,F,0.6,0.4,false
2105,2105,25,28,B,G,1,0,false
2105,2105,25,28,B,H,1,0,false
2105,2105,25,28,C,D,0,1,true
2105,2105,25,28,C,E,0.5,0.5,true
2105,2105,25,28,C,F,0,1,true
2105,2105,25,28,C,G,0.8,0.2,false
2105,2105,25,28,C,H,1,0,false
2105,2105,25,28,D,E,1,0,false
2105,2105,25,28,D,F,1,0,false
2105,2105,25,28,D,G,1,0,false
2105,2105,25,28,D,H,1,0,false
2105,2105,25,28,E,F,0.2,0.8,true
2105,2105,25,28,E,G,1,0,false
2105,2105,25,28,E,H,1,0,false
2105,2105,25,28,F,G,1,0,false
2105,2105,25,28,F,H,1,0,false
2105,2105,25,28,G,H,1,0,false
2105,2105,26,29,A,B,0,1,true
2105,2105,26,29,A,C,0.3,0.7,true
2105,2105,26,29,A,D,0.3,0.7,true
2105,2105,26,29,A,E,0.7,0.3,false
2105,2105,26,29,A,F,1,0,false
2105,2105,26,29,A,G,0.8,0.2,false
2105,2105,26,29,A,H,1,0,false
2105,2105,26,29,B,C,1,0,false
2105,2105,26,29,B,D,0.9,0.1,false
2105,2105,26,29,B,E,1,0,false
2105,2105,26,29,B,F,1,0,false
2105,2105,26,29,B,G,1,0,false
2105,2105,26,29,B,H,1,0,false
2105,2105,26,29,C,D,0,1,true
2105,2105,26,29,C,E,0.8,0.2,false
2105,2105,26,29,C,F,1,0,false
2105,2105,26,29,C,G,1,0,false
2105,2105,26,29,C,H,0.9,0.1,false
2105,2105,26,29,D,E,1,0,false
2105,2105,26,29,D,F,1,0,false
2105,2105,26,29,D,G,1,0,false
2105,2105,26,29,D,H,1,0,false
2105,2105,26,29,E,F,1,0,false
2105,2105,26,29,E,G,0.6,0.4,false
2105,2105,26,29,E,H,0.7,0.3,false
2105,2105,26,29,F,G,0.5,0.5,true
2105,2105,26,29,F,H,0,1,true
2105,2105,26,29,G,H,0.1,0.9,true
2105,2105,27,30,A,B,1,0,false
2105,2105,27,30,A,C,1,0,false
2105,2105,27,30,A,D,1,0,false
2105,2105,27,30,A,E,1,0,false
2105,2105,27,30,A,F,1,0,false
2105,2105,27,30,A,G,1,0,false
2105,2105,27,30,A,H,1,0,false
2105,2105,27,30,B,C,0.7,0.3,false
2105,2105,27,30,B,D,0.9,0.1,false
2105,2105,27,30,B,E,1,0,false
2105,2105,27,30,B,F,1,0,false
2105,2105,27,30,B,G,1,0,false
2105,2105,27,30,B,H,0.9,0.1,false
2105,2105,27,30,C,D,0.2,0.8,true
2105,2105,27,30,C,E,1,0,false
2105,2105,27,30,C,F,0.7,0.3,false
2105,2105,27,30,C,G,1,0,false
2105,2105,27,30,C,H,0.9,0.1,false
2105,2105,27,30,D,E,1,0,false
2105,2105,27,30,D,F,0.6,0.4,false
2105,2105,27,30,D,G,1,0,false
2105,2105,27,30,D,H,1,0,false
2105,2105,27,30,E,F,0,1,true
2105,2105,27,30,E,G,0.4,0.6,true
2105,2105,27,30,E,H,0.1,0.9,true
2105,2105,27,30,F,G,1,0,false
2105,2105,27,30,F,H,0.9,0.1,false
2105,2105,27,30,G,H,0,1,true
2105,2105,28,31,A,B,0.9,0.1,false
2105,2105,28,31,A,C,0.5,0.5,true
2105,2105,28,31,A,D,1,0,false
2105,2105,28,31,A,E,1,0,false
2105,2105,28,31,A,F,1,0,false
2105,2105,28,31,A,G,1,0,false
2105,2105,28,31,A,H,1,0,false
2105,2105,28,31,B,C,0.4,0.6,true
2105,2105,28,31,B,D,1,0,false
2105,2105,28,31,B,E,1,0,false
2105,2105,28,31,B,F,1,0,false
2105,2105,28,31,B,G,1,0,false
2105,2105,28,31,B,H,1,0,false
2105,2105,28,31,C,D,1,0,false
2105,2105,28,31,C,E,1,0,false
2105,2105,28,31,C,F,1,0,false
2105,2105,28,31,C,G,1,0,false
2105,2105,28,31,C,H,1,0,false
2105,2105,28,31,D,E,0,1,true
2105,2105,28,31,D,F,0.3,0.7,true
2105,2105,28,31,D,G,1,0,false
2105,2105,28,31,D,H,1,0,false
2105,2105,28,31,E,F,0.8,0.2,false
2105,2105,28,31,E,G,1,0,false
2105,2105,28,31,E,H,1,0,false
2105,2105,28,31,F,G,0.9,0.1,false
2105,2105,28,31,F,H,1,0,false
2105,2105,28,31,G,H,1,0,false
2105,2105,29,32,A,B,0.8,0.2,false
2105,2105,29,32,A,C,1,0,false
2105,2105,29,32,A,D,0.7,0.3,false
2105,2105,29,32,A,E,1,0,false
2105,2105,29,32,A,F,0.9,0.1,false
2105,2105,29,32,A,G,1,0,false
2105,2105,29,32,A,H,1,0,false
2105,2105,29,32,B,C,0.4,0.6,true
2105,2105,29,32,B,D,0.4,0.6,true
2105,2105,29,32,B,E,1,0,false
2105,2105,29,32,B,F,0.4,0.6,true
2105,2105,29,32,B,G,1,0,false
2105,2105,29,32,B,H,1,0,false
2105,2105,29,32,C,D,0.5,0.5,true
2105,2105,29,32,C,E,0.6,0.4,false
2105,2105,29,32,C,F,0.5,0.5,true
2105,2105,29,32,C,G,1,0,false
2105,2105,29,32,C,H,1,0,false
2105,2105,29,32,D,E,0.6,0.4,false
2105,2105,29,32,D,F,0.2,0.8,true
2105,2105,29,32,D,G,1,0,false
2105,2105,29,32,D,H,1,0,false
2105,2105,29,32,E,F,0.4,0.6,true
2105,2105,29,32,E,G,1,0,false
2105,2105,29,32,E,H,1,0,false
2105,2105,29,32,F,G,1,0,false
2105,2105,29,32,F,H,1,0,false
2105,2105,29,32,G,H,0.9,0.1,false
2105,2105,30,33,A,B,0.9,0.1,false
2105,2105,30,33,A,C,1,0,false
2105,2105,30,33,A,D,1,0,false
2105,2105,30,33,A,E,1,0,false
2105,2105,30,33,A,F,1,0,false
2105,2105,30,33,A,G,1,0,false
2105,2105,30,33,A,H,1,0,false
2105,2105,30,33,B,C,1,0,false
2105,2105,30,33,B,D,1,0,false
2105,2105,30,33,B,E,1,0,false
2105,2105,30,33,B,F,1,0,false
2105,2105,30,33,B,G,1,0,false
2105,2105,30,33,B,H,0.9,0.1,false
2105,2105,30,33,C,D,1,0,false
2105,2105,30,33,C,E,0.9,0.1,false
2105,2105,30,33,C,F,1,0,false
2105,2105,30,33,C,G,1,0,false
2105,2105,30,33,C,H,0.5,0.5,true
2105,2105,30,33,D,E,0.1,0.9,true
2105,2105,30,33,D,F,1,0,false
2105,2105,30,33,D,G,0.9,0.1,false
2105,2105,30,33,D,H,0,1,true
2105,2105,30,33,E,F,1,0,false
2105,2105,30,33,E,G,1,0,false
2105,2105,30,33,E,H,0.2,0.8,true
2105,2105,30,33,F,G,0,1,true
2105,2105,30,33,F,H,0,1,true
2105,2105,30,33,G,H,0,1,true
2105,2105,31,34,A,B,0.3,0.7,true
2105,2105,31,34,A,C,0.7,0.3,false
2105,2105,31,34,A,D,1,0,false
2105,2105,31,34,A,E,0,1,true
2105,2105,31,34,A,F,1,0,false
2105,2105,31,34,A,G,1,0,false
2105,2105,31,34,A,H,0.9,0.1,false
2105,2105,31,34,B,C,1,0,false
2105,2105,31,34,B,D,1,0,false
2105,2105,31,34,B,E,0.1,0.9,true
2105,2105,31,34,B,F,1,0,false
2105,2105,31,34,B,G,1,0,false
2105,2105,31,34,B,H,1,0,false
2105,2105,31,34,C,D,0.9,0.1,false
2105,2105,31,34,C,E,0,1,true
2105,2105,31,34,C,F,1,0,false
2105,2105,31,34,C,G,1,0,false
2105,2105,31,34,C,H,1,0,false
2105,2105,31,34,D,E,0,1,true
2105,2105,31,34,D,F,1,0,false
2105,2105,31,34,D,G,1,0,false
2105,2105,31,34,D,H,0.6,0.4,false
2105,2105,31,34,E,F,1,0,false
2105,2105,31,34,E,G,1,0,false
2105,2105,31,34,E,H,1,0,false
2105,2105,31,34,F,G,0.5,0.5,true
2105,2105,31,34,F,H,0,1,true
2105,2105,31,34,G,H,0,1,true
2105,2105,32,35,A,B,1,0,false
2105,2105,32,35,A,C,1,0,false
2105,2105,32,35,A,D,1,0,false
2105,2105,32,35,A,E,1,0,false
2105,2105,32,35,A,F,1,0,false
2105,2105,32,35,A,G,1,0,false
2105,2105,32,35,A,H,1,0,false
2105,2105,32,35,B,C,0.5,0.5,true
2105,2105,32,35,B,D,0.6,0.4,false
2105,2105,32,35,B,E,1,0,false
2105,2105,32,35,B,F,1,0,false
2105,2105,32,35,B,G,1,0,false
2105,2105,32,35,B,H,1,0,false
2105,2105,32,35,C,D,0.9,0.1,false
2105,2105,32,35,C,E,1,0,false
2105,2105,32,35,C,F,1,0,false
2105,2105,32,35,C,G,1,0,false
2105,2105,32,35,C,H,1,0,false
2105,2105,32,35,D,E,0.8,0.2,false
2105,2105,32,35,D,F,1,0,false
2105,2105,32,35,D,G,1,0,false
2105,2105,32,35,D,H,1,0,false
2105,2105,32,35,E,F,1,0,false
2105,2105,32,35,E,G,1,0,false
2105,2105,32,35,E,H,1,0,false
2105,2105,32,35,F,G,0.8,0.2,false
2105,2105,32,35,F,H,1,0,false
2105,2105,32,35,G,H,1,0,false
2105,2105,33,36,A,B,0.6,0.4,false
2105,2105,33,36,A,C,1,0,false
2105,2105,33,36,A,D,0.8,0.2,false
2105,2105,33,36,A,E,1,0,false
2105,2105,33,36,A,F,1,0,false
2105,2105,33,36,A,G,1,0,false
2105,2105,33,36,A,H,1,0,false
2105,2105,33,36,B,C,1,0,false
2105,2105,33,36,B,D,0.2,0.8,true
2105,2105,33,36,B,E,1,0,false
2105,2105,33,36,B,F,1,0,false
2105,2105,33,36,B,G,1,0,false
2105,2105,33,36,B,H,1,0,false
2105,2105,33,36,C,D,0,1,true
2105,2105,33,36,C,E,0.9,0.1,false
2105,2105,33,36,C,F,0.4,0.6,true
2105,2105,33,36,C,G,1,0,false
2105,2105,33,36,C,H,1,0,false
2105,2105,33,36,D,E,1,0,false
2105,2105,33,36,D,F,1,0,false
2105,2105,33,36,D,G,1,0,false
2105,2105,33,36,D,H,1,0,false
2105,2105,33,36,E,F,0,1,true
2105,2105,33,36,E,G,1,0,false
2105,2105,33,36,E,H,1,0,false
2105,2105,33,36,F,G,1,0,false
2105,2105,33,36,F,H,1,0,false
2105,2105,33,36,G,H,1,0,false
2105,2105,34,37,A,B,0.2,0.8,true
2105,2105,34,37,A,C,1,0,false
2105,2105,34,37,A,D,0.8,0.2,false
2105,2105,34,37,A,E,1,0,false
2105,2105,34,37,A,F,1,0,false
2105,2105,34,37,A,G,1,0,false
2105,2105,34,37,A,H,1,0,false
2105,2105,34,37,B,C,1,0,false
2105,2105,34,37,B,D,1,0,false
2105,2105,34,37,B,E,1,0,false
2105,2105,34,37,B,F,1,0,false
2105,2105,34,37,B,G,1,0,false
2105,2105,34,37,B,H,1,0,false
2105,2105,34,37,C,D,0.5,0.5,true
2105,2105,34,37,C,E,1,0,false
2105,2105,34,37,C,F,1,0,false
2105,2105,34,37,C,G,1,0,false
2105,2105,34,37,C,H,1,0,false
2105,2105,34,37,D,E,1,0,false
2105,2105,34,37,D,F,1,0,false
2105,2105,34,37,D,G,1,0,false
2105,2105,34,37,D,H,1,0,false
2105,2105,34,37,E,F,0,1,true
2105,2105,34,37,E,G,1,0,false
2105,2105,34,37,E,H,1,0,false
2105,2105,34,37,F,G,1,0,false
2105,2105,34,37,F,H,1,0,false
2105,2105,34,37,G,H,1,0,false
2105,2105,35,38,A,B,0.3,0.7,true
2105,2105,35,38,A,C,1,0,false
2105,2105,35,38,A,D,1,0,false
2105,2105,35,38,A,E,0.5,0.5,true
2105,2105,35,38,A,F,1,0,false
2105,2105,35,38,A,G,1,0,false
2105,2105,35,38,A,H,1,0,false
2105,2105,35,38,B,C,0.9,0.1,false
2105,2105,35,38,B,D,1,0,false
2105,2105,35,38,B,E,0.8,0.2,false
2105,2105,35,38,B,F,1,0,false
2105,2105,35,38,B,G,1,0,false
2105,2105,35,38,B,H,1,0,false
2105,2105,35,38,C,D,0.8,0.2,false
2105,2105,35,38,C,E,0.2,0.8,true
2105,2105,35,38,C,F,1,0,false
2105,2105,35,38,C,G,0.9,0.1,false
2105,2105,35,38,C,H,1,0,false
2105,2105,35,38,D,E,0,1,true
2105,2105,35,38,D,F,1,0,false
2105,2105,35,38,D,G,0.7,0.3,false
2105,2105,35,38,D,H,0.6,0.4,false
2105,2105,35,38,E,F,1,0,false
2105,2105,35,38,E,G,1,0,false
2105,2105,35,38,E,H,1,0,false
2105,2105,35,38,F,G,0,1,true
2105,2105,35,38,F,H,0,1,true
2105,2105,35,38,G,H,0.5,0.5,true
2105,2105,36,40,A,B,0,1,true
2105,2105,36,40,A,C,0,1,true
2105,2105,36,40,A,D,0.5,0.5,true
2105,2105,36,40,A,E,0,1,true
2105,2105,36,40,A,F,1,0,false
2105,2105,36,40,A,G,1,0,false
2105,2105,36,40,A,H,1,0,false
2105,2105,36,40,B,C,0.5,0.5,true
2105,2105,36,40,B,D,1,0,false
2105,2105,36,40,B,E,0.7,0.3,false
2105,2105,36,40,B,F,1,0,false
2105,2105,36,40,B,G,1,0,false
2105,2105,36,40,B,H,1,0,false
2105,2105,36,40,C,D,1,0,false
2105,2105,36,40,C,E,0.1,0.9,true
2105,2105,36,40,C,F,1,0,false
2105,2105,36,40,C,G,1,0,false
2105,2105,36,40,C,H,1,0,false
2105,2105,36,40,D,E,0,1,true
2105,2105,36,40,D,F,1,0,false
2105,2105,36,40,D,G,1,0,false
2105,2105,36,40,D,H,1,0,false
2105,2105,36,40,E,F,1,0,false
2105,2105,36,40,E,G,1,0,false
2105,2105,36,40,E,H,1,0,false
2105,2105,36,40,F,G,0.3,0.7,true
2105,2105,36,40,F,H,0,1,true
2105,2105,36,40,G,H,0,1,true
2105,2105,37,41,A,B,0.9,0.1,false
2105,2105,37,41,A,C,1,0,false
2105,2105,37,41,A,D,1,0,false
2105,2105,37,41,A,E,1,0,false
2105,2105,37,41,A,F,1,0,false
2105,2105,37,41,A,G,1,0,false
2105,2105,37,41,A,H,1,0,false
2105,2105,37,41,B,C,0.9,0.1,false
2105,2105,37,41,B,D,1,0,false
2105,2105,37,41,B,E,1,0,false
2105,2105,37,41,B,F,1,0,false
2105,2105,37,41,B,G,1,0,false
2105,2105,37,41,B,H,1,0,false
2105,2105,37,41,C,D,0.6,0.4,false
2105,2105,37,41,C,E,0.6,0.4,false
2105,2105,37,41,C,F,1,0,false
2105,2105,37,41,C,G,1,0,false
2105,2105,37,41,C,H,1,0,false
2105,2105,37,41,D,E,0.3,0.7,true
2105,2105,37,41,D,F,0.9,0.1,false
2105,2105,37,41,D,G,1,0,false
2105,2105,37,41,D,H,0.8,0.2,false
2105,2105,37,41,E,F,1,0,false
2105,2105,37,41,E,G,1,0,false
2105,2105,37,41,E,H,1,0,false
2105,2105,37,41,F,G,1,0,false
2105,2105,37,41,F,H,0.5,0.5,true
2105,2105,37,41,G,H,0,1,true
2105,2105,38,42,A,B,0.8,0.2,false
2105,2105,38,42,A,C,1,0,false
2105,2105,38,42,A,D,0.9,0.1,false
2105,2105,38,42,A,E,1,0,false
2105,2105,38,42,A,F,0.9,0.1,false
2105,2105,38,42,A,G,1,0,false
2105,2105,38,42,A,H,1,0,false
2105,2105,38,42,B,C,1,0,false
2105,2105,38,42,B,D,1,0,false
2105,2105,38,42,B,E,1,0,false
2105,2105,38,42,B,F,1,0,false
2105,2105,38,42,B,G,1,0,false
2105,2105,38,42,B,H,1,0,false
2105,2105,38,42,C,D,0.1,0.9,true
2105,2105,38,42,C,E,1,0,false
2105,2105,38,42,C,F,0.2,0.8,true
2105,2105,38,42,C,G,1,0,false
2105,2105,38,42,C,H,1,0,false
2105,2105,38,42,D,E,1,0,false
2105,2105,38,42,D,F,0.7,0.3,false
2105,2105,38,42,D,G,1,0,false
2105,2105,38,42,D,H,1,0,false
2105,2105,38,42,E,F,0,1,true
2105,2105,38,42,E,G,1,0,false
2105,2105,38,42,E,H,1,0,false
2105,2105,38,42,F,G,1,0,false
2105,2105,38,42,F,H,1,0,false
2105,2105,38,42,G,H,0.4,0.6,true
2105,2105,39,43,A,B,0,1,true
2105,2105,39,43,A,C,0,1,true
2105,2105,39,43,A,D,0.1,0.9,true
2105,2105,39,43,A,E,0.5,0.5,true
2105,2105,39,43,A,F,0.9,0.1,false
2105,2105,39,43,A,G,1,0,false
2105,2105,39,43,A,H,1,0,false
2105,2105,39,43,B,C,1,0,false
2105,2105,39,43,B,D,1,0,false
2105,2105,39,43,B,E,1,0,false
2105,2105,39,43,B,F,1,0,false
2105,2105,39,43,B,G,1,0,false
2105,2105,39,43,B,H,1,0,false
2105,2105,39,43,C,D,1,0,false
2105,2105,39,43,C,E,1,0,false
2105,2105,39,43,C,F,1,0,false
2105,2105,39,43,C,G,1,0,false
2105,2105,39,43,C,H,1,0,false
2105,2105,39,43,D,E,0.6,0.4,false
2105,2105,39,43,D,F,1,0,false
2105,2105,39,43,D,G,1,0,false
2105,2105,39,43,D,H,1,0,false
2105,2105,39,43,E,F,1,0,false
2105,2105,39,43,E,G,1,0,false
2105,2105,39,43,E,H,1,0,false
2105,2105,39,43,F,G,0.6,0.4,false
2105,2105,39,43,F,H,0.8,0.2,false
2105,2105,39,43,G,H,0.3,0.7,true
2105,2105,40,44,A,B,1,0,false
2105,2105,40,44,A,C,1,0,false
2105,2105,40,44,A,D,1,0,false
2105,2105,40,44,A,E,1,0,false
2105,2105,40,44,A,F,1,0,false
2105,2105,40,44,A,G,1,0,false
2105,2105,40,44,A,H,1,0,false
2105,2105,40,44,B,C,0.5,0.5,true
2105,2105,40,44,B,D,0.5,0.5,true
2105,2105,40,44,B,E,1,0,false
2105,2105,40,44,B,F,1,0,false
2105,2105,40,44,B,G,1,0,false
2105,2105,40,44,B,H,1,0,false
2105,2105,40,44,C,D,0.3,0.7,true
2105,2105,40,44,C,E,1,0,false
2105,2105,40,44,C,F,1,0,false
2105,2105,40,44,C,G,1,0,false
2105,2105,40,44,C,H,1,0,false
2105,2105,40,44,D,E,1,0,false
2105,2105,40,44,D,F,1,0,false
2105,2105,40,44,D,G,1,0,false
2105,2105,40,44,D,H,1,0,false
2105,2105,40,44,E,F,0.3,0.7,true
2105,2105,40,44,E,G,0.6,0.4,false
2105,2105,40,44,E,H,1,0,false
2105,2105,40,44,F,G,1,0,false
2105,2105,40,44,F,H,1,0,false
2105,2105,40,44,G,H,1,0,false
2105,2105,41,45,A,B,0,1,true
2105,2105,41,45,A,C,0,1,true
2105,2105,41,45,A,D,1,0,false
2105,2105,41,45,A,E,0.5,0.5,true
2105,2105,41,45,A,F,1,0,false
2105,2105,41,45,A,G,1,0,false
2105,2105,41,45,A,H,1,0,false
2105,2105,41,45,B,C,1,0,false
2105,2105,41,45,B,D,1,0,false
2105,2105,41,45,B,E,1,0,false
2105,2105,41,45,B,F,1,0,false
2105,2105,41,45,B,G,1,0,false
2105,2105,41,45,B,H,1,0,false
2105,2105,41,45,C,D,1,0,false
2105,2105,41,45,C,E,1,0,false
2105,2105,41,45,C,F,1,0,false
2105,2105,41,45,C,G,1,0,false
2105,2105,41,45,C,H,1,0,false
2105,2105,41,45,D,E,0,1,true
2105,2105,41,45,D,F,1,0,false
2105,2105,41,45,D,G,0.1,0.9,true
2105,2105,41,45,D,H,0.5,0.5,true
2105,2105,41,45,E,F,1,0,false
2105,2105,41,45,E,G,1,0,false
2105,2105,41,45,E,H,1,0,false
2105,2105,41,45,F,G,0,1,true
2105,2105,41,45,F,H,0,1,true
2105,2105,41,45,G,H,0.6,0.4,false
2105,2105,42,46,A,B,0,1,true
2105,2105,42,46,A,C,1,0,false
2105,2105,42,46,A,D,1,0,false
2105,2105,42,46,A,E,1,0,false
2105,2105,42,46,A,F,1,0,false
2105,2105,42,46,A,G,1,0,false
2105,2105,42,46,A,H,1,0,false
2105,2105,42,46,B,C,1,0,false
2105,2105,42,46,B,D,1,0,false
2105,2105,42,46,B,E,1,0,false
2105,2105,42,46,B,F,1,0,false
2105,2105,42,46,B,G,1,0,false
2105,2105,42,46,B,H,1,0,false
2105,2105,42,46,C,D,1,0,false
2105,2105,42,46,C,E,0.7,0.3,false
2105,2105,42,46,C,F,1,0,false
2105,2105,42,46,C,G,1,0,false
2105,2105,42,46,C,H,0.9,0.1,false
2105,2105,42,46,D,E,0,1,true
2105,2105,42,46,D,F,1,0,false
2105,2105,42,46,D,G,1,0,false
2105,2105,42,46,D,H,0,1,true
2105,2105,42,46,E,F,1,0,false
2105,2105,42,46,E,G,1,0,false
2105,2105,42,46,E,H,0.6,0.4,false
2105,2105,42,46,F,G,0.9,0.1,false
2105,2105,42,46,F,H,0,1,true
2105,2105,42,46,G,H,0,1,true
2105,2105,43,47,A,B,0.7,0.3,false
2105,2105,43,47,A,C,1,0,false
2105,2105,43,47,A,D,1,0,false
2105,2105,43,47,A,E,0,1,true
2105,2105,43,47,A,F,1,0,false
2105,2105,43,47,A,G,1,0,false
2105,2105,43,47,A,H,1,0,false
2105,2105,43,47,B,C,1,0,false
2105,2105,43,47,B,D,1,0,false
2105,2105,43,47,B,E,0,1,true
2105,2105,43,47,B,F,1,0,false
2105,2105,43,47,B,G,1,0,false
2105,2105,43,47,B,H,0.7,0.3,false
2105,2105,43,47,C,D,0.2,0.8,true
2105,2105,43,47,C,E,0,1,true
2105,2105,43,47,C,F,1,0,false
2105,2105,43,47,C,G,1,0,false
2105,2105,43,47,C,H,0.4,0.6,true
2105,2105,43,47,D,E,0,1,true
2105,2105,43,47,D,F,1,0,false
2105,2105,43,47,D,G,1,0,false
2105,2105,43,47,D,H,0.3,0.7,true
2105,2105,43,47,E,F,1,0,false
2105,2105,43,47,E,G,1,0,false
2105,2105,43,47,E,H,1,0,false
2105,2105,43,47,F,G,0.9,0.1,false
2105,2105,43,47,F,H,0,1,true
2105,2105,43,47,G,H,0,1,true
2105,2105,44,48,A,B,1,0,false
2105,2105,44,48,A,C,1,0,false
2105,2105,44,48,A,D,1,0,false
2105,2105,44,48,A,E,1,0,false
2105,2105,44,48,A,F,1,0,false
2105,2105,44,48,A,G,1,0,false
2105,2105,44,48,A,H,1,0,false
2105,2105,44,48,B,C,0.8,0.2,false
2105,2105,44,48,B,D,1,0,false
2105,2105,44,48,B,E,0.8,0.2,false
2105,2105,44,48,B,F,1,0,false
2105,2105,44,48,B,G,1,0,false
2105,2105,44,48,B,H,1,0,false
2105,2105,44,48,C,D,1,0,false
2105,2105,44,48,C,E,0.5,0.5,true
2105,2105,44,48,C,F,1,0,false
2105,2105,44,48,C,G,1,0,false
2105,2105,44,48,C,H,1,0,false
2105,2105,44,48,D,E,0.1,0.9,true
2105,2105,44,48,D,F,1,0,false
2105,2105,44,48,D,G,1,0,false
2105,2105,44,48,D,H,1,0,false
2105,2105,44,48,E,F,1,0,false
2105,2105,44,48,E,G,1,0,false
2105,2105,44,48,E,H,1,0,false
2105,2105,44,48,F,G,0.2,0.8,true
2105,2105,44,48,F,H,0.4,0.6,true
2105,2105,44,48,G,H,0.6,0.4,false
2105,2105,45,49,A,B,0,1,true
2105,2105,45,49,A,C,0,1,true
2105,2105,45,49,A,D,0,1,true
2105,2105,45,49,A,E,1,0,false
2105,2105,45,49,A,F,1,0,false
2105,2105,45,49,A,G,1,0,false
2105,2105,45,49,A,H,1,0,false
2105,2105,45,49,B,C,0.7,0.3,false
2105,2105,45,49,B,D,0.6,0.4,false
2105,2105,45,49,B,E,1,0,false
2105,2105,45,49,B,F,1,0,false
2105,2105,45,49,B,G,1,0,false
2105,2105,45,49,B,H,1,0,false
2105,2105,45,49,C,D,1,0,false
2105,2105,45,49,C,E,1,0,false
2105,2105,45,49,C,F,1,0,false
2105,2105,45,49,C,G,1,0,false
2105,2105,45,49,C,H,1,0,false
2105,2105,45,49,D,E,1,0,false
2105,2105,45,49,D,F,1,0,false
2105,2105,45,49,D,G,1,0,false
2105,2105,45,49,D,H,1,0,false
2105,2105,45,49,E,F,0,1,true
2105,2105,45,49,E,G,1,0,false
2105,2105,45,49,E,H,1,0,false
2105,2105,45,49,F,G,1,0,false
2105,2105,45,49,F,H,1,0,false
2105,2105,45,49,G,H,1,0,false
2105,2105,46,50,A,B,1,0,false
2105,2105,46,50,A,C,0.7,0.3,false
2105,2105,46,50,A,D,0.4,0.6,true
2105,2105,46,50,A,E,1,0,false
2105,2105,46,50,A,F,1,0,false
2105,2105,46,50,A,G,1,0,false
2105,2105,46,50,A,H,1,0,false
2105,2105,46,50,B,C,0.7,0.3,false
2105,2105,46,50,B,D,0.2,0.8,true
2105,2105,46,50,B,E,1,0,false
2105,2105,46,50,B,F,0.3,0.7,true
2105,2105,46,50,B,G,1,0,false
2105,2105,46,50,B,H,1,0,false
2105,2105,46,50,C,D,0.2,0.8,true
2105,2105,46,50,C,E,1,0,false
2105,2105,46,50,C,F,0.5,0.5,true
2105,2105,46,50,C,G,1,0,false
2105,2105,46,50,C,H,1,0,false
2105,2105,46,50,D,E,1,0,false
2105,2105,46,50,D,F,0.8,0.2,false
2105,2105,46,50,D,G,1,0,false
2105,2105,46,50,D,H,1,0,false
2105,2105,46,50,E,F,0,1,true
2105,2105,46,50,E,G,1,0,false
2105,2105,46,50,E,H,1,0,false
2105,2105,46,50,F,G,1,0,false
2105,2105,46,50,F,H,1,0,false
2105,2105,46,50,G,H,1,0,false
2105,2105,47,51,A,B,1,0,false
2105,2105,47,51,A,C,1,0,false
2105,2105,47,51,A,D,1,0,false
2105,2105,47,51,A,E,1,0,false
2105,2105,47,51,A,F,0.5,0.5,true
2105,2105,47,51,A,G,1,0,false
2105,2105,47,51,A,H,1,0,false
2105,2105,47,51,B,C,1,0,false
2105,2105,47,51,B,D,0.4,0.6,true
2105,2105,47,51,B,E,1,0,false
2105,2105,47,51,B,F,0,1,true
2105,2105,47,51,B,G,1,0,false
2105,2105,47,51,B,H,1,0,false
2105,2105,47,51,C,D,0.1,0.9,true
2105,2105,47,51,C,E,1,0,false
2105,2105,47,51,C,F,0,1,true
2105,2105,47,51,C,G,1,0,false
2105,2105,47,51,C,H,1,0,false
2105,2105,47,51,D,E,1,0,false
2105,2105,47,51,D,F,0,1,true
2105,2105,47,51,D,G,1,0,false
2105,2105,47,51,D,H,1,0,false
2105,2105,47,51,E,F,0,1,true
2105,2105,47,51,E,G,0.9,0.1,false
2105,2105,47,51,E,H,1,0,false
2105,2105,47,51,F,G,1,0,false
2105,2105,47,51,F,H,1,0,false
2105,2105,47,51,G,H,1,0,false
2105,2105,48,52,A,B,1,0,false
2105,2105,48,52,A,C,1,0,false
2105,2105,48,52,A,D,1,0,false
2105,2105,48,52,A,E,1,0,false
2105,2105,48,52,A,F,1,0,false
2105,2105,48,52,A,G,1,0,false
2105,2105,48,52,A,H,1,0,false
2105,2105,48,52,B,C,1,0,false
2105,2105,48,52,B,D,0,1,true
2105,2105,48,52,B,E,1,0,false
2105,2105,48,52,B,F,0.1,0.9,true
2105,2105,48,52,B,G,0.9,0.1,false
2105,2105,48,52,B,H,1,0,false
2105,2105,48,52,C,D,0,1,true
2105,2105,48,52,C,E,0.5,0.5,true
2105,2105,48,52,C,F,0.1,0.9,true
2105,2105,48,52,C,G,0.9,0.1,false
2105,2105,48,52,C,H,0.9,0.1,false
2105,2105,48,52,D,E,1,0,false
2105,2105,48,52,D,F,1,0,false
2105,2105,48,52,D,G,1,0,false
2105,2105,48,52,D,H,1,0,false
2105,2105,48,52,E,F,0,1,true
2105,2105,48,52,E,G,0.7,0.3,false
2105,2105,48,52,E,H,0.9,0.1,false
2105,2105,48,52,F,G,1,0,false
2105,2105,48,52,F,H,1,0,false
2105,2105,48,52,G,H,0.9,0.1,false
2105,2105,49,53,A,B,1,0,false
2105,2105,49,53,A,C,1,0,false
2105,2105,49,53,A,D,1,0,false
2105,2105,49,53,A,E,1,0,false
2105,2105,49,53,A,F,1,0,false
2105,2105,49,53,A,G,1,0,false
2105,2105,49,53,A,H,1,0,false
2105,2105,49,53,B,C,0.6,0.4,false
2105,2105,49,53,B,D,0.7,0.3,false
2105,2105,49,53,B,E,0.6,0.4,false
2105,2105,49,53,B,F,1,0,false
2105,2105,49,53,B,G,1,0,false
2105,2105,49,53,B,H,1,0,false
2105,2105,49,53,C,D,0.5,0.5,true
2105,2105,49,53,C,E,0.6,0.4,false
2105,2105,49,53,C,F,0.2,0.8,true
2105,2105,49,53,C,G,1,0,false
2105,2105,49,53,C,H,1,0,false
2105,2105,49,53,D,E,0.3,0.7,true
2105,2105,49,53,D,F,1,0,false
2105,2105,49,53,D,G,1,0,false
2105,2105,49,53,D,H,1,0,false
2105,2105,49,53,E,F,1,0,false
2105,2105,49,53,E,G,1,0,false
2105,2105,49,53,E,H,1,0,false
2105,2105,49,53,F,G,1,0,false
2105,2105,49,53,F,H,1,0,false
2105,2105,49,53,G,H,1,0,false
2105,2105,50,54,A,B,0.8,0.2,false
2105,2105,50,54,A,C,1,0,false
2105,2105,50,54,A,D,1,0,false
2105,2105,50,54,A,E,1,0,false
2105,2105,50,54,A,F,1,0,false
2105,2105,50,54,A,G,1,0,false
2105,2105,50,54,A,H,1,0,false
2105,2105,50,54,B,C,1,0,false
2105,2105,50,54,B,D,1,0,false
2105,2105,50,54,B,E,1,0,false
2105,2105,50,54,B,F,1,0,false
2105,2105,50,54,B,G,1,0,false
2105,2105,50,54,B,H,1,0,false
2105,2105,50,54,C,D,1,0,false
2105,2105,50,54,C,E,1,0,false
2105,2105,50,54,C,F,1,0,false
2105,2105,50,54,C,G,1,0,false
2105,2105,50,54,C,H,1,0,false
2105,2105,50,54,D,E,1,0,false
2105,2105,50,54,D,F,1,0,false
2105,2105,50,54,D,G,0.9,0.1,false
2105,2105,50,54,D,H,1,0,false
2105,2105,50,54,E,F,0.4,0.6,true
2105,2105,50,54,E,G,0,1,true
2105,2105,50,54,E,H,1,0,false
2105,2105,50,54,F,G,0,1,true
2105,2105,50,54,F,H,1,0,false
2105,2105,50,54,G,H,1,0,false
2105,2105,51,55,A,B,1,0,false
2105,2105,51,55,A,C,1,0,false
2105,2105,51,55,A,D,1,0,false
2105,2105,51,55,A,E,1,0,false
2105,2105,51,55,A,F,1,0,false
2105,2105,51,55,A,G,1,0,false
2105,2105,51,55,A,H,1,0,false
2105,2105,51,55,B,C,1,0,false
2105,2105,51,55,B,D,1,0,false
2105,2105,51,55,B,E,1,0,false
2105,2105,51,55,B,F,1,0,false
2105,2105,51,55,B,G,1,0,false
2105,2105,51,55,B,H,1,0,false
2105,2105,51,55,C,D,1,0,false
2105,2105,51,55,C,E,1,0,false
2105,2105,51,55,C,F,1,0,false
2105,2105,51,55,C,G,1,0,false
2105,2105,51,55,C,H,1,0,false
2105,2105,51,55,D,E,0.7,0.3,false
2105,2105,51,55,D,F,1,0,false
2105,2105,51,55,D,G,0.5,0.5,true
2105,2105,51,55,D,H,1,0,false
2105,2105,51,55,E,F,1,0,false
2105,2105,51,55,E,G,0.5,0.5,true
2105,2105,51,55,E,H,1,0,false
2105,2105,51,55,F,G,0,1,true
2105,2105,51,55,F,H,1,0,false
2105,2105,51,55,G,H,1,0,false
2105,2105,52,56,A,B,1,0,false
2105,2105,52,56,A,C,1,0,false
2105,2105,52,56,A,D,1,0,false
2105,2105,52,56,A,E,1,0,false
2105,2105,52,56,A,F,1,0,false
2105,2105,52,56,A,G,1,0,false
2105,2105,52,56,A,H,1,0,false
2105,2105,52,56,B,C,0.9,0.1,false
2105,2105,52,56,B,D,0,1,true
2105,2105,52,56,B,E,0.6,0.4,false
2105,2105,52,56,B,F,1,0,false
2105,2105,52,56,B,G,1,0,false
2105,2105,52,56,B,H,1,0,false
2105,2105,52,56,C,D,0,1,true
2105,2105,52,56,C,E,0.2,0.8,true
2105,2105,52,56,C,F,1,0,false
2105,2105,52,56,C,G,1,0,false
2105,2105,52,56,C,H,1,0,false
2105,2105,52,56,D,E,0.5,0.5,true
2105,2105,52,56,D,F,1,0,false
2105,2105,52,56,D,G,1,0,false
2105,2105,52,56,D,H,1,0,false
2105,2105,52,56,E,F,1,0,false
2105,2105,52,56,E,G,1,0,false
2105,2105,52,56,E,H,1,0,false
2105,2105,52,56,F,G,0.7,0.3,false
2105,2105,52,56,F,H,0.9,0.1,false
2105,2105,52,56,G,H,0.6,0.4,false
2105,2105,53,57,A,B,1,0,false
2105,2105,53,57,A,C,1,0,false
2105,2105,53,57,A,D,1,0,false
2105,2105,53,57,A,E,1,0,false
2105,2105,53,57,A,F,1,0,false
2105,2105,53,57,A,G,1,0,false
2105,2105,53,57,A,H,1,0,false
2105,2105,53,57,B,C,1,0,false
2105,2105,53,57,B,D,1,0,false
2105,2105,53,57,B,E,0.3,0.7,true
2105,2105,53,57,B,F,1,0,false
2105,2105,53,57,B,G,1,0,false
2105,2105,53,57,B,H,1,0,false
2105,2105,53,57,C,D,0.9,0.1,false
2105,2105,53,57,C,E,0,1,true
2105,2105,53,57,C,F,1,0,false
2105,2105,53,57,C,G,1,0,false
2105,2105,53,57,C,H,1,0,false
2105,2105,53,57,D,E,0.1,0.9,true
2105,2105,53,57,D,F,1,0,false
2105,2105,53,57,D,G,1,0,false
2105,2105,53,57,D,H,1,0,false
2105,2105,53,57,E,F,1,0,false
2105,2105,53,57,E,G,1,0,false
2105,2105,53,57,E,H,1,0,false
2105,2105,53,57,F,G,1,0,false
2105,2105,53,57,F,H,0.2,0.8,true
2105,2105,53,57,G,H,0,1,true
2105,2105,54,59,A,B,0.3,0.7,true
2105,2105,54,59,A,C,0.3,0.7,true
2105,2105,54,59,A,D,0.1,0.9,true
2105,2105,54,59,A,E,1,0,false
2105,2105,54,59,A,F,1,0,false
2105,2105,54,59,A,G,1,0,false
2105,2105,54,59,A,H,1,0,false
2105,2105,54,59,B,C,1,0,false
2105,2105,54,59,B,D,0.5,0.5,true
2105,2105,54,59,B,E,1,0,false
2105,2105,54,59,B,F,1,0,false
2105,2105,54,59,B,G,1,0,false
2105,2105,54,59,B,H,1,0,false
2105,2105,54,59,C,D,0.4,0.6,true
2105,2105,54,59,C,E,1,0,false
2105,2105,54,59,C,F,1,0,false
2105,2105,54,59,C,G,1,0,false
2105,2105,54,59,C,H,1,0,false
2105,2105,54,59,D,E,1,0,false
2105,2105,54,59,D,F,1,0,false
2105,2105,54,59,D,G,1,0,false
2105,2105,54,59,D,H,1,0,false
2105,2105,54,59,E,F,0,1,true
2105,2105,54,59,E,G,0.6,0.4,false
2105,2105,54,59,E,H,1,0,false
2105,2105,54,59,F,G,1,0,false
2105,2105,54,59,F,H,1,0,false
2105,2105,54,59,G,H,1,0,false
2105,2105,55,60,A,B,1,0,false
2105,2105,55,60,A,C,1,0,false
2105,2105,55,60,A,D,1,0,false
2105,2105,55,60,A,E,1,0,false
2105,2105,55,60,A,F,1,0,false
2105,2105,55,60,A,G,1,0,false
2105,2105,55,60,A,H,1,0,false
2105,2105,55,60,B,C,1,0,false
2105,2105,55,60,B,D,0,1,true
2105,2105,55,60,B,E,1,0,false
2105,2105,55,60,B,F,1,0,false
2105,2105,55,60,B,G,1,0,false
2105,2105,55,60,B,H,1,0,false
2105,2105,55,60,C,D,0,1,true
2105,2105,55,60,C,E,0.5,0.5,true
2105,2105,55,60,C,F,0.3,0.7,true
2105,2105,55,60,C,G,0.6,0.4,false
2105,2105,55,60,C,H,0.7,0.3,false
2105,2105,55,60,D,E,1,0,false
2105,2105,55,60,D,F,1,0,false
2105,2105,55,60,D,G,1,0,false
2105,2105,55,60,D,H,1,0,false
2105,2105,55,60,E,F,0.5,0.5,true
2105,2105,55,60,E,G,0.6,0.4,false
2105,2105,55,60,E,H,0.9,0.1,false
2105,2105,55,60,F,G,0.2,0.8,true
2105,2105,55,60,F,H,0.6,0.4,false
2105,2105,55,60,G,H,0.9,0.1,false
2105,2105,56,61,A,B,1,0,false
2105,2105,56,61,A,C,1,0,false
2105,2105,56,61,A,D,1,0,false
2105,2105,56,61,A,E,1,0,false
2105,2105,56,61,A,F,1,0,false
2105,2105,56,61,A,G,1,0,false
2105,2105,56,61,A,H,1,0,false
2105,2105,56,61,B,C,1,0,false
2105,2105,56,61,B,D,1,0,false
2105,2105,56,61,B,E,0.9,0.1,false
2105,2105,56,61,B,F,1,0,false
2105,2105,56,61,B,G,1,0,false
2105,2105,56,61,B,H,1,0,false
2105,2105,56,61,C,D,0,1,true
2105,2105,56,61,C,E,0.1,0.9,true
2105,2105,56,61,C,F,0.8,0.2,false
2105,2105,56,61,C,G,0.6,0.4,false
2105,2105,56,61,C,H,1,0,false
2105,2105,56,61,D,E,0.4,0.6,true
2105,2105,56,61,D,F,1,0,false
2105,2105,56,61,D,G,1,0,false
2105,2105,56,61,D,H,1,0,false
2105,2105,56,61,E,F,1,0,false
2105,2105,56,61,E,G,1,0,false
2105,2105,56,61,E,H,1,0,false
2105,2105,56,61,F,G,0.5,0.5,true
2105,2105,56,61,F,H,0.2,0.8,true
2105,2105,56,61,G,H,0.3,0.7,true
2105,2105,57,62,A,B,1,0,false
2105,2105,57,62,A,C,1,0,false
2105,2105,57,62,A,D,0.4,0.6,true
2105,2105,57,62,A,E,1,0,false
2105,2105,57,62,A,F,1,0,false
2105,2105,57,62,A,G,1,0,false
2105,2105,57,62,A,H,1,0,false
2105,2105,57,62,B,C,0.6,0.4,false
2105,2105,57,62,B,D,0,1,true
2105,2105,57,62,B,E,0.7,0.3,false
2105,2105,57,62,B,F,0.6,0.4,false
2105,2105,57,62,B,G,1,0,false
2105,2105,57,62,B,H,1,0,false
2105,2105,57,62,C,D,0,1,true
2105,2105,57,62,C,E,0.9,0.1,false
2105,2105,57,62,C,F,0.3,0.7,true
2105,2105,57,62,C,G,1,0,false
2105,2105,57,62,C,H,1,0,false
2105,2105,57,62,D,E,1,0,false
2105,2105,57,62,D,F,1,0,false
2105,2105,57,62,D,G,1,0,false
2105,2105,57,62,D,H,1,0,false
2105,2105,57,62,E,F,0,1,true
2105,2105,57,62,E,G,1,0,false
2105,2105,57,62,E,H,1,0,false
2105,2105,57,62,F,G,1,0,false
2105,2105,57,62,F,H,1,0,false
2105,2105,57,62,G,H,1,0,false
2105,2105,58,63,A,B,1,0,false
2105,2105,58,63,A,C,1,0,false
2105,2105,58,63,A,D,1,0,false
2105,2105,58,63,A,E,1,0,false
2105,2105,58,63,A,F,1,0,false
2105,2105,58,63,A,G,1,0,false
2105,2105,58,63,A,H,1,0,false
2105,2105,58,63,B,C,1,0,false
2105,2105,58,63,B,D,0.2,0.8,true
2105,2105,58,63,B,E,1,0,false
2105,2105,58,63,B,F,1,0,false
2105,2105,58,63,B,G,1,0,false
2105,2105,58,63,B,H,1,0,false
2105,2105,58,63,C,D,0,1,true
2105,2105,58,63,C,E,0.7,0.3,false
2105,2105,58,63,C,F,0.9,0.1,false
2105,2105,58,63,C,G,1,0,false
2105,2105,58,63,C,H,1,0,false
2105,2105,58,63,D,E,1,0,false
2105,2105,58,63,D,F,1,0,false
2105,2105,58,63,D,G,1,0,false
2105,2105,58,63,D,H,1,0,false
2105,2105,58,63,E,F,1,0,false
2105,2105,58,63,E,G,1,0,false
2105,2105,58,63,E,H,1,0,false
2105,2105,58,63,F,G,0.8,0.2,false
2105,2105,58,63,F,H,1,0,false
2105,2105,58,63,G,H,1,0,false
2105,2105,59,64,A,B,1,0,false
2105,2105,59,64,A,C,1,0,false
2105,2105,59,64,A,D,1,0,false
2105,2105,59,64,A,E,1,0,false
2105,2105,59,64,A,F,1,0,false
2105,2105,59,64,A,G,1,0,false
2105,2105,59,64,A,H,1,0,false
2105,2105,59,64,B,C,0.4,0.6,true
2105,2105,59,64,B,D,0,1,true
2105,2105,59,64,B,E,0.7,0.3,false
2105,2105,59,64,B,F,0.6,0.4,false
2105,2105,59,64,B,G,0.6,0.4,false
2105,2105,59,64,B,H,0.1,0.9,true
2105,2105,59,64,C,D,0.2,0.8,true
2105,2105,59,64,C,E,1,0,false
2105,2105,59,64,C,F,0.9,0.1,false
2105,2105,59,64,C,G,1,0,false
2105,2105,59,64,C,H,0.8,0.2,false
2105,2105,59,64,D,E,1,0,false
2105,2105,59,64,D,F,1,0,false
2105,2105,59,64,D,G,1,0,false
2105,2105,59,64,D,H,0.8,0.2,false
2105,2105,59,64,E,F,0.2,0.8,true
2105,2105,59,64,E,G,0.2,0.8,true
2105,2105,59,64,E,H,0.4,0.6,true
2105,2105,59,64,F,G,0.2,0.8,true
2105,2105,59,64,F,H,0,1,true
2105,2105,59,64,G,H,0.2,0.8,true
2105,2105,60,65,A,B,0,1,true
2105,2105,60,65,A,C,0.9,0.1,false
2105,2105,60,65,A,D,1,0,false
2105,2105,60,65,A,E,0.6,0.4,false
2105,2105,60,65,A,F,1,0,false
2105,2105,60,65,A,G,1,0,false
2105,2105,60,65,A,H,1,0,false
2105,2105,60,65,B,C,1,0,false
2105,2105,60,65,B,D,1,0,false
2105,2105,60,65,B,E,1,0,false
2105,2105,60,65,B,F,1,0,false
2105,2105,60,65,B,G,1,0,false
2105,2105,60,65,B,H,1,0,false
2105,2105,60,65,C,D,0.5,0.5,true
2105,2105,60,65,C,E,0,1,true
2105,2105,60,65,C,F,0.8,0.2,false
2105,2105,60,65,C,G,1,0,false
2105,2105,60,65,C,H,1,0,false
2105,2105,60,65,D,E,0,1,true
2105,2105,60,65,D,F,0.4,0.6,true
2105,2105,60,65,D,G,1,0,false
2105,2105,60,65,D,H,1,0,false
2105,2105,60,65,E,F,1,0,false
2105,2105,60,65,E,G,1,0,false
2105,2105,60,65,E,H,1,0,false
2105,2105,60,65,F,G,1,0,false
2105,2105,60,65,F,H,1,0,false
2105,2105,60,65,G,H,1,0,false
2105,2105,61,66,A,B,1,0,false
2105,2105,61,66,A,C,1,0,false
2105,2105,61,66,A,D,1,0,false
2105,2105,61,66,A,E,1,0,false
2105,2105,61,66,A,F,1,0,false
2105,2105,61,66,A,G,1,0,false
2105,2105,61,66,A,H,1,0,false
2105,2105,61,66,B,C,0.8,0.2,false
2105,2105,61,66,B,D,1,0,false
2105,2105,61,66,B,E,1,0,false
2105,2105,61,66,B,F,1,0,false
2105,2105,61,66,B,G,1,0,false
2105,2105,61,66,B,H,1,0,false
2105,2105,61,66,C,D,0.4,0.6,true
2105,2105,61,66,C,E,1,0,false
2105,2105,61,66,C,F,1,0,false
2105,2105,61,66,C,G,1,0,false
2105,2105,61,66,C,H,1,0,false
2105,2105,61,66,D,E,1,0,false
2105,2105,61,66,D,F,1,0,false
2105,2105,61,66,D,G,1,0,false
2105,2105,61,66,D,H,1,0,false
2105,2105,61,66,E,F,0.6,0.4,false
2105,2105,61,66,E,G,0.9,0.1,false
2105,2105,61,66,E,H,1,0,false
2105,2105,61,66,F,G,1,0,false
2105,2105,61,66,F,H,1,0,false
2105,2105,61,66,G,H,1,0,false
2105,2105,62,67,A,B,1,0,false
2105,2105,62,67,A,C,1,0,false
2105,2105,62,67,A,D,1,0,false
2105,2105,62,67,A,E,1,0,false
2105,2105,62,67,A,F,1,0,false
2105,2105,62,67,A,G,1,0,false
2105,2105,62,67,A,H,1,0,false
2105,2105,62,67,B,C,0.9,0.1,false
2105,2105,62,67,B,D,1,0,false
2105,2105,62,67,B,E,1,0,false
2105,2105,62,67,B,F,1,0,false
2105,2105,62,67,B,G,1,0,false
2105,2105,62,67,B,H,1,0,false
2105,2105,62,67,C,D,1,0,false
2105,2105,62,67,C,E,1,0,false
2105,2105,62,67,C,F,1,0,false
2105,2105,62,67,C,G,1,0,false
2105,2105,62,67,C,H,1,0,false
2105,2105,62,67,D,E,0,1,true
2105,2105,62,67,D,F,0.9,0.1,false
2105,2105,62,67,D,G,1,0,false
2105,2105,62,67,D,H,1,0,false
2105,2105,62,67,E,F,1,0,false
2105,2105,62,67,E,G,1,0,false
2105,2105,62,67,E,H,1,0,false
2105,2105,62,67,F,G,0.6,0.4,false
2105,2105,62,67,F,H,1,0,false
2105,2105,62,67,G,H,1,0,false
2105,2105,63,68,A,B,0.1,0.9,true
2105,2105,63,68,A,C,0.8,0.2,false
2105,2105,63,68,A,D,1,0,false
2105,2105,63,68,A,E,1,0,false
2105,2105,63,68,A,F,1,0,false
2105,2105,63,68,A,G,1,0,false
2105,2105,63,68,A,H,1,0,false
2105,2105,63,68,B,C,1,0,false
2105,2105,63,68,B,D,1,0,false
2105,2105,63,68,B,E,1,0,false
2105,2105,63,68,B,F,1,0,false
2105,2105,63,68,B,G,1,0,false
2105,2105,63,68,B,H,1,0,false
2105,2105,63,68,C,D,1,0,false
2105,2105,63,68,C,E,0.9,0.1,false
2105,2105,63,68,C,F,1,0,false
2105,2105,63,68,C,G,1,0,false
2105,2105,63,68,C,H,1,0,false
2105,2105,63,68,D,E,0.4,0.6,true
2105,2105,63,68,D,F,1,0,false
2105,2105,63,68,D,G,1,0,false
2105,2105,63,68,D,H,1,0,false
2105,2105,63,68,E,F,1,0,false
2105,2105,63,68,E,G,1,0,false
2105,2105,63,68,E,H,1,0,false
2105,2105,63,68,F,G,0.7,0.3,false
2105,2105,63,68,F,H,0.4,0.6,true
2105,2105,63,68,G,H,0.6,0.4,false
2105,2105,64,69,A,B,0.6,0.4,false
2105,2105,64,69,A,C,1,0,false
2105,2105,64,69,A,D,1,0,false
2105,2105,64,69,A,E,1,0,false
2105,2105,64,69,A,F,1,0,false
2105,2105,64,69,A,G,1,0,false
2105,2105,64,69,A,H,1,0,false
2105,2105,64,69,B,C,1,0,false
2105,2105,64,69,B,D,1,0,false
2105,2105,64,69,B,E,1,0,false
2105,2105,64,69,B,F,1,0,false
2105,2105,64,69,B,G,1,0,false
2105,2105,64,69,B,H,1,0,false
2105,2105,64,69,C,D,1,0,false
2105,2105,64,69,C,E,1,0,false
2105,2105,64,69,C,F,1,0,false
2105,2105,64,69,C,G,1,0,false
2105,2105,64,69,C,H,1,0,false
2105,2105,64,69,D,E,1,0,false
2105,2105,64,69,D,F,1,0,false
2105,2105,64,69,D,G,1,0,false
2105,2105,64,69,D,H,1,0,false
2105,2105,64,69,E,F,0.5,0.5,true
2105,2105,64,69,E,G,0.9,0.1,false
2105,2105,64,69,E,H,0.8,0.2,false
2105,2105,64,69,F,G,0.9,0.1,false
2105,2105,64,69,F,H,0.5,0.5,true
2105,2105,64,69,G,H,0.1,0.9,true
2105,2105,65,70,A,B,0,1,true
2105,2105,65,70,A,C,0,1,true
2105,2105,65,70,A,D,0.7,0.3,false
2105,2105,65,70,A,E,1,0,false
2105,2105,65,70,A,F,0.9,0.1,false
2105,2105,65,70,A,G,1,0,false
2105,2105,65,70,A,H,1,0,false
2105,2105,65,70,B,C,0.5,0.5,true
2105,2105,65,70,B,D,1,0,false
2105,2105,65,70,B,E,1,0,false
2105,2105,65,70,B,F,1,0,false
2105,2105,65,70,B,G,1,0,false
2105,2105,65,70,B,H,1,0,false
2105,2105,65,70,C,D,1,0,false
2105,2105,65,70,C,E,1,0,false
2105,2105,65,70,C,F,1,0,false
2105,2105,65,70,C,G,1,0,false
2105,2105,65,70,C,H,1,0,false
2105,2105,65,70,D,E,0.9,0.1,false
2105,2105,65,70,D,F,0.2,0.8,true
2105,2105,65,70,D,G,1,0,false
2105,2105,65,70,D,H,1,0,false
2105,2105,65,70,E,F,0,1,true
2105,2105,65,70,E,G,0.3,0.7,true
2105,2105,65,70,E,H,1,0,false
2105,2105,65,70,F,G,1,0,false
2105,2105,65,70,F,H,1,0,false
2105,2105,65,70,G,H,1,0,false
2105,2105,66,71,A,B,1,0,false
2105,2105,66,71,A,C,1,0,false
2105,2105,66,71,A,D,1,0,false
2105,2105,66,71,A,E,1,0,false
2105,2105,66,71,A,F,1,0,false
2105,2105,66,71,A,G,1,0,false
2105,2105,66,71,A,H,1,0,false
2105,2105,66,71,B,C,0.7,0.3,false
2105,2105,66,71,B,D,0.3,0.7,true
2105,2105,66,71,B,E,1,0,false
2105,2105,66,71,B,F,1,0,false
2105,2105,66,71,B,G,1,0,false
2105,2105,66,71,B,H,1,0,false
2105,2105,66,71,C,D,0.2,0.8,true
2105,2105,66,71,C,E,0.7,0.3,false
2105,2105,66,71,C,F,0.9,0.1,false
2105,2105,66,71,C,G,1,0,false
2105,2105,66,71,C,H,1,0,false
2105,2105,66,71,D,E,1,0,false
2105,2105,66,71,D,F,1,0,false
2105,2105,66,71,D,G,1,0,false
2105,2105,66,71,D,H,1,0,false
2105,2105,66,71,E,F,0.8,0.2,false
2105,2105,66,71,E,G,1,0,false
2105,2105,66,71,E,H,1,0,false
2105,2105,66,71,F,G,0.9,0.1,false
2105,2105,66,71,F,H,1,0,false
2105,2105,66,71,G,H,0.4,0.6,true
2105,2105,67,72,A,B,0.1,0.9,true
2105,2105,67,72,A,C,0.6,0.4,false
2105,2105,67,72,A,D,0.2,0.8,true
2105,2105,67,72,A,E,0.7,0.3,false
2105,2105,67,72,A,F,1,0,false
2105,2105,67,72,A,G,1,0,false
2105,2105,67,72,A,H,1,0,false
2105,2105,67,72,B,C,0.7,0.3,false
2105,2105,67,72,B,D,0.4,0.6,true
2105,2105,67,72,B,E,1,0,false
2105,2105,67,72,B,F,1,0,false
2105,2105,67,72,B,G,1,0,false
2105,2105,67,72,B,H,1,0,false
2105,2105,67,72,C,D,0.4,0.6,true
2105,2105,67,72,C,E,1,0,false
2105,2105,67,72,C,F,1,0,false
2105,2105,67,72,C,G,1,0,false
2105,2105,67,72,C,H,1,0,false
2105,2105,67,72,D,E,1,0,false
2105,2105,67,72,D,F,1,0,false
2105,2105,67,72,D,G,1,0,false
2105,2105,67,72,D,H,1,0,false
2105,2105,67,72,E,F,0.9,0.1,false
2105,2105,67,72,E,G,0.9,0.1,false
2105,2105,67,72,E,H,0.8,0.2,false
2105,2105,67,72,F,G,0.3,0.7,true
2105,2105,67,72,F,H,0.1,0.9,true
2105,2105,67,72,G,H,0.3,0.7,true
2105,2105,68,73,A,B,0.9,0.1,false
2105,2105,68,73,A,C,1,0,false
2105,2105,68,73,A,D,1,0,false
2105,2105,68,73,A,E,1,0,false
2105,2105,68,73,A,F,1,0,false
2105,2105,68,73,A,G,1,0,false
2105,2105,68,73,A,H,1,0,false
2105,2105,68,73,B,C,0.9,0.1,false
2105,2105,68,73,B,D,1,0,false
2105,2105,68,73,B,E,0.9,0.1,false
2105,2105,68,73,B,F,1,0,false
2105,2105,68,73,B,G,1,0,false
2105,2105,68,73,B,H,1,0,false
2105,2105,68,73,C,D,0.6,0.4,false
2105,2105,68,73,C,E,0,1,true
2105,2105,68,73,C,F,1,0,false
2105,2105,68,73,C,G,1,0,false
2105,2105,68,73,C,H,0.4,0.6,true
2105,2105,68,73,D,E,0.1,0.9,true
2105,2105,68,73,D,F,1,0,false
2105,2105,68,73,D,G,1,0,false
2105,2105,68,73,D,H,0,1,true
2105,2105,68,73,E,F,1,0,false
2105,2105,68,73,E,G,1,0,false
2105,2105,68,73,E,H,0.6,0.4,false
2105,2105,68,73,F,G,0.8,0.2,false
2105,2105,68,73,F,H,0,1,true
2105,2105,68,73,G,H,0,1,true
2105,2105,69,74,A,B,1,0,false
2105,2105,69,74,A,C,1,0,false
2105,2105,69,74,A,D,1,0,false
2105,2105,69,74,A,E,1,0,false
2105,2105,69,74,A,F,1,0,false
2105,2105,69,74,A,G,1,0,false
2105,2105,69,74,A,H,1,0,false
2105,2105,69,74,B,C,0.4,0.6,true
2105,2105,69,74,B,D,1,0,false
2105,2105,69,74,B,E,1,0,false
2105,2105,69,74,B,F,1,0,false
2105,2105,69,74,B,G,1,0,false
2105,2105,69,74,B,H,1,0,false
2105,2105,69,74,C,D,1,0,false
2105,2105,69,74,C,E,1,0,false
2105,2105,69,74,C,F,1,0,false
2105,2105,69,74,C,G,1,0,false
2105,2105,69,74,C,H,1,0,false
2105,2105,69,74,D,E,0.6,0.4,false
2105,2105,69,74,D,F,1,0,false
2105,2105,69,74,D,G,0.7,0.3,false
2105,2105,69,74,D,H,1,0,false
2105,2105,69,74,E,F,1,0,false
2105,2105,69,74,E,G,1,0,false
2105,2105,69,74,E,H,1,0,false
2105,2105,69,74,F,G,0,1,true
2105,2105,69,74,F,H,1,0,false
2105,2105,69,74,G,H,1,0,false
2105,2105,70,75,A,B,1,0,false
2105,2105,70,75,A,C,1,0,false
2105,2105,70,75,A,D,1,0,false
2105,2105,70,75,A,E,1,0,false
2105,2105,70,75,A,F,1,0,false
2105,2105,70,75,A,G,1,0,false
2105,2105,70,75,A,H,1,0,false
2105,2105,70,75,B,C,0.9,0.1,false
2105,2105,70,75,B,D,0.8,0.2,false
2105,2105,70,75,B,E,1,0,false
2105,2105,70,75,B,F,0.3,0.7,true
2105,2105,70,75,B,G,1,0,false
2105,2105,70,75,B,H,1,0,false
2105,2105,70,75,C,D,0,1,true
2105,2105,70,75,C,E,1,0,false
2105,2105,70,75,C,F,0,1,true
2105,2105,70,75,C,G,1,0,false
2105,2105,70,75,C,H,1,0,false
2105,2105,70,75,D,E,1,0,false
2105,2105,70,75,D,F,0.4,0.6,true
2105,2105,70,75,D,G,1,0,false
2105,2105,70,75,D,H,1,0,false
2105,2105,70,75,E,F,0,1,true
2105,2105,70,75,E,G,1,0,false
2105,2105,70,75,E,H,1,0,false
2105,2105,70,75,F,G,1,0,false
2105,2105,70,75,F,H,1,0,false
2105,2105,70,75,G,H,1,0,false
2105,2105,71,76,A,B,1,0,false
2105,2105,71,76,A,C,1,0,false
2105,2105,71,76,A,D,1,0,false
2105,2105,71,76,A,E,1,0,false
2105,2105,71,76,A,F,1,0,false
2105,2105,71,76,A,G,1,0,false
2105,2105,71,76,A,H,1,0,false
2105,2105,71,76,B,C,0.2,0.8,true
2105,2105,71,76,B,D,0,1,true
2105,2105,71,76,B,E,1,0,false
2105,2105,71,76,B,F,0.8,0.2,false
2105,2105,71,76,B,G,1,0,false
2105,2105,71,76,B,H,1,0,false
2105,2105,71,76,C,D,1,0,false
2105,2105,71,76,C,E,1,0,false
2105,2105,71,76,C,F,1,0,false
2105,2105,71,76,C,G,1,0,false
2105,2105,71,76,C,H,1,0,false
2105,2105,71,76,D,E,1,0,false
2105,2105,71,76,D,F,1,0,false
2105,2105,71,76,D,G,1,0,false
2105,2105,71,76,D,H,1,0,false
2105,2105,71,76,E,F,0,1,true
2105,2105,71,76,E,G,0.9,0.1,false
2105,2105,71,76,E,H,0.5,0.5,true
2105,2105,71,76,F,G,1,0,false
2105,2105,71,76,F,H,1,0,false
2105,2105,71,76,G,H,0.1,0.9,true
2105,2105,72,77,A,B,1,0,false
2105,2105,72,77,A,C,1,0,false
2105,2105,72,77,A,D,1,0,false
2105,2105,72,77,A,E,1,0,false
2105,2105,72,77,A,F,1,0,false
2105,2105,72,77,A,G,1,0,false
2105,2105,72,77,A,H,1,0,false
2105,2105,72,77,B,C,1,0,false
2105,2105,72,77,B,D,0,1,true
2105,2105,72,77,B,E,1,0,false
2105,2105,72,77,B,F,1,0,false
2105,2105,72,77,B,G,1,0,false
2105,2105,72,77,B,H,1,0,false
2105,2105,72,77,C,D,0,1,true
2105,2105,72,77,C,E,1,0,false
2105,2105,72,77,C,F,0.7,0.3,false
2105,2105,72,77,C,G,1,0,false
2105,2105,72,77,C,H,1,0,false
2105,2105,72,77,D,E,1,0,false
2105,2105,72,77,D,F,1,0,false
2105,2105,72,77,D,G,1,0,false
2105,2105,72,77,D,H,1,0,false
2105,2105,72,77,E,F,0.4,0.6,true
2105,2105,72,77,E,G,0,1,true
2105,2105,72,77,E,H,0.9,0.1,false
2105,2105,72,77,F,G,0,1,true
2105,2105,72,77,F,H,1,0,false
2105,2105,72,77,G,H,1,0,false
