distance,accuracy
1,0.6215213358070503
2,0.7164502164502166
3,0.7922077922077922
4,0.862012987012987
5,0.8913419913419911
6,0.9175324675324678
7,0.9298701298701298
