rank_position,accuracy
1,0.8202226345083488
2,0.7766233766233764
3,0.7463821892393319
4,0.7282003710575141
5,0.7384044526901672
6,0.7424860853432282
7,0.7656771799628941
8,0.8241187384044527
