distance,accuracy
1,0.47145647321428585
2,0.42998046875
3,0.39074218750000006
4,0.34003906250000016
5,0.307747395833333
6,0.2943359375000001
7,0.2601562499999999
