rank_position,accuracy
1,0.34545200892857136
2,0.40407366071428574
3,0.4263950892857141
4,0.4115513392857138
5,0.407449776785714
6,0.3904854910714286
7,0.37949218749999997
8,0.36824776785714264
