distance,accuracy
1,0.6421875000000004
2,0.7244466145833335
3,0.8591015625000019
4,0.9517089843750002
5,0.965494791666667
6,0.9873046875000001
7,1.0
