rank_position,accuracy
1,0.9443917410714276
2,0.7626953124999991
3,0.7422433035714283
4,0.7505022321428566
5,0.8070312499999986
6,0.8238002232142845
7,0.8204799107142835
8,0.8675502232142845
