{
  "eval_subjects": 77,
  "eval_repetitions": 10,
  "overall_accuracy": 0.6128478679073377,
  "learned_pairs_accuracy": 0.637175326925013,
  "nonlearned_pairs_accuracy": 0.6031168843002676,
  "consistent_error_subjects_80pct": 52,
  "consistent_error_subjects_80pct_ratio": 0.6753246753246753,
  "consistent_error_subjects_100pct": 26,
  "consistent_error_subjects_100pct_ratio": 0.33766233766233766,
  "mean_self_consistency_from_scores": 1.0,
  "mean_circular_triads_from_scores": 0.0,
  "mean_self_consistency_from_majority_choices": 0.8551948051948053,
  "mean_circular_triads_from_majority_choices": 2.896103896103896,
  "mean_inter_subject_kendall_tau": 0.23171565276828435,
  "distance_accuracy": {
    "1": 0.5287569592912476,
    "2": 0.580519483412628,
    "3": 0.6153246764625822,
    "4": 0.6587662336888251,
    "5": 0.7086580103480971,
    "6": 0.7090909082394141,
    "7": 0.7194805212996223
  },
  "reconstruction_loss_after_learning": 0.29062318801879883,
  "mean_update_gate": 0.47178953886032104,
  "mean_abs_final_score": 0.2413097470998764
}