distance,accuracy
1,0.5966604823747684
2,0.6798701298701298
3,0.7722077922077922
4,0.8685064935064933
5,0.9138528138528138
6,0.9318181818181818
7,0.9883116883116883
