rank_position,accuracy
1,0.8612244897959183
2,0.7139146567717994
3,0.6988868274582559
4,0.7254174397031536
5,0.7235621521335808
6,0.7736549165120592
7,0.7721706864564007
8,0.7838589981447124
