{
  "eval_subjects": 77,
  "eval_repetitions": 10,
  "overall_accuracy": 0.5993506531395253,
  "learned_pairs_accuracy": 0.6308441598621475,
  "nonlearned_pairs_accuracy": 0.5867532504504764,
  "consistent_error_subjects_80pct": 9,
  "consistent_error_subjects_80pct_ratio": 0.11688311688311688,
  "consistent_error_subjects_100pct": 1,
  "consistent_error_subjects_100pct_ratio": 0.012987012987012988,
  "mean_self_consistency_from_scores": 1.0,
  "mean_circular_triads_from_scores": 0.0,
  "mean_self_consistency_from_majority_choices": 0.7311688311688311,
  "mean_circular_triads_from_majority_choices": 5.376623376623376,
  "mean_inter_subject_kendall_tau": 0.8014842300556585,
  "distance_accuracy": {
    "1": 0.5267161454362639,
    "2": 0.5798701345436759,
    "3": 0.6031168886012845,
    "4": 0.636688315297489,
    "5": 0.6545454562355429,
    "6": 0.692857142392691,
    "7": 0.703896104902416
  },
  "reconstruction_loss_after_learning": 0.2225509136915207,
  "mean_update_gate": 0.4971883296966553,
  "mean_abs_final_score": 0.18031373620033264
}