{
  "model": "active_rank_hypothesis_attractor_sampler",
  "config": {
    "seed": 42,
    "eval_subjects": 77,
    "eval_repetitions": 10,
    "n_items": 8,
    "sigma_distance": 2.0,
    "order_bonus": 1.5,
    "posterior_temperature": 1.0,
    "edge_weight_concentration": 8.0,
    "distance_salience": 1.2,
    "anchor_bias": 0.0,
    "encoding_dropout": 0.0,
    "resource_log_mean": 0.0,
    "resource_log_sd": 0.6,
    "choice_beta": 2.2,
    "lapse": 0.03,
    "output_dir": "outputs_active_sampler_final"
  },
  "eval_subjects": 77,
  "eval_repetitions": 10,
  "overall_accuracy": 0.8540352582931519,
  "learned_pairs_accuracy": 0.9162337779998779,
  "nonlearned_pairs_accuracy": 0.8291558623313904,
  "consistent_error_subjects_80pct": 73,
  "consistent_error_subjects_80pct_ratio": 0.948051948051948,
  "consistent_error_subjects_100pct": 53,
  "consistent_error_subjects_100pct_ratio": 0.6883116883116883,
  "mean_self_consistency_from_majority_choices": 1.0,
  "mean_circular_triads_from_majority_choices": 0.0,
  "correct_ranking_subjects": 2,
  "self_consistent_incorrect_subjects": 75,
  "self_inconsistent_subjects": 0,
  "mean_inter_subject_kendall_tau": 0.6250366175178206,
  "distance_accuracy": {
    "1": 0.6879405975341797,
    "2": 0.8116883039474487,
    "3": 0.922597348690033,
    "4": 0.9444804787635803,
    "5": 0.9640693068504333,
    "6": 0.9772727489471436,
    "7": 0.9896103739738464
  },
  "serial_position_accuracy": {
    "1": 0.9276437759399414,
    "2": 0.8417440056800842,
    "3": 0.8319109082221985,
    "4": 0.8133581280708313,
    "5": 0.8239332437515259,
    "6": 0.8302412033081055,
    "7": 0.8489795327186584,
    "8": 0.9144712686538696
  },
  "beta_pair_category_counts": {
    "bimodal": 16,
    "high_accuracy": 12,
    "low_accuracy": 0,
    "unimodal": 0,
    "scipy_unavailable": 0
  },
  "mean_resource": 1.2341786623001099,
  "std_resource": 0.7660684585571289,
  "mean_posterior_entropy": 5.78139066696167
}