{
  "eval_subjects": 77,
  "eval_repetitions": 10,
  "overall_accuracy": 0.6219387779976474,
  "learned_pairs_accuracy": 0.6537337686818141,
  "nonlearned_pairs_accuracy": 0.6092207817239808,
  "consistent_error_subjects_80pct": 29,
  "consistent_error_subjects_80pct_ratio": 0.37662337662337664,
  "consistent_error_subjects_100pct": 6,
  "consistent_error_subjects_100pct_ratio": 0.07792207792207792,
  "mean_self_consistency_from_scores": 1.0,
  "mean_circular_triads_from_scores": 0.0,
  "mean_self_consistency_from_majority_choices": 0.8506493506493507,
  "mean_circular_triads_from_majority_choices": 2.987012987012987,
  "mean_inter_subject_kendall_tau": 0.7510985255346156,
  "distance_accuracy": {
    "1": 0.5224489842252962,
    "2": 0.5632034682414748,
    "3": 0.6470129903067242,
    "4": 0.6928571434328695,
    "5": 0.7320346302026278,
    "6": 0.7246753230400673,
    "7": 0.7259740229550894
  },
  "reconstruction_loss_after_learning": 0.15148434042930603,
  "mean_update_gate": 0.658031165599823,
  "mean_abs_final_score": 0.2827654480934143
}