{
  "C_eval_original_recalc": {
    "overall_accuracy": 0.59615028230387,
    "learned_pairs_accuracy": 0.6165584450369919,
    "nonlearned_pairs_accuracy": 0.5879870172106213,
    "consistent_error_subjects_80pct_ratio": 0.18181818181818182,
    "consistent_error_subjects_100pct_ratio": 0.012987012987012988,
    "mean_self_consistency_from_majority_choices": 0.7240259740259739,
    "mean_circular_triads_from_majority_choices": 5.51948051948052,
    "mean_inter_subject_kendall_tau": 0.5563421540865149,
    "distance_accuracy": {
      "1": 0.5406308027886283,
      "2": 0.562554117985618,
      "3": 0.5877922117129549,
      "4": 0.6282467568269023,
      "5": 0.6567099593999066,
      "6": 0.6844155853735162,
      "7": 0.7415584422551192
    }
  },
  "D_beta8": {
    "overall_accuracy": 0.647680892607332,
    "learned_pairs_accuracy": 0.6952922082953639,
    "nonlearned_pairs_accuracy": 0.6286363663321192,
    "consistent_error_subjects_80pct_ratio": 0.12987012987012986,
    "consistent_error_subjects_100pct_ratio": 0.05194805194805195,
    "mean_self_consistency_from_majority_choices": 0.868831168831169,
    "mean_circular_triads_from_majority_choices": 2.6233766233766236,
    "mean_inter_subject_kendall_tau": 0.6727370373986916,
    "distance_accuracy": {
      "1": 0.5495361828820604,
      "2": 0.6196969722062995,
      "3": 0.6615584444303018,
      "4": 0.6685064947595457,
      "5": 0.7359307349631281,
      "6": 0.8012986985313428,
      "7": 0.777922076451314
    }
  },
  "E_beta16": {
    "overall_accuracy": 0.6584879427954748,
    "learned_pairs_accuracy": 0.6907467543595023,
    "nonlearned_pairs_accuracy": 0.6455844181698638,
    "consistent_error_subjects_80pct_ratio": 0.2987012987012987,
    "consistent_error_subjects_100pct_ratio": 0.03896103896103896,
    "mean_self_consistency_from_majority_choices": 0.8850649350649351,
    "mean_circular_triads_from_majority_choices": 2.2987012987012987,
    "mean_inter_subject_kendall_tau": 0.6238160335904698,
    "distance_accuracy": {
      "1": 0.5419295041343277,
      "2": 0.624242427496812,
      "3": 0.6781818207788777,
      "4": 0.6957792209872564,
      "5": 0.7748917739886743,
      "6": 0.7967532469661205,
      "7": 0.8064935006104507
    }
  },
  "F_more_idio_beta16": {
    "overall_accuracy": 0.5916048264431599,
    "learned_pairs_accuracy": 0.6444805217906833,
    "nonlearned_pairs_accuracy": 0.5704545483041507,
    "consistent_error_subjects_80pct_ratio": 0.6883116883116883,
    "consistent_error_subjects_100pct_ratio": 0.3246753246753247,
    "mean_self_consistency_from_majority_choices": 0.8077922077922078,
    "mean_circular_triads_from_majority_choices": 3.844155844155844,
    "mean_inter_subject_kendall_tau": 0.3298017771701982,
    "distance_accuracy": {
      "1": 0.5304267195801566,
      "2": 0.576190479293272,
      "3": 0.5802597440295405,
      "4": 0.617207793905944,
      "5": 0.6385281406246223,
      "6": 0.7201298703137157,
      "7": 0.6688311693149728
    }
  },
  "G_strong_prior_beta16": {
    "overall_accuracy": 0.6418831177429056,
    "learned_pairs_accuracy": 0.6689935072821069,
    "nonlearned_pairs_accuracy": 0.6310389619272251,
    "consistent_error_subjects_80pct_ratio": 0.5454545454545454,
    "consistent_error_subjects_100pct_ratio": 0.22077922077922077,
    "mean_self_consistency_from_majority_choices": 0.907792207792208,
    "mean_circular_triads_from_majority_choices": 1.844155844155844,
    "mean_inter_subject_kendall_tau": 0.36158578263841423,
    "distance_accuracy": {
      "1": 0.5426716169062483,
      "2": 0.5891774913126772,
      "3": 0.6675324695837962,
      "4": 0.700649349454355,
      "5": 0.7502164469136821,
      "6": 0.7487012960694053,
      "7": 0.7506493519652974
    }
  }
}